address,name,kind,confidence,evidence_artifact,notes
0x02000800,sub_02000800,function,confirmed,analysis/arm9/boot-entry.json,ARM9 header entry; neutral semantic name
0x02000c60,sub_02000c60,function,candidate,analysis/functions/summary.json,ARM prologue heuristic only
0x02000d18,sub_02000d18,function,candidate,analysis/functions/summary.json,ARM prologue heuristic only
0x02000d30,sub_02000d30,function,candidate,analysis/functions/summary.json,ARM prologue heuristic only
0x02000d64,sub_02000d64,function,candidate,analysis/functions/summary.json,ARM prologue heuristic only
0x02000f8c,sub_02000f8c,function,candidate,analysis/functions/summary.json,ARM prologue heuristic only
0x0200119c,sub_0200119c,function,candidate,analysis/functions/summary.json,ARM prologue heuristic only
0x020011f4,sub_020011f4,function,candidate,analysis/functions/summary.json,ARM prologue heuristic only
0x0200124c,sub_0200124c,function,candidate,analysis/functions/summary.json,ARM prologue heuristic only
0x020012b4,sub_020012b4,function,candidate,analysis/functions/summary.json,ARM prologue heuristic only
0x02001310,sub_02001310,function,candidate,analysis/functions/summary.json,ARM prologue heuristic only
0x02001368,sub_02001368,function,candidate,analysis/functions/summary.json,ARM prologue heuristic only
0x020013c8,sub_020013c8,function,candidate,analysis/functions/summary.json,ARM prologue heuristic only
0x02001460,sub_02001460,function,candidate,analysis/functions/summary.json,ARM prologue heuristic only
0x0200149c,sub_0200149c,function,candidate,analysis/functions/summary.json,ARM prologue heuristic only
0x020014d8,sub_020014d8,function,candidate,analysis/functions/summary.json,ARM prologue heuristic only
0x02001510,sub_02001510,function,candidate,analysis/functions/summary.json,ARM prologue heuristic only
0x020015e8,sub_020015e8,function,candidate,analysis/functions/summary.json,ARM prologue heuristic only
0x02001620,sub_02001620,function,candidate,analysis/functions/summary.json,ARM prologue heuristic only
0x02001658,sub_02001658,function,candidate,analysis/functions/summary.json,ARM prologue heuristic only
0x0200166c,sub_0200166c,function,candidate,analysis/functions/summary.json,ARM prologue heuristic only
0x020016bc,sub_020016bc,function,candidate,analysis/functions/summary.json,ARM prologue heuristic only
0x02001700,sub_02001700,function,candidate,analysis/functions/summary.json,ARM prologue heuristic only
0x0200172c,sub_0200172c,function,candidate,analysis/functions/summary.json,ARM prologue heuristic only
0x02001740,sub_02001740,function,candidate,analysis/functions/summary.json,ARM prologue heuristic only
0x0200175c,sub_0200175c,function,candidate,analysis/functions/summary.json,ARM prologue heuristic only
0x020017a0,sub_020017a0,function,candidate,analysis/functions/summary.json,ARM prologue heuristic only
0x02001858,sub_02001858,function,candidate,analysis/functions/summary.json,ARM prologue heuristic only
0x020018c4,sub_020018c4,function,candidate,analysis/functions/summary.json,ARM prologue heuristic only
0x020018f4,sub_020018f4,function,candidate,analysis/functions/summary.json,ARM prologue heuristic only
0x02001974,sub_02001974,function,candidate,analysis/functions/summary.json,ARM prologue heuristic only
0x02001a00,sub_02001a00,function,candidate,analysis/functions/summary.json,ARM prologue heuristic only
0x02001a64,sub_02001a64,function,candidate,analysis/functions/summary.json,ARM prologue heuristic only
0x02001a7c,sub_02001a7c,function,candidate,analysis/functions/summary.json,ARM prologue heuristic only
0x02001af0,sub_02001af0,function,candidate,analysis/functions/summary.json,ARM prologue heuristic only
0x02001b54,sub_02001b54,function,candidate,analysis/functions/summary.json,ARM prologue heuristic only
0x02001b80,sub_02001b80,function,candidate,analysis/functions/summary.json,ARM prologue heuristic only
0x02001bd4,sub_02001bd4,function,candidate,analysis/functions/summary.json,ARM prologue heuristic only
0x02001c14,sub_02001c14,function,candidate,analysis/functions/summary.json,ARM prologue heuristic only
0x02001c44,sub_02001c44,function,candidate,analysis/functions/summary.json,ARM prologue heuristic only
0x02001c74,sub_02001c74,function,candidate,analysis/functions/summary.json,ARM prologue heuristic only
0x02001ca4,sub_02001ca4,function,candidate,analysis/functions/summary.json,ARM prologue heuristic only
0x02001ce4,sub_02001ce4,function,candidate,analysis/functions/summary.json,ARM prologue heuristic only
0x02001d1c,sub_02001d1c,function,candidate,analysis/functions/summary.json,ARM prologue heuristic only
0x02001d60,sub_02001d60,function,candidate,analysis/functions/summary.json,ARM prologue heuristic only
0x02001d94,sub_02001d94,function,candidate,analysis/functions/summary.json,ARM prologue heuristic only
0x02001dcc,sub_02001dcc,function,candidate,analysis/functions/summary.json,ARM prologue heuristic only
0x02001e04,sub_02001e04,function,candidate,analysis/functions/summary.json,ARM prologue heuristic only
0x02001e54,sub_02001e54,function,candidate,analysis/functions/summary.json,ARM prologue heuristic only
0x02001e90,sub_02001e90,function,candidate,analysis/functions/summary.json,ARM prologue heuristic only
0x02001ec0,sub_02001ec0,function,candidate,analysis/functions/summary.json,ARM prologue heuristic only
0x02001efc,sub_02001efc,function,candidate,analysis/functions/summary.json,ARM prologue heuristic only
0x02001f44,sub_02001f44,function,candidate,analysis/functions/summary.json,ARM prologue heuristic only
0x02001f8c,sub_02001f8c,function,candidate,analysis/functions/summary.json,ARM prologue heuristic only
0x02002004,sub_02002004,function,candidate,analysis/functions/summary.json,ARM prologue heuristic only
0x02002074,sub_02002074,function,candidate,analysis/functions/summary.json,ARM prologue heuristic only
0x02002088,sub_02002088,function,candidate,analysis/functions/summary.json,ARM prologue heuristic only
0x02002124,sub_02002124,function,candidate,analysis/functions/summary.json,ARM prologue heuristic only
0x02002340,sub_02002340,function,candidate,analysis/functions/summary.json,ARM prologue heuristic only
0x02002370,sub_02002370,function,candidate,analysis/functions/summary.json,ARM prologue heuristic only
0x020023e0,sub_020023e0,function,candidate,analysis/functions/summary.json,ARM prologue heuristic only
0x02002408,sub_02002408,function,candidate,analysis/functions/summary.json,ARM prologue heuristic only
0x0200255c,sub_0200255c,function,candidate,analysis/functions/summary.json,ARM prologue heuristic only
0x020025e0,sub_020025e0,function,candidate,analysis/functions/summary.json,ARM prologue heuristic only
0x02002640,sub_02002640,function,candidate,analysis/functions/summary.json,ARM prologue heuristic only
0x020026d8,sub_020026d8,function,candidate,analysis/functions/summary.json,ARM prologue heuristic only
0x02002714,sub_02002714,function,candidate,analysis/functions/summary.json,ARM prologue heuristic only
0x02002794,sub_02002794,function,candidate,analysis/functions/summary.json,ARM prologue heuristic only
0x02002878,sub_02002878,function,candidate,analysis/functions/summary.json,ARM prologue heuristic only
0x02002f64,sub_02002f64,function,candidate,analysis/functions/summary.json,ARM prologue heuristic only
0x0200353c,sub_0200353c,function,candidate,analysis/functions/summary.json,ARM prologue heuristic only
0x02003a50,sub_02003a50,function,candidate,analysis/functions/summary.json,ARM prologue heuristic only
0x02003a88,sub_02003a88,function,candidate,analysis/functions/summary.json,ARM prologue heuristic only
0x02003bb4,sub_02003bb4,function,candidate,analysis/functions/summary.json,ARM prologue heuristic only
0x02003c10,sub_02003c10,function,candidate,analysis/functions/summary.json,ARM prologue heuristic only
0x02003c40,sub_02003c40,function,candidate,analysis/functions/summary.json,ARM prologue heuristic only
0x02003c84,sub_02003c84,function,candidate,analysis/functions/summary.json,ARM prologue heuristic only
0x02003cb4,sub_02003cb4,function,candidate,analysis/functions/summary.json,ARM prologue heuristic only
0x02003cfc,sub_02003cfc,function,candidate,analysis/functions/summary.json,ARM prologue heuristic only
0x02003dc8,sub_02003dc8,function,candidate,analysis/functions/summary.json,ARM prologue heuristic only
0x02003f8c,sub_02003f8c,function,candidate,analysis/functions/summary.json,ARM prologue heuristic only
0x02004054,sub_02004054,function,candidate,analysis/functions/summary.json,ARM prologue heuristic only
0x020041c8,sub_020041c8,function,candidate,analysis/functions/summary.json,ARM prologue heuristic only
0x020041e4,sub_020041e4,function,candidate,analysis/functions/summary.json,ARM prologue heuristic only
0x02004200,sub_02004200,function,candidate,analysis/functions/summary.json,ARM prologue heuristic only
0x02004218,sub_02004218,function,candidate,analysis/functions/summary.json,ARM prologue heuristic only
0x02004260,sub_02004260,function,candidate,analysis/functions/summary.json,ARM prologue heuristic only
0x020042a4,sub_020042a4,function,candidate,analysis/functions/summary.json,ARM prologue heuristic only
0x020042f4,sub_020042f4,function,candidate,analysis/functions/summary.json,ARM prologue heuristic only
0x02004338,sub_02004338,function,candidate,analysis/functions/summary.json,ARM prologue heuristic only
0x020043d4,sub_020043d4,function,candidate,analysis/functions/summary.json,ARM prologue heuristic only
0x02004498,sub_02004498,function,candidate,analysis/functions/summary.json,ARM prologue heuristic only
0x020044e0,sub_020044e0,function,candidate,analysis/functions/summary.json,ARM prologue heuristic only
0x020045b0,sub_020045b0,function,candidate,analysis/functions/summary.json,ARM prologue heuristic only
0x020045e8,sub_020045e8,function,candidate,analysis/functions/summary.json,ARM prologue heuristic only
0x02004608,sub_02004608,function,candidate,analysis/functions/summary.json,ARM prologue heuristic only
0x02004628,sub_02004628,function,candidate,analysis/functions/summary.json,ARM prologue heuristic only
0x02004674,sub_02004674,function,candidate,analysis/functions/summary.json,ARM prologue heuristic only
0x020046d4,sub_020046d4,function,candidate,analysis/functions/summary.json,ARM prologue heuristic only
0x020046fc,sub_020046fc,function,candidate,analysis/functions/summary.json,ARM prologue heuristic only
0x02004740,sub_02004740,function,candidate,analysis/functions/summary.json,ARM prologue heuristic only
0x0200478c,sub_0200478c,function,candidate,analysis/functions/summary.json,ARM prologue heuristic only
0x02004844,sub_02004844,function,candidate,analysis/functions/summary.json,ARM prologue heuristic only
0x02004884,sub_02004884,function,candidate,analysis/functions/summary.json,ARM prologue heuristic only
0x020048d8,sub_020048d8,function,candidate,analysis/functions/summary.json,ARM prologue heuristic only
0x02004904,sub_02004904,function,candidate,analysis/functions/summary.json,ARM prologue heuristic only
0x02004950,sub_02004950,function,candidate,analysis/functions/summary.json,ARM prologue heuristic only
0x02004998,sub_02004998,function,candidate,analysis/functions/summary.json,ARM prologue heuristic only
0x02004af0,sub_02004af0,function,candidate,analysis/functions/summary.json,ARM prologue heuristic only
0x02004b38,sub_02004b38,function,candidate,analysis/functions/summary.json,ARM prologue heuristic only
0x020051a8,sub_020051a8,function,candidate,analysis/functions/summary.json,ARM prologue heuristic only
0x02005214,sub_02005214,function,candidate,analysis/functions/summary.json,ARM prologue heuristic only
0x02005248,sub_02005248,function,candidate,analysis/functions/summary.json,ARM prologue heuristic only
0x0200525c,sub_0200525c,function,candidate,analysis/functions/summary.json,ARM prologue heuristic only
0x0200532c,sub_0200532c,function,candidate,analysis/functions/summary.json,ARM prologue heuristic only
0x020053e0,sub_020053e0,function,candidate,analysis/functions/summary.json,ARM prologue heuristic only
0x0200579c,sub_0200579c,function,candidate,analysis/functions/summary.json,ARM prologue heuristic only
0x02005870,sub_02005870,function,candidate,analysis/functions/summary.json,ARM prologue heuristic only
0x02005978,sub_02005978,function,candidate,analysis/functions/summary.json,ARM prologue heuristic only
0x02005a38,sub_02005a38,function,candidate,analysis/functions/summary.json,ARM prologue heuristic only
0x02005e88,sub_02005e88,function,candidate,analysis/functions/summary.json,ARM prologue heuristic only
0x0200641c,sub_0200641c,function,candidate,analysis/functions/summary.json,ARM prologue heuristic only
0x020066ac,sub_020066ac,function,candidate,analysis/functions/summary.json,ARM prologue heuristic only
0x020068cc,sub_020068cc,function,candidate,analysis/functions/summary.json,ARM prologue heuristic only
0x02006adc,sub_02006adc,function,candidate,analysis/functions/summary.json,ARM prologue heuristic only
0x02006cec,sub_02006cec,function,candidate,analysis/functions/summary.json,ARM prologue heuristic only
0x02007a0c,sub_02007a0c,function,candidate,analysis/functions/summary.json,ARM prologue heuristic only
0x02007aa4,sub_02007aa4,function,candidate,analysis/functions/summary.json,ARM prologue heuristic only
0x02007ad4,sub_02007ad4,function,candidate,analysis/functions/summary.json,ARM prologue heuristic only
0x02007b04,sub_02007b04,function,candidate,analysis/functions/summary.json,ARM prologue heuristic only
0x02007b1c,sub_02007b1c,function,candidate,analysis/functions/summary.json,ARM prologue heuristic only
0x02007b50,sub_02007b50,function,candidate,analysis/functions/summary.json,ARM prologue heuristic only
0x02007b64,sub_02007b64,function,candidate,analysis/functions/summary.json,ARM prologue heuristic only
0x02007be0,sub_02007be0,function,candidate,analysis/functions/summary.json,ARM prologue heuristic only
0x02007cb4,sub_02007cb4,function,candidate,analysis/functions/summary.json,ARM prologue heuristic only
0x02007d28,sub_02007d28,function,candidate,analysis/functions/summary.json,ARM prologue heuristic only
0x02007d9c,sub_02007d9c,function,candidate,analysis/functions/summary.json,ARM prologue heuristic only
0x02007e2c,sub_02007e2c,function,candidate,analysis/functions/summary.json,ARM prologue heuristic only
0x02007f24,sub_02007f24,function,candidate,analysis/functions/summary.json,ARM prologue heuristic only
0x02007f60,sub_02007f60,function,candidate,analysis/functions/summary.json,ARM prologue heuristic only
0x02007fa4,sub_02007fa4,function,candidate,analysis/functions/summary.json,ARM prologue heuristic only
0x02007ffc,sub_02007ffc,function,candidate,analysis/functions/summary.json,ARM prologue heuristic only
0x0200807c,sub_0200807c,function,candidate,analysis/functions/summary.json,ARM prologue heuristic only
0x020080f0,sub_020080f0,function,candidate,analysis/functions/summary.json,ARM prologue heuristic only
0x020081dc,sub_020081dc,function,candidate,analysis/functions/summary.json,ARM prologue heuristic only
0x020081f4,sub_020081f4,function,candidate,analysis/functions/summary.json,ARM prologue heuristic only
0x02008214,sub_02008214,function,candidate,analysis/functions/summary.json,ARM prologue heuristic only
0x02008294,sub_02008294,function,candidate,analysis/functions/summary.json,ARM prologue heuristic only
0x02008330,sub_02008330,function,candidate,analysis/functions/summary.json,ARM prologue heuristic only
0x020083f8,sub_020083f8,function,candidate,analysis/functions/summary.json,ARM prologue heuristic only
0x02008424,sub_02008424,function,candidate,analysis/functions/summary.json,ARM prologue heuristic only
0x02008450,sub_02008450,function,candidate,analysis/functions/summary.json,ARM prologue heuristic only
0x02008484,sub_02008484,function,candidate,analysis/functions/summary.json,ARM prologue heuristic only
0x020084b0,sub_020084b0,function,candidate,analysis/functions/summary.json,ARM prologue heuristic only
0x020084dc,sub_020084dc,function,candidate,analysis/functions/summary.json,ARM prologue heuristic only
0x02008504,sub_02008504,function,candidate,analysis/functions/summary.json,ARM prologue heuristic only
0x02008530,sub_02008530,function,candidate,analysis/functions/summary.json,ARM prologue heuristic only
0x0200855c,sub_0200855c,function,candidate,analysis/functions/summary.json,ARM prologue heuristic only
0x02008584,sub_02008584,function,candidate,analysis/functions/summary.json,ARM prologue heuristic only
0x020086b0,sub_020086b0,function,candidate,analysis/functions/summary.json,ARM prologue heuristic only
0x020086f4,sub_020086f4,function,candidate,analysis/functions/summary.json,ARM prologue heuristic only
0x02008738,sub_02008738,function,candidate,analysis/functions/summary.json,ARM prologue heuristic only
0x02008760,sub_02008760,function,candidate,analysis/functions/summary.json,ARM prologue heuristic only
0x020087cc,sub_020087cc,function,candidate,analysis/functions/summary.json,ARM prologue heuristic only
0x020087f8,sub_020087f8,function,candidate,analysis/functions/summary.json,ARM prologue heuristic only
0x02008824,sub_02008824,function,candidate,analysis/functions/summary.json,ARM prologue heuristic only
0x02008848,sub_02008848,function,candidate,analysis/functions/summary.json,ARM prologue heuristic only
0x02008894,sub_02008894,function,candidate,analysis/functions/summary.json,ARM prologue heuristic only
0x020088c0,sub_020088c0,function,candidate,analysis/functions/summary.json,ARM prologue heuristic only
0x020088ec,sub_020088ec,function,candidate,analysis/functions/summary.json,ARM prologue heuristic only
0x02008900,sub_02008900,function,candidate,analysis/functions/summary.json,ARM prologue heuristic only
0x02008960,sub_02008960,function,candidate,analysis/functions/summary.json,ARM prologue heuristic only
0x0200898c,sub_0200898c,function,candidate,analysis/functions/summary.json,ARM prologue heuristic only
0x020089b8,sub_020089b8,function,candidate,analysis/functions/summary.json,ARM prologue heuristic only
0x020089cc,sub_020089cc,function,candidate,analysis/functions/summary.json,ARM prologue heuristic only
0x020089ec,sub_020089ec,function,candidate,analysis/functions/summary.json,ARM prologue heuristic only
0x02008a0c,sub_02008a0c,function,candidate,analysis/functions/summary.json,ARM prologue heuristic only
0x02008a78,sub_02008a78,function,candidate,analysis/functions/summary.json,ARM prologue heuristic only
0x02008aa4,sub_02008aa4,function,candidate,analysis/functions/summary.json,ARM prologue heuristic only
0x02008ad8,sub_02008ad8,function,candidate,analysis/functions/summary.json,ARM prologue heuristic only
0x02008b1c,sub_02008b1c,function,candidate,analysis/functions/summary.json,ARM prologue heuristic only
0x02008b60,sub_02008b60,function,candidate,analysis/functions/summary.json,ARM prologue heuristic only
0x02008c68,sub_02008c68,function,candidate,analysis/functions/summary.json,ARM prologue heuristic only
0x02008cac,sub_02008cac,function,candidate,analysis/functions/summary.json,ARM prologue heuristic only
0x02008cf0,sub_02008cf0,function,candidate,analysis/functions/summary.json,ARM prologue heuristic only
0x02008d20,sub_02008d20,function,candidate,analysis/functions/summary.json,ARM prologue heuristic only
0x02008d8c,sub_02008d8c,function,candidate,analysis/functions/summary.json,ARM prologue heuristic only
0x02008db8,sub_02008db8,function,candidate,analysis/functions/summary.json,ARM prologue heuristic only
0x02008dec,sub_02008dec,function,candidate,analysis/functions/summary.json,ARM prologue heuristic only
0x02008e6c,sub_02008e6c,function,candidate,analysis/functions/summary.json,ARM prologue heuristic only
0x02008ea0,sub_02008ea0,function,candidate,analysis/functions/summary.json,ARM prologue heuristic only
0x02008edc,sub_02008edc,function,candidate,analysis/functions/summary.json,ARM prologue heuristic only
0x02008f40,sub_02008f40,function,candidate,analysis/functions/summary.json,ARM prologue heuristic only
0x02008fb0,sub_02008fb0,function,candidate,analysis/functions/summary.json,ARM prologue heuristic only
0x020091a4,sub_020091a4,function,candidate,analysis/functions/summary.json,ARM prologue heuristic only
0x020091d0,sub_020091d0,function,candidate,analysis/functions/summary.json,ARM prologue heuristic only
0x02009258,sub_02009258,function,candidate,analysis/functions/summary.json,ARM prologue heuristic only
0x02009280,sub_02009280,function,candidate,analysis/functions/summary.json,ARM prologue heuristic only
0x020092c4,sub_020092c4,function,candidate,analysis/functions/summary.json,ARM prologue heuristic only
0x02009308,sub_02009308,function,candidate,analysis/functions/summary.json,ARM prologue heuristic only
0x02009448,sub_02009448,function,candidate,analysis/functions/summary.json,ARM prologue heuristic only
0x02009474,sub_02009474,function,candidate,analysis/functions/summary.json,ARM prologue heuristic only
0x020094a0,sub_020094a0,function,candidate,analysis/functions/summary.json,ARM prologue heuristic only
0x020094c4,sub_020094c4,function,candidate,analysis/functions/summary.json,ARM prologue heuristic only
0x0200950c,sub_0200950c,function,candidate,analysis/functions/summary.json,ARM prologue heuristic only
0x02009538,sub_02009538,function,candidate,analysis/functions/summary.json,ARM prologue heuristic only
0x02009584,sub_02009584,function,candidate,analysis/functions/summary.json,ARM prologue heuristic only
0x02009598,sub_02009598,function,candidate,analysis/functions/summary.json,ARM prologue heuristic only
0x020095b0,sub_020095b0,function,candidate,analysis/functions/summary.json,ARM prologue heuristic only
0x020095c8,sub_020095c8,function,candidate,analysis/functions/summary.json,ARM prologue heuristic only
0x020095e0,sub_020095e0,function,candidate,analysis/functions/summary.json,ARM prologue heuristic only
0x020095f8,sub_020095f8,function,candidate,analysis/functions/summary.json,ARM prologue heuristic only
0x02009610,sub_02009610,function,candidate,analysis/functions/summary.json,ARM prologue heuristic only
0x02009628,sub_02009628,function,candidate,analysis/functions/summary.json,ARM prologue heuristic only
0x02009640,sub_02009640,function,candidate,analysis/functions/summary.json,ARM prologue heuristic only
0x02009660,sub_02009660,function,candidate,analysis/functions/summary.json,ARM prologue heuristic only
0x02009678,sub_02009678,function,candidate,analysis/functions/summary.json,ARM prologue heuristic only
0x02009690,sub_02009690,function,candidate,analysis/functions/summary.json,ARM prologue heuristic only
0x020096a8,sub_020096a8,function,candidate,analysis/functions/summary.json,ARM prologue heuristic only
0x020096bc,sub_020096bc,function,candidate,analysis/functions/summary.json,ARM prologue heuristic only
0x020096d4,sub_020096d4,function,candidate,analysis/functions/summary.json,ARM prologue heuristic only
0x020096ec,sub_020096ec,function,candidate,analysis/functions/summary.json,ARM prologue heuristic only
0x02009700,sub_02009700,function,candidate,analysis/functions/summary.json,ARM prologue heuristic only
0x02009718,sub_02009718,function,candidate,analysis/functions/summary.json,ARM prologue heuristic only
0x02009730,sub_02009730,function,candidate,analysis/functions/summary.json,ARM prologue heuristic only
0x02009748,sub_02009748,function,candidate,analysis/functions/summary.json,ARM prologue heuristic only
0x02009768,sub_02009768,function,candidate,analysis/functions/summary.json,ARM prologue heuristic only
0x020097a8,sub_020097a8,function,candidate,analysis/functions/summary.json,ARM prologue heuristic only
0x020097d8,sub_020097d8,function,candidate,analysis/functions/summary.json,ARM prologue heuristic only
0x02009838,sub_02009838,function,candidate,analysis/functions/summary.json,ARM prologue heuristic only
0x02009898,sub_02009898,function,candidate,analysis/functions/summary.json,ARM prologue heuristic only
0x020098cc,sub_020098cc,function,candidate,analysis/functions/summary.json,ARM prologue heuristic only
0x020098f0,sub_020098f0,function,candidate,analysis/functions/summary.json,ARM prologue heuristic only
0x02009954,sub_02009954,function,candidate,analysis/functions/summary.json,ARM prologue heuristic only
0x020099dc,sub_020099dc,function,candidate,analysis/functions/summary.json,ARM prologue heuristic only
0x02009a1c,sub_02009a1c,function,candidate,analysis/functions/summary.json,ARM prologue heuristic only
0x02009a6c,sub_02009a6c,function,candidate,analysis/functions/summary.json,ARM prologue heuristic only
0x02009ab4,sub_02009ab4,function,candidate,analysis/functions/summary.json,ARM prologue heuristic only
0x02009b08,sub_02009b08,function,candidate,analysis/functions/summary.json,ARM prologue heuristic only
0x02009b58,sub_02009b58,function,candidate,analysis/functions/summary.json,ARM prologue heuristic only
0x02009ba8,sub_02009ba8,function,candidate,analysis/functions/summary.json,ARM prologue heuristic only
0x02009bf0,sub_02009bf0,function,candidate,analysis/functions/summary.json,ARM prologue heuristic only
0x02009c40,sub_02009c40,function,candidate,analysis/functions/summary.json,ARM prologue heuristic only
0x02009c7c,sub_02009c7c,function,candidate,analysis/functions/summary.json,ARM prologue heuristic only
0x02009cd0,sub_02009cd0,function,candidate,analysis/functions/summary.json,ARM prologue heuristic only
0x02009d14,sub_02009d14,function,candidate,analysis/functions/summary.json,ARM prologue heuristic only
0x02009d34,sub_02009d34,function,candidate,analysis/functions/summary.json,ARM prologue heuristic only
0x02009d74,sub_02009d74,function,candidate,analysis/functions/summary.json,ARM prologue heuristic only
0x02009dc4,sub_02009dc4,function,candidate,analysis/functions/summary.json,ARM prologue heuristic only
0x02009e0c,sub_02009e0c,function,candidate,analysis/functions/summary.json,ARM prologue heuristic only
0x02009e5c,sub_02009e5c,function,candidate,analysis/functions/summary.json,ARM prologue heuristic only
0x02009e84,sub_02009e84,function,candidate,analysis/functions/summary.json,ARM prologue heuristic only
0x02009ed8,sub_02009ed8,function,candidate,analysis/functions/summary.json,ARM prologue heuristic only
0x02009efc,sub_02009efc,function,candidate,analysis/functions/summary.json,ARM prologue heuristic only
0x02009f20,sub_02009f20,function,candidate,analysis/functions/summary.json,ARM prologue heuristic only
0x02009fa8,sub_02009fa8,function,candidate,analysis/functions/summary.json,ARM prologue heuristic only
0x0200a0a4,sub_0200a0a4,function,candidate,analysis/functions/summary.json,ARM prologue heuristic only
0x0200a148,sub_0200a148,function,candidate,analysis/functions/summary.json,ARM prologue heuristic only
0x0200a1a8,sub_0200a1a8,function,candidate,analysis/functions/summary.json,ARM prologue heuristic only
0x0200a324,sub_0200a324,function,candidate,analysis/functions/summary.json,ARM prologue heuristic only
0x0200a3ac,sub_0200a3ac,function,candidate,analysis/functions/summary.json,ARM prologue heuristic only
0x0200a46c,sub_0200a46c,function,candidate,analysis/functions/summary.json,ARM prologue heuristic only
0x0200a50c,sub_0200a50c,function,candidate,analysis/functions/summary.json,ARM prologue heuristic only
0x0200a528,sub_0200a528,function,candidate,analysis/functions/summary.json,ARM prologue heuristic only
0x0200a718,sub_0200a718,function,candidate,analysis/functions/summary.json,ARM prologue heuristic only
0x0200a728,sub_0200a728,function,candidate,analysis/functions/summary.json,ARM prologue heuristic only
0x0200a764,sub_0200a764,function,candidate,analysis/functions/summary.json,ARM prologue heuristic only
0x0200a7dc,sub_0200a7dc,function,candidate,analysis/functions/summary.json,ARM prologue heuristic only
0x0200aa60,sub_0200aa60,function,candidate,analysis/functions/summary.json,ARM prologue heuristic only
0x0200aab4,sub_0200aab4,function,candidate,analysis/functions/summary.json,ARM prologue heuristic only
0x0200ab10,sub_0200ab10,function,candidate,analysis/functions/summary.json,ARM prologue heuristic only
0x0200ab64,sub_0200ab64,function,candidate,analysis/functions/summary.json,ARM prologue heuristic only
0x0200abbc,sub_0200abbc,function,candidate,analysis/functions/summary.json,ARM prologue heuristic only
0x0200ac24,sub_0200ac24,function,candidate,analysis/functions/summary.json,ARM prologue heuristic only
0x0200ac8c,sub_0200ac8c,function,candidate,analysis/functions/summary.json,ARM prologue heuristic only
0x0200b5c0,sub_0200b5c0,function,candidate,analysis/functions/summary.json,ARM prologue heuristic only
0x0200b634,sub_0200b634,function,candidate,analysis/functions/summary.json,ARM prologue heuristic only
0x0200b668,sub_0200b668,function,candidate,analysis/functions/summary.json,ARM prologue heuristic only
0x0200b700,sub_0200b700,function,candidate,analysis/functions/summary.json,ARM prologue heuristic only
0x0200b724,sub_0200b724,function,candidate,analysis/functions/summary.json,ARM prologue heuristic only
0x0200b760,sub_0200b760,function,candidate,analysis/functions/summary.json,ARM prologue heuristic only
0x0200b874,sub_0200b874,function,candidate,analysis/functions/summary.json,ARM prologue heuristic only
0x0200b8a8,sub_0200b8a8,function,candidate,analysis/functions/summary.json,ARM prologue heuristic only
0x0200b8dc,sub_0200b8dc,function,candidate,analysis/functions/summary.json,ARM prologue heuristic only
0x0200b900,sub_0200b900,function,candidate,analysis/functions/summary.json,ARM prologue heuristic only
0x0200b934,sub_0200b934,function,candidate,analysis/functions/summary.json,ARM prologue heuristic only
0x0200b974,sub_0200b974,function,candidate,analysis/functions/summary.json,ARM prologue heuristic only
0x0200b9bc,sub_0200b9bc,function,candidate,analysis/functions/summary.json,ARM prologue heuristic only
0x0200ba24,sub_0200ba24,function,candidate,analysis/functions/summary.json,ARM prologue heuristic only
0x0200ba48,sub_0200ba48,function,candidate,analysis/functions/summary.json,ARM prologue heuristic only
0x0200bd78,sub_0200bd78,function,candidate,analysis/functions/summary.json,ARM prologue heuristic only
0x0200bdac,sub_0200bdac,function,candidate,analysis/functions/summary.json,ARM prologue heuristic only
0x0200be00,sub_0200be00,function,candidate,analysis/functions/summary.json,ARM prologue heuristic only
0x0200be14,sub_0200be14,function,candidate,analysis/functions/summary.json,ARM prologue heuristic only
0x0200bf20,sub_0200bf20,function,candidate,analysis/functions/summary.json,ARM prologue heuristic only
0x0200bf58,sub_0200bf58,function,candidate,analysis/functions/summary.json,ARM prologue heuristic only
0x0200c06c,sub_0200c06c,function,candidate,analysis/functions/summary.json,ARM prologue heuristic only
0x0200c124,sub_0200c124,function,candidate,analysis/functions/summary.json,ARM prologue heuristic only
0x0200c148,sub_0200c148,function,candidate,analysis/functions/summary.json,ARM prologue heuristic only
0x0200c1e4,sub_0200c1e4,function,candidate,analysis/functions/summary.json,ARM prologue heuristic only
0x0200c240,sub_0200c240,function,candidate,analysis/functions/summary.json,ARM prologue heuristic only
0x0200c254,sub_0200c254,function,candidate,analysis/functions/summary.json,ARM prologue heuristic only
0x0200c280,sub_0200c280,function,candidate,analysis/functions/summary.json,ARM prologue heuristic only
0x0200c2ac,sub_0200c2ac,function,candidate,analysis/functions/summary.json,ARM prologue heuristic only
0x0200c3bc,sub_0200c3bc,function,candidate,analysis/functions/summary.json,ARM prologue heuristic only
0x0200c3e0,sub_0200c3e0,function,candidate,analysis/functions/summary.json,ARM prologue heuristic only
0x0200c45c,sub_0200c45c,function,candidate,analysis/functions/summary.json,ARM prologue heuristic only
0x0200c470,sub_0200c470,function,candidate,analysis/functions/summary.json,ARM prologue heuristic only
0x0200c678,sub_0200c678,function,candidate,analysis/functions/summary.json,ARM prologue heuristic only
0x0200c780,sub_0200c780,function,candidate,analysis/functions/summary.json,ARM prologue heuristic only
0x0200c8d0,sub_0200c8d0,function,candidate,analysis/functions/summary.json,ARM prologue heuristic only
0x0200c9c8,sub_0200c9c8,function,candidate,analysis/functions/summary.json,ARM prologue heuristic only
0x0200cb1c,sub_0200cb1c,function,candidate,analysis/functions/summary.json,ARM prologue heuristic only
0x0200ce3c,sub_0200ce3c,function,candidate,analysis/functions/summary.json,ARM prologue heuristic only
0x0200d158,sub_0200d158,function,candidate,analysis/functions/summary.json,ARM prologue heuristic only
0x0200d464,sub_0200d464,function,candidate,analysis/functions/summary.json,ARM prologue heuristic only
0x0200d488,sub_0200d488,function,candidate,analysis/functions/summary.json,ARM prologue heuristic only
0x0200d4b0,sub_0200d4b0,function,candidate,analysis/functions/summary.json,ARM prologue heuristic only
0x0200d4d8,sub_0200d4d8,function,candidate,analysis/functions/summary.json,ARM prologue heuristic only
0x0200d4f8,sub_0200d4f8,function,candidate,analysis/functions/summary.json,ARM prologue heuristic only
0x0200d544,sub_0200d544,function,candidate,analysis/functions/summary.json,ARM prologue heuristic only
0x0200d57c,sub_0200d57c,function,candidate,analysis/functions/summary.json,ARM prologue heuristic only
0x0200d5b8,sub_0200d5b8,function,candidate,analysis/functions/summary.json,ARM prologue heuristic only
0x0200d5e4,sub_0200d5e4,function,candidate,analysis/functions/summary.json,ARM prologue heuristic only
0x0200d610,sub_0200d610,function,candidate,analysis/functions/summary.json,ARM prologue heuristic only
0x0200d65c,sub_0200d65c,function,candidate,analysis/functions/summary.json,ARM prologue heuristic only
0x0200d680,sub_0200d680,function,candidate,analysis/functions/summary.json,ARM prologue heuristic only
0x0200d6a8,sub_0200d6a8,function,candidate,analysis/functions/summary.json,ARM prologue heuristic only
0x0200d6c4,sub_0200d6c4,function,candidate,analysis/functions/summary.json,ARM prologue heuristic only
0x0200d70c,sub_0200d70c,function,candidate,analysis/functions/summary.json,ARM prologue heuristic only
0x0200d74c,sub_0200d74c,function,candidate,analysis/functions/summary.json,ARM prologue heuristic only
0x0200d78c,sub_0200d78c,function,candidate,analysis/functions/summary.json,ARM prologue heuristic only
0x0200d884,sub_0200d884,function,candidate,analysis/functions/summary.json,ARM prologue heuristic only
0x0200d8a8,sub_0200d8a8,function,candidate,analysis/functions/summary.json,ARM prologue heuristic only
0x0200d90c,sub_0200d90c,function,candidate,analysis/functions/summary.json,ARM prologue heuristic only
0x0200d960,sub_0200d960,function,candidate,analysis/functions/summary.json,ARM prologue heuristic only
0x0200d9c0,sub_0200d9c0,function,candidate,analysis/functions/summary.json,ARM prologue heuristic only
0x0200da08,sub_0200da08,function,candidate,analysis/functions/summary.json,ARM prologue heuristic only
0x0200da40,sub_0200da40,function,candidate,analysis/functions/summary.json,ARM prologue heuristic only
0x0200da90,sub_0200da90,function,candidate,analysis/functions/summary.json,ARM prologue heuristic only
0x0200dbd4,sub_0200dbd4,function,candidate,analysis/functions/summary.json,ARM prologue heuristic only
0x0200dc74,sub_0200dc74,function,candidate,analysis/functions/summary.json,ARM prologue heuristic only
0x0200de54,sub_0200de54,function,candidate,analysis/functions/summary.json,ARM prologue heuristic only
0x0200def0,sub_0200def0,function,candidate,analysis/functions/summary.json,ARM prologue heuristic only
0x0200dfb8,sub_0200dfb8,function,candidate,analysis/functions/summary.json,ARM prologue heuristic only
0x0200dfe0,sub_0200dfe0,function,candidate,analysis/functions/summary.json,ARM prologue heuristic only
0x0200dffc,sub_0200dffc,function,candidate,analysis/functions/summary.json,ARM prologue heuristic only
0x0200e0b8,sub_0200e0b8,function,candidate,analysis/functions/summary.json,ARM prologue heuristic only
0x0200e0dc,sub_0200e0dc,function,candidate,analysis/functions/summary.json,ARM prologue heuristic only
0x0200e118,sub_0200e118,function,candidate,analysis/functions/summary.json,ARM prologue heuristic only
0x0200e22c,sub_0200e22c,function,candidate,analysis/functions/summary.json,ARM prologue heuristic only
0x0200e2b4,sub_0200e2b4,function,candidate,analysis/functions/summary.json,ARM prologue heuristic only
0x0200e310,sub_0200e310,function,candidate,analysis/functions/summary.json,ARM prologue heuristic only
0x0200e3d4,sub_0200e3d4,function,candidate,analysis/functions/summary.json,ARM prologue heuristic only
0x0200e478,sub_0200e478,function,candidate,analysis/functions/summary.json,ARM prologue heuristic only
0x0200e4f4,sub_0200e4f4,function,candidate,analysis/functions/summary.json,ARM prologue heuristic only
0x0200e50c,sub_0200e50c,function,candidate,analysis/functions/summary.json,ARM prologue heuristic only
0x0200e68c,sub_0200e68c,function,candidate,analysis/functions/summary.json,ARM prologue heuristic only
0x0200e6a4,sub_0200e6a4,function,candidate,analysis/functions/summary.json,ARM prologue heuristic only
0x0200e6dc,sub_0200e6dc,function,candidate,analysis/functions/summary.json,ARM prologue heuristic only
0x0200e6fc,sub_0200e6fc,function,candidate,analysis/functions/summary.json,ARM prologue heuristic only
0x0200e71c,sub_0200e71c,function,candidate,analysis/functions/summary.json,ARM prologue heuristic only
0x0200e73c,sub_0200e73c,function,candidate,analysis/functions/summary.json,ARM prologue heuristic only
0x0200e7b4,sub_0200e7b4,function,candidate,analysis/functions/summary.json,ARM prologue heuristic only
0x0200e890,sub_0200e890,function,candidate,analysis/functions/summary.json,ARM prologue heuristic only
0x0200ea24,sub_0200ea24,function,candidate,analysis/functions/summary.json,ARM prologue heuristic only
0x0200ea7c,sub_0200ea7c,function,candidate,analysis/functions/summary.json,ARM prologue heuristic only
0x0200ead4,sub_0200ead4,function,candidate,analysis/functions/summary.json,ARM prologue heuristic only
0x0200eb64,sub_0200eb64,function,candidate,analysis/functions/summary.json,ARM prologue heuristic only
0x0200ec0c,sub_0200ec0c,function,candidate,analysis/functions/summary.json,ARM prologue heuristic only
0x0200ee70,sub_0200ee70,function,candidate,analysis/functions/summary.json,ARM prologue heuristic only
0x0200f040,sub_0200f040,function,candidate,analysis/functions/summary.json,ARM prologue heuristic only
0x0200f0f8,sub_0200f0f8,function,candidate,analysis/functions/summary.json,ARM prologue heuristic only
0x0200f174,sub_0200f174,function,candidate,analysis/functions/summary.json,ARM prologue heuristic only
0x0200f208,sub_0200f208,function,candidate,analysis/functions/summary.json,ARM prologue heuristic only
0x0200f220,sub_0200f220,function,candidate,analysis/functions/summary.json,ARM prologue heuristic only
0x0200f294,sub_0200f294,function,candidate,analysis/functions/summary.json,ARM prologue heuristic only
0x0200f340,sub_0200f340,function,candidate,analysis/functions/summary.json,ARM prologue heuristic only
0x0200f358,sub_0200f358,function,candidate,analysis/functions/summary.json,ARM prologue heuristic only
0x0200f3e4,sub_0200f3e4,function,candidate,analysis/functions/summary.json,ARM prologue heuristic only
0x0200f430,sub_0200f430,function,candidate,analysis/functions/summary.json,ARM prologue heuristic only
0x0200f470,sub_0200f470,function,candidate,analysis/functions/summary.json,ARM prologue heuristic only
0x0200f4a8,sub_0200f4a8,function,candidate,analysis/functions/summary.json,ARM prologue heuristic only
0x0200f5ac,sub_0200f5ac,function,candidate,analysis/functions/summary.json,ARM prologue heuristic only
0x0200f76c,sub_0200f76c,function,candidate,analysis/functions/summary.json,ARM prologue heuristic only
0x0200f848,sub_0200f848,function,candidate,analysis/functions/summary.json,ARM prologue heuristic only
0x0200f9a8,sub_0200f9a8,function,candidate,analysis/functions/summary.json,ARM prologue heuristic only
0x0200fa78,sub_0200fa78,function,candidate,analysis/functions/summary.json,ARM prologue heuristic only
0x0200fadc,sub_0200fadc,function,candidate,analysis/functions/summary.json,ARM prologue heuristic only
0x0200faec,sub_0200faec,function,candidate,analysis/functions/summary.json,ARM prologue heuristic only
0x0200fb18,sub_0200fb18,function,candidate,analysis/functions/summary.json,ARM prologue heuristic only
0x0200fb48,sub_0200fb48,function,candidate,analysis/functions/summary.json,ARM prologue heuristic only
0x0200fb60,sub_0200fb60,function,candidate,analysis/functions/summary.json,ARM prologue heuristic only
0x0200fba0,sub_0200fba0,function,candidate,analysis/functions/summary.json,ARM prologue heuristic only
0x0200fbec,sub_0200fbec,function,candidate,analysis/functions/summary.json,ARM prologue heuristic only
0x0200fc38,sub_0200fc38,function,candidate,analysis/functions/summary.json,ARM prologue heuristic only
0x0200fc90,sub_0200fc90,function,candidate,analysis/functions/summary.json,ARM prologue heuristic only
0x0200fdc8,sub_0200fdc8,function,candidate,analysis/functions/summary.json,ARM prologue heuristic only
0x0200fef0,sub_0200fef0,function,candidate,analysis/functions/summary.json,ARM prologue heuristic only
0x0200ff34,sub_0200ff34,function,candidate,analysis/functions/summary.json,ARM prologue heuristic only
0x02010824,sub_02010824,function,candidate,analysis/functions/summary.json,ARM prologue heuristic only
0x0201084c,sub_0201084c,function,candidate,analysis/functions/summary.json,ARM prologue heuristic only
0x02010950,sub_02010950,function,candidate,analysis/functions/summary.json,ARM prologue heuristic only
0x02010a24,sub_02010a24,function,candidate,analysis/functions/summary.json,ARM prologue heuristic only
0x02010b90,sub_02010b90,function,candidate,analysis/functions/summary.json,ARM prologue heuristic only
0x02010be8,sub_02010be8,function,candidate,analysis/functions/summary.json,ARM prologue heuristic only
0x02010cd4,sub_02010cd4,function,candidate,analysis/functions/summary.json,ARM prologue heuristic only
0x02010d28,sub_02010d28,function,candidate,analysis/functions/summary.json,ARM prologue heuristic only
0x02010d5c,sub_02010d5c,function,candidate,analysis/functions/summary.json,ARM prologue heuristic only
0x02010dac,sub_02010dac,function,candidate,analysis/functions/summary.json,ARM prologue heuristic only
0x02010e8c,sub_02010e8c,function,candidate,analysis/functions/summary.json,ARM prologue heuristic only
0x02010ebc,sub_02010ebc,function,candidate,analysis/functions/summary.json,ARM prologue heuristic only
0x02010ff0,sub_02010ff0,function,candidate,analysis/functions/summary.json,ARM prologue heuristic only
0x02011028,sub_02011028,function,candidate,analysis/functions/summary.json,ARM prologue heuristic only
0x02011058,sub_02011058,function,candidate,analysis/functions/summary.json,ARM prologue heuristic only
0x020110a0,sub_020110a0,function,candidate,analysis/functions/summary.json,ARM prologue heuristic only
0x020110e4,sub_020110e4,function,candidate,analysis/functions/summary.json,ARM prologue heuristic only
0x02011130,sub_02011130,function,candidate,analysis/functions/summary.json,ARM prologue heuristic only
0x020111f8,sub_020111f8,function,candidate,analysis/functions/summary.json,ARM prologue heuristic only
0x0201135c,sub_0201135c,function,candidate,analysis/functions/summary.json,ARM prologue heuristic only
0x020113a4,sub_020113a4,function,candidate,analysis/functions/summary.json,ARM prologue heuristic only
0x020113f0,sub_020113f0,function,candidate,analysis/functions/summary.json,ARM prologue heuristic only
0x020114b8,sub_020114b8,function,candidate,analysis/functions/summary.json,ARM prologue heuristic only
0x020116c4,sub_020116c4,function,candidate,analysis/functions/summary.json,ARM prologue heuristic only
0x020116e0,sub_020116e0,function,candidate,analysis/functions/summary.json,ARM prologue heuristic only
0x02011730,sub_02011730,function,candidate,analysis/functions/summary.json,ARM prologue heuristic only
0x02011778,sub_02011778,function,candidate,analysis/functions/summary.json,ARM prologue heuristic only
0x020117c0,sub_020117c0,function,candidate,analysis/functions/summary.json,ARM prologue heuristic only
0x02011808,sub_02011808,function,candidate,analysis/functions/summary.json,ARM prologue heuristic only
0x0201184c,sub_0201184c,function,candidate,analysis/functions/summary.json,ARM prologue heuristic only
0x02011884,sub_02011884,function,candidate,analysis/functions/summary.json,ARM prologue heuristic only
0x0201190c,sub_0201190c,function,candidate,analysis/functions/summary.json,ARM prologue heuristic only
0x02011968,sub_02011968,function,candidate,analysis/functions/summary.json,ARM prologue heuristic only
0x02011998,sub_02011998,function,candidate,analysis/functions/summary.json,ARM prologue heuristic only
0x02011a88,sub_02011a88,function,candidate,analysis/functions/summary.json,ARM prologue heuristic only
0x02011ac4,sub_02011ac4,function,candidate,analysis/functions/summary.json,ARM prologue heuristic only
0x02011ae8,sub_02011ae8,function,candidate,analysis/functions/summary.json,ARM prologue heuristic only
0x02011cf4,sub_02011cf4,function,candidate,analysis/functions/summary.json,ARM prologue heuristic only
0x020122c0,sub_020122c0,function,candidate,analysis/functions/summary.json,ARM prologue heuristic only
0x0201235c,sub_0201235c,function,candidate,analysis/functions/summary.json,ARM prologue heuristic only
0x020124f4,sub_020124f4,function,candidate,analysis/functions/summary.json,ARM prologue heuristic only
0x02012554,sub_02012554,function,candidate,analysis/functions/summary.json,ARM prologue heuristic only
0x020125f4,sub_020125f4,function,candidate,analysis/functions/summary.json,ARM prologue heuristic only
0x02012794,sub_02012794,function,candidate,analysis/functions/summary.json,ARM prologue heuristic only
0x020128e0,sub_020128e0,function,candidate,analysis/functions/summary.json,ARM prologue heuristic only
0x02012a0c,sub_02012a0c,function,candidate,analysis/functions/summary.json,ARM prologue heuristic only
0x02012b34,sub_02012b34,function,candidate,analysis/functions/summary.json,ARM prologue heuristic only
0x02012b7c,sub_02012b7c,function,candidate,analysis/functions/summary.json,ARM prologue heuristic only
0x02012bc0,sub_02012bc0,function,candidate,analysis/functions/summary.json,ARM prologue heuristic only
0x02012c00,sub_02012c00,function,candidate,analysis/functions/summary.json,ARM prologue heuristic only
0x02012cf4,sub_02012cf4,function,candidate,analysis/functions/summary.json,ARM prologue heuristic only
0x02012e00,sub_02012e00,function,candidate,analysis/functions/summary.json,ARM prologue heuristic only
0x02012ebc,sub_02012ebc,function,candidate,analysis/functions/summary.json,ARM prologue heuristic only
0x02012f8c,sub_02012f8c,function,candidate,analysis/functions/summary.json,ARM prologue heuristic only
0x02013108,sub_02013108,function,candidate,analysis/functions/summary.json,ARM prologue heuristic only
0x020131e4,sub_020131e4,function,candidate,analysis/functions/summary.json,ARM prologue heuristic only
0x02013270,sub_02013270,function,candidate,analysis/functions/summary.json,ARM prologue heuristic only
0x020132b8,sub_020132b8,function,candidate,analysis/functions/summary.json,ARM prologue heuristic only
0x020132e8,sub_020132e8,function,candidate,analysis/functions/summary.json,ARM prologue heuristic only
0x02013310,sub_02013310,function,candidate,analysis/functions/summary.json,ARM prologue heuristic only
0x02013340,sub_02013340,function,candidate,analysis/functions/summary.json,ARM prologue heuristic only
0x02013384,sub_02013384,function,candidate,analysis/functions/summary.json,ARM prologue heuristic only
0x020133bc,sub_020133bc,function,candidate,analysis/functions/summary.json,ARM prologue heuristic only
0x02013480,sub_02013480,function,candidate,analysis/functions/summary.json,ARM prologue heuristic only
0x02013644,sub_02013644,function,candidate,analysis/functions/summary.json,ARM prologue heuristic only
0x02013790,sub_02013790,function,candidate,analysis/functions/summary.json,ARM prologue heuristic only
0x0201382c,sub_0201382c,function,candidate,analysis/functions/summary.json,ARM prologue heuristic only
0x02013920,sub_02013920,function,candidate,analysis/functions/summary.json,ARM prologue heuristic only
0x02013ad0,sub_02013ad0,function,candidate,analysis/functions/summary.json,ARM prologue heuristic only
0x02013c34,sub_02013c34,function,candidate,analysis/functions/summary.json,ARM prologue heuristic only
0x02013d6c,sub_02013d6c,function,candidate,analysis/functions/summary.json,ARM prologue heuristic only
0x02013e58,sub_02013e58,function,candidate,analysis/functions/summary.json,ARM prologue heuristic only
0x02013f10,sub_02013f10,function,candidate,analysis/functions/summary.json,ARM prologue heuristic only
0x02013fe8,sub_02013fe8,function,candidate,analysis/functions/summary.json,ARM prologue heuristic only
0x020140e4,sub_020140e4,function,candidate,analysis/functions/summary.json,ARM prologue heuristic only
0x020141ac,sub_020141ac,function,candidate,analysis/functions/summary.json,ARM prologue heuristic only
0x020142a0,sub_020142a0,function,candidate,analysis/functions/summary.json,ARM prologue heuristic only
0x0201430c,sub_0201430c,function,candidate,analysis/functions/summary.json,ARM prologue heuristic only
0x02014434,sub_02014434,function,candidate,analysis/functions/summary.json,ARM prologue heuristic only
0x0201451c,sub_0201451c,function,candidate,analysis/functions/summary.json,ARM prologue heuristic only
0x02014638,sub_02014638,function,candidate,analysis/functions/summary.json,ARM prologue heuristic only
0x020146e0,sub_020146e0,function,candidate,analysis/functions/summary.json,ARM prologue heuristic only
0x020147c8,sub_020147c8,function,candidate,analysis/functions/summary.json,ARM prologue heuristic only
0x02014858,sub_02014858,function,candidate,analysis/functions/summary.json,ARM prologue heuristic only
0x02014a34,sub_02014a34,function,candidate,analysis/functions/summary.json,ARM prologue heuristic only
0x02014dec,sub_02014dec,function,candidate,analysis/functions/summary.json,ARM prologue heuristic only
0x02014e78,sub_02014e78,function,candidate,analysis/functions/summary.json,ARM prologue heuristic only
0x02014f04,sub_02014f04,function,candidate,analysis/functions/summary.json,ARM prologue heuristic only
0x02014f90,sub_02014f90,function,candidate,analysis/functions/summary.json,ARM prologue heuristic only
0x02015054,sub_02015054,function,candidate,analysis/functions/summary.json,ARM prologue heuristic only
0x020150cc,sub_020150cc,function,candidate,analysis/functions/summary.json,ARM prologue heuristic only
0x0201512c,sub_0201512c,function,candidate,analysis/functions/summary.json,ARM prologue heuristic only
0x02015630,sub_02015630,function,candidate,analysis/functions/summary.json,ARM prologue heuristic only
0x0201641c,sub_0201641c,function,candidate,analysis/functions/summary.json,ARM prologue heuristic only
0x02016484,sub_02016484,function,candidate,analysis/functions/summary.json,ARM prologue heuristic only
0x020164fc,sub_020164fc,function,candidate,analysis/functions/summary.json,ARM prologue heuristic only
0x02016610,sub_02016610,function,candidate,analysis/functions/summary.json,ARM prologue heuristic only
0x02016698,sub_02016698,function,candidate,analysis/functions/summary.json,ARM prologue heuristic only
0x02016730,sub_02016730,function,candidate,analysis/functions/summary.json,ARM prologue heuristic only
0x020167e4,sub_020167e4,function,candidate,analysis/functions/summary.json,ARM prologue heuristic only
0x020169c4,sub_020169c4,function,candidate,analysis/functions/summary.json,ARM prologue heuristic only
0x02016a70,sub_02016a70,function,candidate,analysis/functions/summary.json,ARM prologue heuristic only
0x02016ddc,sub_02016ddc,function,candidate,analysis/functions/summary.json,ARM prologue heuristic only
0x02016e7c,sub_02016e7c,function,candidate,analysis/functions/summary.json,ARM prologue heuristic only
0x02016f44,sub_02016f44,function,candidate,analysis/functions/summary.json,ARM prologue heuristic only
0x02017090,sub_02017090,function,candidate,analysis/functions/summary.json,ARM prologue heuristic only
0x02017174,sub_02017174,function,candidate,analysis/functions/summary.json,ARM prologue heuristic only
0x0201726c,sub_0201726c,function,candidate,analysis/functions/summary.json,ARM prologue heuristic only
0x0201731c,sub_0201731c,function,candidate,analysis/functions/summary.json,ARM prologue heuristic only
0x02017500,sub_02017500,function,candidate,analysis/functions/summary.json,ARM prologue heuristic only
0x02017594,sub_02017594,function,candidate,analysis/functions/summary.json,ARM prologue heuristic only
0x0201760c,sub_0201760c,function,candidate,analysis/functions/summary.json,ARM prologue heuristic only
0x02017728,sub_02017728,function,candidate,analysis/functions/summary.json,ARM prologue heuristic only
0x020177b0,sub_020177b0,function,candidate,analysis/functions/summary.json,ARM prologue heuristic only
0x02017868,sub_02017868,function,candidate,analysis/functions/summary.json,ARM prologue heuristic only
0x02017900,sub_02017900,function,candidate,analysis/functions/summary.json,ARM prologue heuristic only
0x020179ac,sub_020179ac,function,candidate,analysis/functions/summary.json,ARM prologue heuristic only
0x02017d20,sub_02017d20,function,candidate,analysis/functions/summary.json,ARM prologue heuristic only
0x02017d90,sub_02017d90,function,candidate,analysis/functions/summary.json,ARM prologue heuristic only
0x02017fb0,sub_02017fb0,function,candidate,analysis/functions/summary.json,ARM prologue heuristic only
0x020181dc,sub_020181dc,function,candidate,analysis/functions/summary.json,ARM prologue heuristic only
0x020182e4,sub_020182e4,function,candidate,analysis/functions/summary.json,ARM prologue heuristic only
0x02018668,sub_02018668,function,candidate,analysis/functions/summary.json,ARM prologue heuristic only
0x02018af8,sub_02018af8,function,candidate,analysis/functions/summary.json,ARM prologue heuristic only
0x02018ddc,sub_02018ddc,function,candidate,analysis/functions/summary.json,ARM prologue heuristic only
0x02019234,sub_02019234,function,candidate,analysis/functions/summary.json,ARM prologue heuristic only
0x02019694,sub_02019694,function,candidate,analysis/functions/summary.json,ARM prologue heuristic only
0x020197fc,sub_020197fc,function,candidate,analysis/functions/summary.json,ARM prologue heuristic only
0x02019908,sub_02019908,function,candidate,analysis/functions/summary.json,ARM prologue heuristic only
0x02019cdc,sub_02019cdc,function,candidate,analysis/functions/summary.json,ARM prologue heuristic only
0x02019d74,sub_02019d74,function,candidate,analysis/functions/summary.json,ARM prologue heuristic only
0x02019e04,sub_02019e04,function,candidate,analysis/functions/summary.json,ARM prologue heuristic only
0x0201a414,sub_0201a414,function,candidate,analysis/functions/summary.json,ARM prologue heuristic only
0x0201a490,sub_0201a490,function,candidate,analysis/functions/summary.json,ARM prologue heuristic only
0x0201a6dc,sub_0201a6dc,function,candidate,analysis/functions/summary.json,ARM prologue heuristic only
0x0201a7f4,sub_0201a7f4,function,candidate,analysis/functions/summary.json,ARM prologue heuristic only
0x0201a94c,sub_0201a94c,function,candidate,analysis/functions/summary.json,ARM prologue heuristic only
0x0201a998,sub_0201a998,function,candidate,analysis/functions/summary.json,ARM prologue heuristic only
0x0201aa20,sub_0201aa20,function,candidate,analysis/functions/summary.json,ARM prologue heuristic only
0x0201ab00,sub_0201ab00,function,candidate,analysis/functions/summary.json,ARM prologue heuristic only
0x0201ab30,sub_0201ab30,function,candidate,analysis/functions/summary.json,ARM prologue heuristic only
0x0201ab74,sub_0201ab74,function,candidate,analysis/functions/summary.json,ARM prologue heuristic only
0x0201aba8,sub_0201aba8,function,candidate,analysis/functions/summary.json,ARM prologue heuristic only
0x0201ace4,sub_0201ace4,function,candidate,analysis/functions/summary.json,ARM prologue heuristic only
0x0201ad1c,sub_0201ad1c,function,candidate,analysis/functions/summary.json,ARM prologue heuristic only
0x0201ad4c,sub_0201ad4c,function,candidate,analysis/functions/summary.json,ARM prologue heuristic only
0x0201ad80,sub_0201ad80,function,candidate,analysis/functions/summary.json,ARM prologue heuristic only
0x0201aea8,sub_0201aea8,function,candidate,analysis/functions/summary.json,ARM prologue heuristic only
0x0201af40,sub_0201af40,function,candidate,analysis/functions/summary.json,ARM prologue heuristic only
0x0201afac,sub_0201afac,function,candidate,analysis/functions/summary.json,ARM prologue heuristic only
0x0201aff0,sub_0201aff0,function,candidate,analysis/functions/summary.json,ARM prologue heuristic only
0x0201b03c,sub_0201b03c,function,candidate,analysis/functions/summary.json,ARM prologue heuristic only
0x0201b104,sub_0201b104,function,candidate,analysis/functions/summary.json,ARM prologue heuristic only
0x0201b270,sub_0201b270,function,candidate,analysis/functions/summary.json,ARM prologue heuristic only
0x0201b2b8,sub_0201b2b8,function,candidate,analysis/functions/summary.json,ARM prologue heuristic only
0x0201b304,sub_0201b304,function,candidate,analysis/functions/summary.json,ARM prologue heuristic only
0x0201b3cc,sub_0201b3cc,function,candidate,analysis/functions/summary.json,ARM prologue heuristic only
0x0201b5e8,sub_0201b5e8,function,candidate,analysis/functions/summary.json,ARM prologue heuristic only
0x0201b808,sub_0201b808,function,candidate,analysis/functions/summary.json,ARM prologue heuristic only
0x0201b824,sub_0201b824,function,candidate,analysis/functions/summary.json,ARM prologue heuristic only
0x0201b874,sub_0201b874,function,candidate,analysis/functions/summary.json,ARM prologue heuristic only
0x0201b8bc,sub_0201b8bc,function,candidate,analysis/functions/summary.json,ARM prologue heuristic only
0x0201b904,sub_0201b904,function,candidate,analysis/functions/summary.json,ARM prologue heuristic only
0x0201b94c,sub_0201b94c,function,candidate,analysis/functions/summary.json,ARM prologue heuristic only
0x0201b990,sub_0201b990,function,candidate,analysis/functions/summary.json,ARM prologue heuristic only
0x0201b9c8,sub_0201b9c8,function,candidate,analysis/functions/summary.json,ARM prologue heuristic only
0x0201bb70,sub_0201bb70,function,candidate,analysis/functions/summary.json,ARM prologue heuristic only
0x0201bc5c,sub_0201bc5c,function,candidate,analysis/functions/summary.json,ARM prologue heuristic only
0x0201bce4,sub_0201bce4,function,candidate,analysis/functions/summary.json,ARM prologue heuristic only
0x0201bd88,sub_0201bd88,function,candidate,analysis/functions/summary.json,ARM prologue heuristic only
0x0201bdb4,sub_0201bdb4,function,candidate,analysis/functions/summary.json,ARM prologue heuristic only
0x0201be1c,sub_0201be1c,function,candidate,analysis/functions/summary.json,ARM prologue heuristic only
0x0201bf88,sub_0201bf88,function,candidate,analysis/functions/summary.json,ARM prologue heuristic only
0x0201c038,sub_0201c038,function,candidate,analysis/functions/summary.json,ARM prologue heuristic only
0x0201c170,sub_0201c170,function,candidate,analysis/functions/summary.json,ARM prologue heuristic only
0x0201c1f4,sub_0201c1f4,function,candidate,analysis/functions/summary.json,ARM prologue heuristic only
0x0201c2b4,sub_0201c2b4,function,candidate,analysis/functions/summary.json,ARM prologue heuristic only
0x0201c484,sub_0201c484,function,candidate,analysis/functions/summary.json,ARM prologue heuristic only
0x0201c544,sub_0201c544,function,candidate,analysis/functions/summary.json,ARM prologue heuristic only
0x0201c714,sub_0201c714,function,candidate,analysis/functions/summary.json,ARM prologue heuristic only
0x0201c818,sub_0201c818,function,candidate,analysis/functions/summary.json,ARM prologue heuristic only
0x0201c91c,sub_0201c91c,function,candidate,analysis/functions/summary.json,ARM prologue heuristic only
0x0201cab0,sub_0201cab0,function,candidate,analysis/functions/summary.json,ARM prologue heuristic only
0x0201cca0,sub_0201cca0,function,candidate,analysis/functions/summary.json,ARM prologue heuristic only
0x0201cddc,sub_0201cddc,function,candidate,analysis/functions/summary.json,ARM prologue heuristic only
0x0201cfb4,sub_0201cfb4,function,candidate,analysis/functions/summary.json,ARM prologue heuristic only
0x0201d000,sub_0201d000,function,candidate,analysis/functions/summary.json,ARM prologue heuristic only
0x0201d0c8,sub_0201d0c8,function,candidate,analysis/functions/summary.json,ARM prologue heuristic only
0x0201d434,sub_0201d434,function,candidate,analysis/functions/summary.json,ARM prologue heuristic only
0x0201d5c8,sub_0201d5c8,function,candidate,analysis/functions/summary.json,ARM prologue heuristic only
0x0201d938,sub_0201d938,function,candidate,analysis/functions/summary.json,ARM prologue heuristic only
0x0201dbac,sub_0201dbac,function,candidate,analysis/functions/summary.json,ARM prologue heuristic only
0x0201ddb0,sub_0201ddb0,function,candidate,analysis/functions/summary.json,ARM prologue heuristic only
0x0201dee0,sub_0201dee0,function,candidate,analysis/functions/summary.json,ARM prologue heuristic only
0x0201e3b0,sub_0201e3b0,function,candidate,analysis/functions/summary.json,ARM prologue heuristic only
0x0201e400,sub_0201e400,function,candidate,analysis/functions/summary.json,ARM prologue heuristic only
0x0201e4ac,sub_0201e4ac,function,candidate,analysis/functions/summary.json,ARM prologue heuristic only
0x0201f14c,sub_0201f14c,function,candidate,analysis/functions/summary.json,ARM prologue heuristic only
0x0201f1a8,sub_0201f1a8,function,candidate,analysis/functions/summary.json,ARM prologue heuristic only
0x0201f210,sub_0201f210,function,candidate,analysis/functions/summary.json,ARM prologue heuristic only
0x0201f30c,sub_0201f30c,function,candidate,analysis/functions/summary.json,ARM prologue heuristic only
0x0201f708,sub_0201f708,function,candidate,analysis/functions/summary.json,ARM prologue heuristic only
0x0201fb0c,sub_0201fb0c,function,candidate,analysis/functions/summary.json,ARM prologue heuristic only
0x0201fc14,sub_0201fc14,function,candidate,analysis/functions/summary.json,ARM prologue heuristic only
0x0201fd00,sub_0201fd00,function,candidate,analysis/functions/summary.json,ARM prologue heuristic only
0x0201fd30,sub_0201fd30,function,candidate,analysis/functions/summary.json,ARM prologue heuristic only
0x02020440,sub_02020440,function,candidate,analysis/functions/summary.json,ARM prologue heuristic only
0x020207ac,sub_020207ac,function,candidate,analysis/functions/summary.json,ARM prologue heuristic only
0x02020908,sub_02020908,function,candidate,analysis/functions/summary.json,ARM prologue heuristic only
0x02020998,sub_02020998,function,candidate,analysis/functions/summary.json,ARM prologue heuristic only
0x02020a7c,sub_02020a7c,function,candidate,analysis/functions/summary.json,ARM prologue heuristic only
0x020210c0,sub_020210c0,function,candidate,analysis/functions/summary.json,ARM prologue heuristic only
0x0202159c,sub_0202159c,function,candidate,analysis/functions/summary.json,ARM prologue heuristic only
0x02021ef8,sub_02021ef8,function,candidate,analysis/functions/summary.json,ARM prologue heuristic only
0x02021f50,sub_02021f50,function,candidate,analysis/functions/summary.json,ARM prologue heuristic only
0x02021fa0,sub_02021fa0,function,candidate,analysis/functions/summary.json,ARM prologue heuristic only
0x02022458,sub_02022458,function,candidate,analysis/functions/summary.json,ARM prologue heuristic only
0x02022c24,sub_02022c24,function,candidate,analysis/functions/summary.json,ARM prologue heuristic only
0x020230dc,sub_020230dc,function,candidate,analysis/functions/summary.json,ARM prologue heuristic only
0x020239c4,sub_020239c4,function,candidate,analysis/functions/summary.json,ARM prologue heuristic only
0x02023a60,sub_02023a60,function,candidate,analysis/functions/summary.json,ARM prologue heuristic only
0x02023ad0,sub_02023ad0,function,candidate,analysis/functions/summary.json,ARM prologue heuristic only
0x02023b40,sub_02023b40,function,candidate,analysis/functions/summary.json,ARM prologue heuristic only
0x02023d64,sub_02023d64,function,candidate,analysis/functions/summary.json,ARM prologue heuristic only
0x02025180,sub_02025180,function,candidate,analysis/functions/summary.json,ARM prologue heuristic only
0x02025208,sub_02025208,function,candidate,analysis/functions/summary.json,ARM prologue heuristic only
0x02025250,sub_02025250,function,candidate,analysis/functions/summary.json,ARM prologue heuristic only
0x0202528c,sub_0202528c,function,candidate,analysis/functions/summary.json,ARM prologue heuristic only
0x020255dc,sub_020255dc,function,candidate,analysis/functions/summary.json,ARM prologue heuristic only
0x020263bc,sub_020263bc,function,candidate,analysis/functions/summary.json,ARM prologue heuristic only
0x020263f0,sub_020263f0,function,candidate,analysis/functions/summary.json,ARM prologue heuristic only
0x02026468,sub_02026468,function,candidate,analysis/functions/summary.json,ARM prologue heuristic only
0x020264ec,sub_020264ec,function,candidate,analysis/functions/summary.json,ARM prologue heuristic only
0x020267d4,sub_020267d4,function,candidate,analysis/functions/summary.json,ARM prologue heuristic only
0x020268ac,sub_020268ac,function,candidate,analysis/functions/summary.json,ARM prologue heuristic only
0x0202697c,sub_0202697c,function,candidate,analysis/functions/summary.json,ARM prologue heuristic only
0x02026ce0,sub_02026ce0,function,candidate,analysis/functions/summary.json,ARM prologue heuristic only
0x02026d5c,sub_02026d5c,function,candidate,analysis/functions/summary.json,ARM prologue heuristic only
0x02026ddc,sub_02026ddc,function,candidate,analysis/functions/summary.json,ARM prologue heuristic only
0x02026df0,sub_02026df0,function,candidate,analysis/functions/summary.json,ARM prologue heuristic only
0x02026ecc,sub_02026ecc,function,candidate,analysis/functions/summary.json,ARM prologue heuristic only
0x02026f10,sub_02026f10,function,candidate,analysis/functions/summary.json,ARM prologue heuristic only
0x02026f48,sub_02026f48,function,candidate,analysis/functions/summary.json,ARM prologue heuristic only
0x020270bc,sub_020270bc,function,candidate,analysis/functions/summary.json,ARM prologue heuristic only
0x02027168,sub_02027168,function,candidate,analysis/functions/summary.json,ARM prologue heuristic only
0x02027260,sub_02027260,function,candidate,analysis/functions/summary.json,ARM prologue heuristic only
0x02027324,sub_02027324,function,candidate,analysis/functions/summary.json,ARM prologue heuristic only
0x0202739c,sub_0202739c,function,candidate,analysis/functions/summary.json,ARM prologue heuristic only
0x02027678,sub_02027678,function,candidate,analysis/functions/summary.json,ARM prologue heuristic only
0x020277c0,sub_020277c0,function,candidate,analysis/functions/summary.json,ARM prologue heuristic only
0x02027854,sub_02027854,function,candidate,analysis/functions/summary.json,ARM prologue heuristic only
0x02027a64,sub_02027a64,function,candidate,analysis/functions/summary.json,ARM prologue heuristic only
0x020280f4,sub_020280f4,function,candidate,analysis/functions/summary.json,ARM prologue heuristic only
0x02028164,sub_02028164,function,candidate,analysis/functions/summary.json,ARM prologue heuristic only
0x020281c4,sub_020281c4,function,candidate,analysis/functions/summary.json,ARM prologue heuristic only
0x02028258,sub_02028258,function,candidate,analysis/functions/summary.json,ARM prologue heuristic only
0x0202828c,sub_0202828c,function,candidate,analysis/functions/summary.json,ARM prologue heuristic only
0x02028408,sub_02028408,function,candidate,analysis/functions/summary.json,ARM prologue heuristic only
0x0202842c,sub_0202842c,function,candidate,analysis/functions/summary.json,ARM prologue heuristic only
0x02028538,sub_02028538,function,candidate,analysis/functions/summary.json,ARM prologue heuristic only
0x020285b8,sub_020285b8,function,candidate,analysis/functions/summary.json,ARM prologue heuristic only
0x020285f8,sub_020285f8,function,candidate,analysis/functions/summary.json,ARM prologue heuristic only
0x0202865c,sub_0202865c,function,candidate,analysis/functions/summary.json,ARM prologue heuristic only
0x020286bc,sub_020286bc,function,candidate,analysis/functions/summary.json,ARM prologue heuristic only
0x020286f4,sub_020286f4,function,candidate,analysis/functions/summary.json,ARM prologue heuristic only
0x0202874c,sub_0202874c,function,candidate,analysis/functions/summary.json,ARM prologue heuristic only
0x020288f4,sub_020288f4,function,candidate,analysis/functions/summary.json,ARM prologue heuristic only
0x02028988,sub_02028988,function,candidate,analysis/functions/summary.json,ARM prologue heuristic only
0x02028aac,sub_02028aac,function,candidate,analysis/functions/summary.json,ARM prologue heuristic only
0x02028ae0,sub_02028ae0,function,candidate,analysis/functions/summary.json,ARM prologue heuristic only
0x02028b44,sub_02028b44,function,candidate,analysis/functions/summary.json,ARM prologue heuristic only
0x02028b74,sub_02028b74,function,candidate,analysis/functions/summary.json,ARM prologue heuristic only
0x02028bc4,sub_02028bc4,function,candidate,analysis/functions/summary.json,ARM prologue heuristic only
0x02028bec,sub_02028bec,function,candidate,analysis/functions/summary.json,ARM prologue heuristic only
0x02028c10,sub_02028c10,function,candidate,analysis/functions/summary.json,ARM prologue heuristic only
0x02028c94,sub_02028c94,function,candidate,analysis/functions/summary.json,ARM prologue heuristic only
0x02028d74,sub_02028d74,function,candidate,analysis/functions/summary.json,ARM prologue heuristic only
0x02028f84,sub_02028f84,function,candidate,analysis/functions/summary.json,ARM prologue heuristic only
0x02028fb8,sub_02028fb8,function,candidate,analysis/functions/summary.json,ARM prologue heuristic only
0x02028fe0,sub_02028fe0,function,candidate,analysis/functions/summary.json,ARM prologue heuristic only
0x0202906c,sub_0202906c,function,candidate,analysis/functions/summary.json,ARM prologue heuristic only
0x020290cc,sub_020290cc,function,candidate,analysis/functions/summary.json,ARM prologue heuristic only
0x02029124,sub_02029124,function,candidate,analysis/functions/summary.json,ARM prologue heuristic only
0x020291c8,sub_020291c8,function,candidate,analysis/functions/summary.json,ARM prologue heuristic only
0x020293fc,sub_020293fc,function,candidate,analysis/functions/summary.json,ARM prologue heuristic only
0x02029468,sub_02029468,function,candidate,analysis/functions/summary.json,ARM prologue heuristic only
0x020295ac,sub_020295ac,function,candidate,analysis/functions/summary.json,ARM prologue heuristic only
0x02029604,sub_02029604,function,candidate,analysis/functions/summary.json,ARM prologue heuristic only
0x0202965c,sub_0202965c,function,candidate,analysis/functions/summary.json,ARM prologue heuristic only
0x0202968c,sub_0202968c,function,candidate,analysis/functions/summary.json,ARM prologue heuristic only
0x020296c0,sub_020296c0,function,candidate,analysis/functions/summary.json,ARM prologue heuristic only
0x020296f8,sub_020296f8,function,candidate,analysis/functions/summary.json,ARM prologue heuristic only
0x0202971c,sub_0202971c,function,candidate,analysis/functions/summary.json,ARM prologue heuristic only
0x0202974c,sub_0202974c,function,candidate,analysis/functions/summary.json,ARM prologue heuristic only
0x02029780,sub_02029780,function,candidate,analysis/functions/summary.json,ARM prologue heuristic only
0x02029844,sub_02029844,function,candidate,analysis/functions/summary.json,ARM prologue heuristic only
0x02029884,sub_02029884,function,candidate,analysis/functions/summary.json,ARM prologue heuristic only
0x020298f0,sub_020298f0,function,candidate,analysis/functions/summary.json,ARM prologue heuristic only
0x02029980,sub_02029980,function,candidate,analysis/functions/summary.json,ARM prologue heuristic only
0x02029a40,sub_02029a40,function,candidate,analysis/functions/summary.json,ARM prologue heuristic only
0x02029adc,sub_02029adc,function,candidate,analysis/functions/summary.json,ARM prologue heuristic only
0x02029ba8,sub_02029ba8,function,candidate,analysis/functions/summary.json,ARM prologue heuristic only
0x02029bc8,sub_02029bc8,function,candidate,analysis/functions/summary.json,ARM prologue heuristic only
0x02029c28,sub_02029c28,function,candidate,analysis/functions/summary.json,ARM prologue heuristic only
0x02029d04,sub_02029d04,function,candidate,analysis/functions/summary.json,ARM prologue heuristic only
0x02029d68,sub_02029d68,function,candidate,analysis/functions/summary.json,ARM prologue heuristic only
0x02029d88,sub_02029d88,function,candidate,analysis/functions/summary.json,ARM prologue heuristic only
0x02029dcc,sub_02029dcc,function,candidate,analysis/functions/summary.json,ARM prologue heuristic only
0x02029e1c,sub_02029e1c,function,candidate,analysis/functions/summary.json,ARM prologue heuristic only
0x02029f34,sub_02029f34,function,candidate,analysis/functions/summary.json,ARM prologue heuristic only
0x0202a034,sub_0202a034,function,candidate,analysis/functions/summary.json,ARM prologue heuristic only
0x0202a094,sub_0202a094,function,candidate,analysis/functions/summary.json,ARM prologue heuristic only
0x0202a0dc,sub_0202a0dc,function,candidate,analysis/functions/summary.json,ARM prologue heuristic only
0x0202a220,sub_0202a220,function,candidate,analysis/functions/summary.json,ARM prologue heuristic only
0x0202a27c,sub_0202a27c,function,candidate,analysis/functions/summary.json,ARM prologue heuristic only
0x0202a350,sub_0202a350,function,candidate,analysis/functions/summary.json,ARM prologue heuristic only
0x0202a478,sub_0202a478,function,candidate,analysis/functions/summary.json,ARM prologue heuristic only
0x0202a49c,sub_0202a49c,function,candidate,analysis/functions/summary.json,ARM prologue heuristic only
0x0202a4b4,sub_0202a4b4,function,candidate,analysis/functions/summary.json,ARM prologue heuristic only
0x0202a4d8,sub_0202a4d8,function,candidate,analysis/functions/summary.json,ARM prologue heuristic only
0x0202a5bc,sub_0202a5bc,function,candidate,analysis/functions/summary.json,ARM prologue heuristic only
0x0202a600,sub_0202a600,function,candidate,analysis/functions/summary.json,ARM prologue heuristic only
0x0202a68c,sub_0202a68c,function,candidate,analysis/functions/summary.json,ARM prologue heuristic only
0x0202a6fc,sub_0202a6fc,function,candidate,analysis/functions/summary.json,ARM prologue heuristic only
0x0202a738,sub_0202a738,function,candidate,analysis/functions/summary.json,ARM prologue heuristic only
0x0202a7c0,sub_0202a7c0,function,candidate,analysis/functions/summary.json,ARM prologue heuristic only
0x0202a840,sub_0202a840,function,candidate,analysis/functions/summary.json,ARM prologue heuristic only
0x0202a888,sub_0202a888,function,candidate,analysis/functions/summary.json,ARM prologue heuristic only
0x0202a8c8,sub_0202a8c8,function,candidate,analysis/functions/summary.json,ARM prologue heuristic only
0x0202a958,sub_0202a958,function,candidate,analysis/functions/summary.json,ARM prologue heuristic only
0x0202a9a0,sub_0202a9a0,function,candidate,analysis/functions/summary.json,ARM prologue heuristic only
0x0202a9e0,sub_0202a9e0,function,candidate,analysis/functions/summary.json,ARM prologue heuristic only
0x0202aa74,sub_0202aa74,function,candidate,analysis/functions/summary.json,ARM prologue heuristic only
0x0202aad0,sub_0202aad0,function,candidate,analysis/functions/summary.json,ARM prologue heuristic only
0x0202ab00,sub_0202ab00,function,candidate,analysis/functions/summary.json,ARM prologue heuristic only
0x0202abf0,sub_0202abf0,function,candidate,analysis/functions/summary.json,ARM prologue heuristic only
0x0202ac20,sub_0202ac20,function,candidate,analysis/functions/summary.json,ARM prologue heuristic only
0x0202ac40,sub_0202ac40,function,candidate,analysis/functions/summary.json,ARM prologue heuristic only
0x0202ac60,sub_0202ac60,function,candidate,analysis/functions/summary.json,ARM prologue heuristic only
0x0202ac94,sub_0202ac94,function,candidate,analysis/functions/summary.json,ARM prologue heuristic only
0x0202ace8,sub_0202ace8,function,candidate,analysis/functions/summary.json,ARM prologue heuristic only
0x0202acfc,sub_0202acfc,function,candidate,analysis/functions/summary.json,ARM prologue heuristic only
0x0202ad10,sub_0202ad10,function,candidate,analysis/functions/summary.json,ARM prologue heuristic only
0x0202af58,sub_0202af58,function,candidate,analysis/functions/summary.json,ARM prologue heuristic only
0x0202b02c,sub_0202b02c,function,candidate,analysis/functions/summary.json,ARM prologue heuristic only
0x0202b094,sub_0202b094,function,candidate,analysis/functions/summary.json,ARM prologue heuristic only
0x0202b0f8,sub_0202b0f8,function,candidate,analysis/functions/summary.json,ARM prologue heuristic only
0x0202b160,sub_0202b160,function,candidate,analysis/functions/summary.json,ARM prologue heuristic only
0x0202b198,sub_0202b198,function,candidate,analysis/functions/summary.json,ARM prologue heuristic only
0x0202b224,sub_0202b224,function,candidate,analysis/functions/summary.json,ARM prologue heuristic only
0x0202b424,sub_0202b424,function,candidate,analysis/functions/summary.json,ARM prologue heuristic only
0x0202b4a8,sub_0202b4a8,function,candidate,analysis/functions/summary.json,ARM prologue heuristic only
0x0202b5c4,sub_0202b5c4,function,candidate,analysis/functions/summary.json,ARM prologue heuristic only
0x0202b630,sub_0202b630,function,candidate,analysis/functions/summary.json,ARM prologue heuristic only
0x0202b6f4,sub_0202b6f4,function,candidate,analysis/functions/summary.json,ARM prologue heuristic only
0x0202b7c8,sub_0202b7c8,function,candidate,analysis/functions/summary.json,ARM prologue heuristic only
0x0202b8ac,sub_0202b8ac,function,candidate,analysis/functions/summary.json,ARM prologue heuristic only
0x0202bab0,sub_0202bab0,function,candidate,analysis/functions/summary.json,ARM prologue heuristic only
0x0202bcbc,sub_0202bcbc,function,candidate,analysis/functions/summary.json,ARM prologue heuristic only
0x0202bd34,sub_0202bd34,function,candidate,analysis/functions/summary.json,ARM prologue heuristic only
0x0202be84,sub_0202be84,function,candidate,analysis/functions/summary.json,ARM prologue heuristic only
0x0202be98,sub_0202be98,function,candidate,analysis/functions/summary.json,ARM prologue heuristic only
0x0202beb8,sub_0202beb8,function,candidate,analysis/functions/summary.json,ARM prologue heuristic only
0x0202bf38,sub_0202bf38,function,candidate,analysis/functions/summary.json,ARM prologue heuristic only
0x0202bf74,sub_0202bf74,function,candidate,analysis/functions/summary.json,ARM prologue heuristic only
0x0202bfd4,sub_0202bfd4,function,candidate,analysis/functions/summary.json,ARM prologue heuristic only
0x0202bfec,sub_0202bfec,function,candidate,analysis/functions/summary.json,ARM prologue heuristic only
0x0202c068,sub_0202c068,function,candidate,analysis/functions/summary.json,ARM prologue heuristic only
0x0202c0a8,sub_0202c0a8,function,candidate,analysis/functions/summary.json,ARM prologue heuristic only
0x0202c0f0,sub_0202c0f0,function,candidate,analysis/functions/summary.json,ARM prologue heuristic only
0x0202c1f8,sub_0202c1f8,function,candidate,analysis/functions/summary.json,ARM prologue heuristic only
0x0202c294,sub_0202c294,function,candidate,analysis/functions/summary.json,ARM prologue heuristic only
0x0202c2ac,sub_0202c2ac,function,candidate,analysis/functions/summary.json,ARM prologue heuristic only
0x0202c304,sub_0202c304,function,candidate,analysis/functions/summary.json,ARM prologue heuristic only
0x0202c434,sub_0202c434,function,candidate,analysis/functions/summary.json,ARM prologue heuristic only
0x0202c4a8,sub_0202c4a8,function,candidate,analysis/functions/summary.json,ARM prologue heuristic only
0x0202c4f0,sub_0202c4f0,function,candidate,analysis/functions/summary.json,ARM prologue heuristic only
0x0202c544,sub_0202c544,function,candidate,analysis/functions/summary.json,ARM prologue heuristic only
0x0202c614,sub_0202c614,function,candidate,analysis/functions/summary.json,ARM prologue heuristic only
0x0202c668,sub_0202c668,function,candidate,analysis/functions/summary.json,ARM prologue heuristic only
0x0202c6a8,sub_0202c6a8,function,candidate,analysis/functions/summary.json,ARM prologue heuristic only
0x0202c834,sub_0202c834,function,candidate,analysis/functions/summary.json,ARM prologue heuristic only
0x0202c864,sub_0202c864,function,candidate,analysis/functions/summary.json,ARM prologue heuristic only
0x0202ca08,sub_0202ca08,function,candidate,analysis/functions/summary.json,ARM prologue heuristic only
0x0202caac,sub_0202caac,function,candidate,analysis/functions/summary.json,ARM prologue heuristic only
0x0202cad4,sub_0202cad4,function,candidate,analysis/functions/summary.json,ARM prologue heuristic only
0x0202cb04,sub_0202cb04,function,candidate,analysis/functions/summary.json,ARM prologue heuristic only
0x0202cb50,sub_0202cb50,function,candidate,analysis/functions/summary.json,ARM prologue heuristic only
0x0202cc4c,sub_0202cc4c,function,candidate,analysis/functions/summary.json,ARM prologue heuristic only
0x0202ccc0,sub_0202ccc0,function,candidate,analysis/functions/summary.json,ARM prologue heuristic only
0x0202cd24,sub_0202cd24,function,candidate,analysis/functions/summary.json,ARM prologue heuristic only
0x0202cdac,sub_0202cdac,function,candidate,analysis/functions/summary.json,ARM prologue heuristic only
0x0202ce28,sub_0202ce28,function,candidate,analysis/functions/summary.json,ARM prologue heuristic only
0x0202ceb0,sub_0202ceb0,function,candidate,analysis/functions/summary.json,ARM prologue heuristic only
0x0202ceec,sub_0202ceec,function,candidate,analysis/functions/summary.json,ARM prologue heuristic only
0x0202cf04,sub_0202cf04,function,candidate,analysis/functions/summary.json,ARM prologue heuristic only
0x0202cf34,sub_0202cf34,function,candidate,analysis/functions/summary.json,ARM prologue heuristic only
0x0202cf74,sub_0202cf74,function,candidate,analysis/functions/summary.json,ARM prologue heuristic only
0x0202d07c,sub_0202d07c,function,candidate,analysis/functions/summary.json,ARM prologue heuristic only
0x0202d0ec,sub_0202d0ec,function,candidate,analysis/functions/summary.json,ARM prologue heuristic only
0x0202d104,sub_0202d104,function,candidate,analysis/functions/summary.json,ARM prologue heuristic only
0x0202d124,sub_0202d124,function,candidate,analysis/functions/summary.json,ARM prologue heuristic only
0x0202d1cc,sub_0202d1cc,function,candidate,analysis/functions/summary.json,ARM prologue heuristic only
0x0202d274,sub_0202d274,function,candidate,analysis/functions/summary.json,ARM prologue heuristic only
0x0202d340,sub_0202d340,function,candidate,analysis/functions/summary.json,ARM prologue heuristic only
0x0202d3b0,sub_0202d3b0,function,candidate,analysis/functions/summary.json,ARM prologue heuristic only
0x0202d48c,sub_0202d48c,function,candidate,analysis/functions/summary.json,ARM prologue heuristic only
0x0202d4dc,sub_0202d4dc,function,candidate,analysis/functions/summary.json,ARM prologue heuristic only
0x0202d560,sub_0202d560,function,candidate,analysis/functions/summary.json,ARM prologue heuristic only
0x0202d594,sub_0202d594,function,candidate,analysis/functions/summary.json,ARM prologue heuristic only
0x0202d634,sub_0202d634,function,candidate,analysis/functions/summary.json,ARM prologue heuristic only
0x0202d674,sub_0202d674,function,candidate,analysis/functions/summary.json,ARM prologue heuristic only
0x0202d6c4,sub_0202d6c4,function,candidate,analysis/functions/summary.json,ARM prologue heuristic only
0x0202d798,sub_0202d798,function,candidate,analysis/functions/summary.json,ARM prologue heuristic only
0x0202d80c,sub_0202d80c,function,candidate,analysis/functions/summary.json,ARM prologue heuristic only
0x0202d870,sub_0202d870,function,candidate,analysis/functions/summary.json,ARM prologue heuristic only
0x0202d984,sub_0202d984,function,candidate,analysis/functions/summary.json,ARM prologue heuristic only
0x0202d9a4,sub_0202d9a4,function,candidate,analysis/functions/summary.json,ARM prologue heuristic only
0x0202da28,sub_0202da28,function,candidate,analysis/functions/summary.json,ARM prologue heuristic only
0x0202da6c,sub_0202da6c,function,candidate,analysis/functions/summary.json,ARM prologue heuristic only
0x0202dab4,sub_0202dab4,function,candidate,analysis/functions/summary.json,ARM prologue heuristic only
0x0202daec,sub_0202daec,function,candidate,analysis/functions/summary.json,ARM prologue heuristic only
0x0202db74,sub_0202db74,function,candidate,analysis/functions/summary.json,ARM prologue heuristic only
0x0202dbac,sub_0202dbac,function,candidate,analysis/functions/summary.json,ARM prologue heuristic only
0x0202dbe4,sub_0202dbe4,function,candidate,analysis/functions/summary.json,ARM prologue heuristic only
0x0202dc1c,sub_0202dc1c,function,candidate,analysis/functions/summary.json,ARM prologue heuristic only
0x0202dc54,sub_0202dc54,function,candidate,analysis/functions/summary.json,ARM prologue heuristic only
0x0202dce0,sub_0202dce0,function,candidate,analysis/functions/summary.json,ARM prologue heuristic only
0x0202dd20,sub_0202dd20,function,candidate,analysis/functions/summary.json,ARM prologue heuristic only
0x0202dd60,sub_0202dd60,function,candidate,analysis/functions/summary.json,ARM prologue heuristic only
0x0202ddd0,sub_0202ddd0,function,candidate,analysis/functions/summary.json,ARM prologue heuristic only
0x0202de84,sub_0202de84,function,candidate,analysis/functions/summary.json,ARM prologue heuristic only
0x0202df18,sub_0202df18,function,candidate,analysis/functions/summary.json,ARM prologue heuristic only
0x0202dfd0,sub_0202dfd0,function,candidate,analysis/functions/summary.json,ARM prologue heuristic only
0x0202e178,sub_0202e178,function,candidate,analysis/functions/summary.json,ARM prologue heuristic only
0x0202e25c,sub_0202e25c,function,candidate,analysis/functions/summary.json,ARM prologue heuristic only
0x0202e30c,sub_0202e30c,function,candidate,analysis/functions/summary.json,ARM prologue heuristic only
0x0202e338,sub_0202e338,function,candidate,analysis/functions/summary.json,ARM prologue heuristic only
0x0202e364,sub_0202e364,function,candidate,analysis/functions/summary.json,ARM prologue heuristic only
0x0202e3dc,sub_0202e3dc,function,candidate,analysis/functions/summary.json,ARM prologue heuristic only
0x0202e420,sub_0202e420,function,candidate,analysis/functions/summary.json,ARM prologue heuristic only
0x0202e464,sub_0202e464,function,candidate,analysis/functions/summary.json,ARM prologue heuristic only
0x0202e4ac,sub_0202e4ac,function,candidate,analysis/functions/summary.json,ARM prologue heuristic only
0x0202e4d8,sub_0202e4d8,function,candidate,analysis/functions/summary.json,ARM prologue heuristic only
0x0202e504,sub_0202e504,function,candidate,analysis/functions/summary.json,ARM prologue heuristic only
0x0202e568,sub_0202e568,function,candidate,analysis/functions/summary.json,ARM prologue heuristic only
0x0202e5ac,sub_0202e5ac,function,candidate,analysis/functions/summary.json,ARM prologue heuristic only
0x0202e5f0,sub_0202e5f0,function,candidate,analysis/functions/summary.json,ARM prologue heuristic only
0x0202e668,sub_0202e668,function,candidate,analysis/functions/summary.json,ARM prologue heuristic only
0x0202e6ac,sub_0202e6ac,function,candidate,analysis/functions/summary.json,ARM prologue heuristic only
0x0202e6f0,sub_0202e6f0,function,candidate,analysis/functions/summary.json,ARM prologue heuristic only
0x0202e7d4,sub_0202e7d4,function,candidate,analysis/functions/summary.json,ARM prologue heuristic only
0x0202e7ec,sub_0202e7ec,function,candidate,analysis/functions/summary.json,ARM prologue heuristic only
0x0202e804,sub_0202e804,function,candidate,analysis/functions/summary.json,ARM prologue heuristic only
0x0202e81c,sub_0202e81c,function,candidate,analysis/functions/summary.json,ARM prologue heuristic only
0x0202e834,sub_0202e834,function,candidate,analysis/functions/summary.json,ARM prologue heuristic only
0x0202e84c,sub_0202e84c,function,candidate,analysis/functions/summary.json,ARM prologue heuristic only
0x0202e884,sub_0202e884,function,candidate,analysis/functions/summary.json,ARM prologue heuristic only
0x0202e89c,sub_0202e89c,function,candidate,analysis/functions/summary.json,ARM prologue heuristic only
0x0202e938,sub_0202e938,function,candidate,analysis/functions/summary.json,ARM prologue heuristic only
0x0202e9f0,sub_0202e9f0,function,candidate,analysis/functions/summary.json,ARM prologue heuristic only
0x0202ea38,sub_0202ea38,function,candidate,analysis/functions/summary.json,ARM prologue heuristic only
0x0202eb34,sub_0202eb34,function,candidate,analysis/functions/summary.json,ARM prologue heuristic only
0x0202eb88,sub_0202eb88,function,candidate,analysis/functions/summary.json,ARM prologue heuristic only
0x0202ebdc,sub_0202ebdc,function,candidate,analysis/functions/summary.json,ARM prologue heuristic only
0x0202ec2c,sub_0202ec2c,function,candidate,analysis/functions/summary.json,ARM prologue heuristic only
0x0202ec7c,sub_0202ec7c,function,candidate,analysis/functions/summary.json,ARM prologue heuristic only
0x0202ecac,sub_0202ecac,function,candidate,analysis/functions/summary.json,ARM prologue heuristic only
0x0202ece4,sub_0202ece4,function,candidate,analysis/functions/summary.json,ARM prologue heuristic only
0x0202ed14,sub_0202ed14,function,candidate,analysis/functions/summary.json,ARM prologue heuristic only
0x0202eda0,sub_0202eda0,function,candidate,analysis/functions/summary.json,ARM prologue heuristic only
0x0202ee0c,sub_0202ee0c,function,candidate,analysis/functions/summary.json,ARM prologue heuristic only
0x0202ee74,sub_0202ee74,function,candidate,analysis/functions/summary.json,ARM prologue heuristic only
0x0202ee8c,sub_0202ee8c,function,candidate,analysis/functions/summary.json,ARM prologue heuristic only
0x0202eed0,sub_0202eed0,function,candidate,analysis/functions/summary.json,ARM prologue heuristic only
0x0202ef14,sub_0202ef14,function,candidate,analysis/functions/summary.json,ARM prologue heuristic only
0x0202ef60,sub_0202ef60,function,candidate,analysis/functions/summary.json,ARM prologue heuristic only
0x0202efa4,sub_0202efa4,function,candidate,analysis/functions/summary.json,ARM prologue heuristic only
0x0202effc,sub_0202effc,function,candidate,analysis/functions/summary.json,ARM prologue heuristic only
0x0202f09c,sub_0202f09c,function,candidate,analysis/functions/summary.json,ARM prologue heuristic only
0x0202f124,sub_0202f124,function,candidate,analysis/functions/summary.json,ARM prologue heuristic only
0x0202f1b0,sub_0202f1b0,function,candidate,analysis/functions/summary.json,ARM prologue heuristic only
0x0202f244,sub_0202f244,function,candidate,analysis/functions/summary.json,ARM prologue heuristic only
0x0202f33c,sub_0202f33c,function,candidate,analysis/functions/summary.json,ARM prologue heuristic only
0x0202f400,sub_0202f400,function,candidate,analysis/functions/summary.json,ARM prologue heuristic only
0x0202f4a0,sub_0202f4a0,function,candidate,analysis/functions/summary.json,ARM prologue heuristic only
0x0202f538,sub_0202f538,function,candidate,analysis/functions/summary.json,ARM prologue heuristic only
0x0202f5d8,sub_0202f5d8,function,candidate,analysis/functions/summary.json,ARM prologue heuristic only
0x0202f6e8,sub_0202f6e8,function,candidate,analysis/functions/summary.json,ARM prologue heuristic only
0x0202f7ac,sub_0202f7ac,function,candidate,analysis/functions/summary.json,ARM prologue heuristic only
0x0202f7f4,sub_0202f7f4,function,candidate,analysis/functions/summary.json,ARM prologue heuristic only
0x0202f808,sub_0202f808,function,candidate,analysis/functions/summary.json,ARM prologue heuristic only
0x0202f828,sub_0202f828,function,candidate,analysis/functions/summary.json,ARM prologue heuristic only
0x0202f84c,sub_0202f84c,function,candidate,analysis/functions/summary.json,ARM prologue heuristic only
0x0202f888,sub_0202f888,function,candidate,analysis/functions/summary.json,ARM prologue heuristic only
0x0202f8f4,sub_0202f8f4,function,candidate,analysis/functions/summary.json,ARM prologue heuristic only
0x0202f948,sub_0202f948,function,candidate,analysis/functions/summary.json,ARM prologue heuristic only
0x0202f984,sub_0202f984,function,candidate,analysis/functions/summary.json,ARM prologue heuristic only
0x0202f9d8,sub_0202f9d8,function,candidate,analysis/functions/summary.json,ARM prologue heuristic only
0x0202fa10,sub_0202fa10,function,candidate,analysis/functions/summary.json,ARM prologue heuristic only
0x0202fa64,sub_0202fa64,function,candidate,analysis/functions/summary.json,ARM prologue heuristic only
0x0202fadc,sub_0202fadc,function,candidate,analysis/functions/summary.json,ARM prologue heuristic only
0x0202fb1c,sub_0202fb1c,function,candidate,analysis/functions/summary.json,ARM prologue heuristic only
0x0202fb64,sub_0202fb64,function,candidate,analysis/functions/summary.json,ARM prologue heuristic only
0x0202fbfc,sub_0202fbfc,function,candidate,analysis/functions/summary.json,ARM prologue heuristic only
0x0202fcec,sub_0202fcec,function,candidate,analysis/functions/summary.json,ARM prologue heuristic only
0x0202fd44,sub_0202fd44,function,candidate,analysis/functions/summary.json,ARM prologue heuristic only
0x0202fd94,sub_0202fd94,function,candidate,analysis/functions/summary.json,ARM prologue heuristic only
0x0202fdc0,sub_0202fdc0,function,candidate,analysis/functions/summary.json,ARM prologue heuristic only
0x0202fdfc,sub_0202fdfc,function,candidate,analysis/functions/summary.json,ARM prologue heuristic only
0x0202fe84,sub_0202fe84,function,candidate,analysis/functions/summary.json,ARM prologue heuristic only
0x0202fe9c,sub_0202fe9c,function,candidate,analysis/functions/summary.json,ARM prologue heuristic only
0x0202feb4,sub_0202feb4,function,candidate,analysis/functions/summary.json,ARM prologue heuristic only
0x0202fef8,sub_0202fef8,function,candidate,analysis/functions/summary.json,ARM prologue heuristic only
0x0202ff3c,sub_0202ff3c,function,candidate,analysis/functions/summary.json,ARM prologue heuristic only
0x0202ff88,sub_0202ff88,function,candidate,analysis/functions/summary.json,ARM prologue heuristic only
0x0202ffcc,sub_0202ffcc,function,candidate,analysis/functions/summary.json,ARM prologue heuristic only
0x02030024,sub_02030024,function,candidate,analysis/functions/summary.json,ARM prologue heuristic only
0x020300c4,sub_020300c4,function,candidate,analysis/functions/summary.json,ARM prologue heuristic only
0x02030108,sub_02030108,function,candidate,analysis/functions/summary.json,ARM prologue heuristic only
0x0203014c,sub_0203014c,function,candidate,analysis/functions/summary.json,ARM prologue heuristic only
0x02030198,sub_02030198,function,candidate,analysis/functions/summary.json,ARM prologue heuristic only
0x020301dc,sub_020301dc,function,candidate,analysis/functions/summary.json,ARM prologue heuristic only
0x02030234,sub_02030234,function,candidate,analysis/functions/summary.json,ARM prologue heuristic only
0x020302d4,sub_020302d4,function,candidate,analysis/functions/summary.json,ARM prologue heuristic only
0x0203035c,sub_0203035c,function,candidate,analysis/functions/summary.json,ARM prologue heuristic only
0x020303e8,sub_020303e8,function,candidate,analysis/functions/summary.json,ARM prologue heuristic only
0x0203047c,sub_0203047c,function,candidate,analysis/functions/summary.json,ARM prologue heuristic only
0x02030574,sub_02030574,function,candidate,analysis/functions/summary.json,ARM prologue heuristic only
0x02030638,sub_02030638,function,candidate,analysis/functions/summary.json,ARM prologue heuristic only
0x020306cc,sub_020306cc,function,candidate,analysis/functions/summary.json,ARM prologue heuristic only
0x02030764,sub_02030764,function,candidate,analysis/functions/summary.json,ARM prologue heuristic only
0x02030804,sub_02030804,function,candidate,analysis/functions/summary.json,ARM prologue heuristic only
0x02030908,sub_02030908,function,candidate,analysis/functions/summary.json,ARM prologue heuristic only
0x020309cc,sub_020309cc,function,candidate,analysis/functions/summary.json,ARM prologue heuristic only
0x02030a54,sub_02030a54,function,candidate,analysis/functions/summary.json,ARM prologue heuristic only
0x02030ae0,sub_02030ae0,function,candidate,analysis/functions/summary.json,ARM prologue heuristic only
0x02030b74,sub_02030b74,function,candidate,analysis/functions/summary.json,ARM prologue heuristic only
0x02030c6c,sub_02030c6c,function,candidate,analysis/functions/summary.json,ARM prologue heuristic only
0x02030d30,sub_02030d30,function,candidate,analysis/functions/summary.json,ARM prologue heuristic only
0x02030dc4,sub_02030dc4,function,candidate,analysis/functions/summary.json,ARM prologue heuristic only
0x02030e5c,sub_02030e5c,function,candidate,analysis/functions/summary.json,ARM prologue heuristic only
0x02030efc,sub_02030efc,function,candidate,analysis/functions/summary.json,ARM prologue heuristic only
0x02031000,sub_02031000,function,candidate,analysis/functions/summary.json,ARM prologue heuristic only
0x020310c4,sub_020310c4,function,candidate,analysis/functions/summary.json,ARM prologue heuristic only
0x02031144,sub_02031144,function,candidate,analysis/functions/summary.json,ARM prologue heuristic only
0x0203117c,sub_0203117c,function,candidate,analysis/functions/summary.json,ARM prologue heuristic only
0x020311bc,sub_020311bc,function,candidate,analysis/functions/summary.json,ARM prologue heuristic only
0x020312a8,sub_020312a8,function,candidate,analysis/functions/summary.json,ARM prologue heuristic only
0x02031378,sub_02031378,function,candidate,analysis/functions/summary.json,ARM prologue heuristic only
0x020314c4,sub_020314c4,function,candidate,analysis/functions/summary.json,ARM prologue heuristic only
0x020315a4,sub_020315a4,function,candidate,analysis/functions/summary.json,ARM prologue heuristic only
0x02031664,sub_02031664,function,candidate,analysis/functions/summary.json,ARM prologue heuristic only
0x020316e0,sub_020316e0,function,candidate,analysis/functions/summary.json,ARM prologue heuristic only
0x02031730,sub_02031730,function,candidate,analysis/functions/summary.json,ARM prologue heuristic only
0x02031808,sub_02031808,function,candidate,analysis/functions/summary.json,ARM prologue heuristic only
0x020318a0,sub_020318a0,function,candidate,analysis/functions/summary.json,ARM prologue heuristic only
0x020319a4,sub_020319a4,function,candidate,analysis/functions/summary.json,ARM prologue heuristic only
0x02031ae4,sub_02031ae4,function,candidate,analysis/functions/summary.json,ARM prologue heuristic only
0x02031b30,sub_02031b30,function,candidate,analysis/functions/summary.json,ARM prologue heuristic only
0x02031bac,sub_02031bac,function,candidate,analysis/functions/summary.json,ARM prologue heuristic only
0x02031c5c,sub_02031c5c,function,candidate,analysis/functions/summary.json,ARM prologue heuristic only
0x02031d48,sub_02031d48,function,candidate,analysis/functions/summary.json,ARM prologue heuristic only
0x02031dc8,sub_02031dc8,function,candidate,analysis/functions/summary.json,ARM prologue heuristic only
0x02031ec0,sub_02031ec0,function,candidate,analysis/functions/summary.json,ARM prologue heuristic only
0x02031f74,sub_02031f74,function,candidate,analysis/functions/summary.json,ARM prologue heuristic only
0x02031fac,sub_02031fac,function,candidate,analysis/functions/summary.json,ARM prologue heuristic only
0x02031fe4,sub_02031fe4,function,candidate,analysis/functions/summary.json,ARM prologue heuristic only
0x02032020,sub_02032020,function,candidate,analysis/functions/summary.json,ARM prologue heuristic only
0x0203207c,sub_0203207c,function,candidate,analysis/functions/summary.json,ARM prologue heuristic only
0x02032100,sub_02032100,function,candidate,analysis/functions/summary.json,ARM prologue heuristic only
0x02032124,sub_02032124,function,candidate,analysis/functions/summary.json,ARM prologue heuristic only
0x02032150,sub_02032150,function,candidate,analysis/functions/summary.json,ARM prologue heuristic only
0x02032188,sub_02032188,function,candidate,analysis/functions/summary.json,ARM prologue heuristic only
0x020321e0,sub_020321e0,function,candidate,analysis/functions/summary.json,ARM prologue heuristic only
0x02032214,sub_02032214,function,candidate,analysis/functions/summary.json,ARM prologue heuristic only
0x02032250,sub_02032250,function,candidate,analysis/functions/summary.json,ARM prologue heuristic only
0x02032294,sub_02032294,function,candidate,analysis/functions/summary.json,ARM prologue heuristic only
0x0203233c,sub_0203233c,function,candidate,analysis/functions/summary.json,ARM prologue heuristic only
0x0203238c,sub_0203238c,function,candidate,analysis/functions/summary.json,ARM prologue heuristic only
0x02032484,sub_02032484,function,candidate,analysis/functions/summary.json,ARM prologue heuristic only
0x020324ac,sub_020324ac,function,candidate,analysis/functions/summary.json,ARM prologue heuristic only
0x020324e4,sub_020324e4,function,candidate,analysis/functions/summary.json,ARM prologue heuristic only
0x020324f4,sub_020324f4,function,candidate,analysis/functions/summary.json,ARM prologue heuristic only
0x02032580,sub_02032580,function,candidate,analysis/functions/summary.json,ARM prologue heuristic only
0x020325d8,sub_020325d8,function,candidate,analysis/functions/summary.json,ARM prologue heuristic only
0x02032638,sub_02032638,function,candidate,analysis/functions/summary.json,ARM prologue heuristic only
0x02032650,sub_02032650,function,candidate,analysis/functions/summary.json,ARM prologue heuristic only
0x02032694,sub_02032694,function,candidate,analysis/functions/summary.json,ARM prologue heuristic only
0x02032804,sub_02032804,function,candidate,analysis/functions/summary.json,ARM prologue heuristic only
0x02032950,sub_02032950,function,candidate,analysis/functions/summary.json,ARM prologue heuristic only
0x020329c0,sub_020329c0,function,candidate,analysis/functions/summary.json,ARM prologue heuristic only
0x02032a6c,sub_02032a6c,function,candidate,analysis/functions/summary.json,ARM prologue heuristic only
0x02032b54,sub_02032b54,function,candidate,analysis/functions/summary.json,ARM prologue heuristic only
0x02032c0c,sub_02032c0c,function,candidate,analysis/functions/summary.json,ARM prologue heuristic only
0x02032c38,sub_02032c38,function,candidate,analysis/functions/summary.json,ARM prologue heuristic only
0x02032d54,sub_02032d54,function,candidate,analysis/functions/summary.json,ARM prologue heuristic only
0x02032e98,sub_02032e98,function,candidate,analysis/functions/summary.json,ARM prologue heuristic only
0x02033000,sub_02033000,function,candidate,analysis/functions/summary.json,ARM prologue heuristic only
0x02033098,sub_02033098,function,candidate,analysis/functions/summary.json,ARM prologue heuristic only
0x020330e0,sub_020330e0,function,candidate,analysis/functions/summary.json,ARM prologue heuristic only
0x0203318c,sub_0203318c,function,candidate,analysis/functions/summary.json,ARM prologue heuristic only
0x020331b4,sub_020331b4,function,candidate,analysis/functions/summary.json,ARM prologue heuristic only
0x020331cc,sub_020331cc,function,candidate,analysis/functions/summary.json,ARM prologue heuristic only
0x020332e8,sub_020332e8,function,candidate,analysis/functions/summary.json,ARM prologue heuristic only
0x0203337c,sub_0203337c,function,candidate,analysis/functions/summary.json,ARM prologue heuristic only
0x0203339c,sub_0203339c,function,candidate,analysis/functions/summary.json,ARM prologue heuristic only
0x020333c8,sub_020333c8,function,candidate,analysis/functions/summary.json,ARM prologue heuristic only
0x02033438,sub_02033438,function,candidate,analysis/functions/summary.json,ARM prologue heuristic only
0x020334e8,sub_020334e8,function,candidate,analysis/functions/summary.json,ARM prologue heuristic only
0x02033548,sub_02033548,function,candidate,analysis/functions/summary.json,ARM prologue heuristic only
0x020335d4,sub_020335d4,function,candidate,analysis/functions/summary.json,ARM prologue heuristic only
0x02033614,sub_02033614,function,candidate,analysis/functions/summary.json,ARM prologue heuristic only
0x0203365c,sub_0203365c,function,candidate,analysis/functions/summary.json,ARM prologue heuristic only
0x02033674,sub_02033674,function,candidate,analysis/functions/summary.json,ARM prologue heuristic only
0x02033698,sub_02033698,function,candidate,analysis/functions/summary.json,ARM prologue heuristic only
0x02033704,sub_02033704,function,candidate,analysis/functions/summary.json,ARM prologue heuristic only
0x020337d4,sub_020337d4,function,candidate,analysis/functions/summary.json,ARM prologue heuristic only
0x02033808,sub_02033808,function,candidate,analysis/functions/summary.json,ARM prologue heuristic only
0x0203382c,sub_0203382c,function,candidate,analysis/functions/summary.json,ARM prologue heuristic only
0x02033864,sub_02033864,function,candidate,analysis/functions/summary.json,ARM prologue heuristic only
0x0203399c,sub_0203399c,function,candidate,analysis/functions/summary.json,ARM prologue heuristic only
0x020339d0,sub_020339d0,function,candidate,analysis/functions/summary.json,ARM prologue heuristic only
0x020339e8,sub_020339e8,function,candidate,analysis/functions/summary.json,ARM prologue heuristic only
0x02033a24,sub_02033a24,function,candidate,analysis/functions/summary.json,ARM prologue heuristic only
0x02033a94,sub_02033a94,function,candidate,analysis/functions/summary.json,ARM prologue heuristic only
0x02033b0c,sub_02033b0c,function,candidate,analysis/functions/summary.json,ARM prologue heuristic only
0x02033b20,sub_02033b20,function,candidate,analysis/functions/summary.json,ARM prologue heuristic only
0x02033b80,sub_02033b80,function,candidate,analysis/functions/summary.json,ARM prologue heuristic only
0x02033bf0,sub_02033bf0,function,candidate,analysis/functions/summary.json,ARM prologue heuristic only
0x02033c78,sub_02033c78,function,candidate,analysis/functions/summary.json,ARM prologue heuristic only
0x02033ce8,sub_02033ce8,function,candidate,analysis/functions/summary.json,ARM prologue heuristic only
0x02033d9c,sub_02033d9c,function,candidate,analysis/functions/summary.json,ARM prologue heuristic only
0x02033df4,sub_02033df4,function,candidate,analysis/functions/summary.json,ARM prologue heuristic only
0x02033e74,sub_02033e74,function,candidate,analysis/functions/summary.json,ARM prologue heuristic only
0x02033e8c,sub_02033e8c,function,candidate,analysis/functions/summary.json,ARM prologue heuristic only
0x02033f54,sub_02033f54,function,candidate,analysis/functions/summary.json,ARM prologue heuristic only
0x02033f9c,sub_02033f9c,function,candidate,analysis/functions/summary.json,ARM prologue heuristic only
0x02034068,sub_02034068,function,candidate,analysis/functions/summary.json,ARM prologue heuristic only
0x020340c4,sub_020340c4,function,candidate,analysis/functions/summary.json,ARM prologue heuristic only
0x020340f0,sub_020340f0,function,candidate,analysis/functions/summary.json,ARM prologue heuristic only
0x020343e8,sub_020343e8,function,candidate,analysis/functions/summary.json,ARM prologue heuristic only
0x020344c0,sub_020344c0,function,candidate,analysis/functions/summary.json,ARM prologue heuristic only
0x020344fc,sub_020344fc,function,candidate,analysis/functions/summary.json,ARM prologue heuristic only
0x02034524,sub_02034524,function,candidate,analysis/functions/summary.json,ARM prologue heuristic only
0x02034554,sub_02034554,function,candidate,analysis/functions/summary.json,ARM prologue heuristic only
0x020345dc,sub_020345dc,function,candidate,analysis/functions/summary.json,ARM prologue heuristic only
0x020346b4,sub_020346b4,function,candidate,analysis/functions/summary.json,ARM prologue heuristic only
0x020348cc,sub_020348cc,function,candidate,analysis/functions/summary.json,ARM prologue heuristic only
0x02034900,sub_02034900,function,candidate,analysis/functions/summary.json,ARM prologue heuristic only
0x02034958,sub_02034958,function,candidate,analysis/functions/summary.json,ARM prologue heuristic only
0x020349a4,sub_020349a4,function,candidate,analysis/functions/summary.json,ARM prologue heuristic only
0x02034a14,sub_02034a14,function,candidate,analysis/functions/summary.json,ARM prologue heuristic only
0x02034a64,sub_02034a64,function,candidate,analysis/functions/summary.json,ARM prologue heuristic only
0x02034adc,sub_02034adc,function,candidate,analysis/functions/summary.json,ARM prologue heuristic only
0x02034b40,sub_02034b40,function,candidate,analysis/functions/summary.json,ARM prologue heuristic only
0x02034bbc,sub_02034bbc,function,candidate,analysis/functions/summary.json,ARM prologue heuristic only
0x02034c10,sub_02034c10,function,candidate,analysis/functions/summary.json,ARM prologue heuristic only
0x02034f90,sub_02034f90,function,candidate,analysis/functions/summary.json,ARM prologue heuristic only
0x02035088,sub_02035088,function,candidate,analysis/functions/summary.json,ARM prologue heuristic only
0x020350a0,sub_020350a0,function,candidate,analysis/functions/summary.json,ARM prologue heuristic only
0x0203513c,sub_0203513c,function,candidate,analysis/functions/summary.json,ARM prologue heuristic only
0x02035218,sub_02035218,function,candidate,analysis/functions/summary.json,ARM prologue heuristic only
0x020353b0,sub_020353b0,function,candidate,analysis/functions/summary.json,ARM prologue heuristic only
0x02035424,sub_02035424,function,candidate,analysis/functions/summary.json,ARM prologue heuristic only
0x020354f0,sub_020354f0,function,candidate,analysis/functions/summary.json,ARM prologue heuristic only
0x0203551c,sub_0203551c,function,candidate,analysis/functions/summary.json,ARM prologue heuristic only
0x020357a4,sub_020357a4,function,candidate,analysis/functions/summary.json,ARM prologue heuristic only
0x02035890,sub_02035890,function,candidate,analysis/functions/summary.json,ARM prologue heuristic only
0x02035b60,sub_02035b60,function,candidate,analysis/functions/summary.json,ARM prologue heuristic only
0x02035cec,sub_02035cec,function,candidate,analysis/functions/summary.json,ARM prologue heuristic only
0x02035f10,sub_02035f10,function,candidate,analysis/functions/summary.json,ARM prologue heuristic only
0x02035fd8,sub_02035fd8,function,candidate,analysis/functions/summary.json,ARM prologue heuristic only
0x02036100,sub_02036100,function,candidate,analysis/functions/summary.json,ARM prologue heuristic only
0x0203623c,sub_0203623c,function,candidate,analysis/functions/summary.json,ARM prologue heuristic only
0x020363b4,sub_020363b4,function,candidate,analysis/functions/summary.json,ARM prologue heuristic only
0x02036420,sub_02036420,function,candidate,analysis/functions/summary.json,ARM prologue heuristic only
0x0203a2c0,sub_0203a2c0,function,candidate,analysis/functions/summary.json,ARM prologue heuristic only
0x0203c3e8,sub_0203c3e8,function,candidate,analysis/functions/summary.json,ARM prologue heuristic only
0x0203ddbc,sub_0203ddbc,function,candidate,analysis/functions/summary.json,ARM prologue heuristic only
0x0203fe08,sub_0203fe08,function,candidate,analysis/functions/summary.json,ARM prologue heuristic only
0x0203ffe4,sub_0203ffe4,function,candidate,analysis/functions/summary.json,ARM prologue heuristic only
0x02040028,sub_02040028,function,candidate,analysis/functions/summary.json,ARM prologue heuristic only
0x02040d7c,sub_02040d7c,function,candidate,analysis/functions/summary.json,ARM prologue heuristic only
0x02041548,sub_02041548,function,candidate,analysis/functions/summary.json,ARM prologue heuristic only
0x0204167c,sub_0204167c,function,candidate,analysis/functions/summary.json,ARM prologue heuristic only
0x020416c8,sub_020416c8,function,candidate,analysis/functions/summary.json,ARM prologue heuristic only
0x0204174c,sub_0204174c,function,candidate,analysis/functions/summary.json,ARM prologue heuristic only
0x02041840,sub_02041840,function,candidate,analysis/functions/summary.json,ARM prologue heuristic only
0x02041884,sub_02041884,function,candidate,analysis/functions/summary.json,ARM prologue heuristic only
0x02041a8c,sub_02041a8c,function,candidate,analysis/functions/summary.json,ARM prologue heuristic only
0x02041c98,sub_02041c98,function,candidate,analysis/functions/summary.json,ARM prologue heuristic only
0x02041e70,sub_02041e70,function,candidate,analysis/functions/summary.json,ARM prologue heuristic only
0x02041eac,sub_02041eac,function,candidate,analysis/functions/summary.json,ARM prologue heuristic only
0x02041ec8,sub_02041ec8,function,candidate,analysis/functions/summary.json,ARM prologue heuristic only
0x02041f4c,sub_02041f4c,function,candidate,analysis/functions/summary.json,ARM prologue heuristic only
0x02041ffc,sub_02041ffc,function,candidate,analysis/functions/summary.json,ARM prologue heuristic only
0x020424a8,sub_020424a8,function,candidate,analysis/functions/summary.json,ARM prologue heuristic only
0x020426a8,sub_020426a8,function,candidate,analysis/functions/summary.json,ARM prologue heuristic only
0x020426f0,sub_020426f0,function,candidate,analysis/functions/summary.json,ARM prologue heuristic only
0x02042870,sub_02042870,function,candidate,analysis/functions/summary.json,ARM prologue heuristic only
0x020428d0,sub_020428d0,function,candidate,analysis/functions/summary.json,ARM prologue heuristic only
0x02042c1c,sub_02042c1c,function,candidate,analysis/functions/summary.json,ARM prologue heuristic only
0x02042e38,sub_02042e38,function,candidate,analysis/functions/summary.json,ARM prologue heuristic only
0x02042f88,sub_02042f88,function,candidate,analysis/functions/summary.json,ARM prologue heuristic only
0x02042fec,sub_02042fec,function,candidate,analysis/functions/summary.json,ARM prologue heuristic only
0x0204350c,sub_0204350c,function,candidate,analysis/functions/summary.json,ARM prologue heuristic only
0x02043708,sub_02043708,function,candidate,analysis/functions/summary.json,ARM prologue heuristic only
0x02043a08,sub_02043a08,function,candidate,analysis/functions/summary.json,ARM prologue heuristic only
0x02043cc0,sub_02043cc0,function,candidate,analysis/functions/summary.json,ARM prologue heuristic only
0x02043eb8,sub_02043eb8,function,candidate,analysis/functions/summary.json,ARM prologue heuristic only
0x0204543c,sub_0204543c,function,candidate,analysis/functions/summary.json,ARM prologue heuristic only
0x020455b4,sub_020455b4,function,candidate,analysis/functions/summary.json,ARM prologue heuristic only
0x02045a90,sub_02045a90,function,candidate,analysis/functions/summary.json,ARM prologue heuristic only
0x02045b28,sub_02045b28,function,candidate,analysis/functions/summary.json,ARM prologue heuristic only
0x02045c7c,sub_02045c7c,function,candidate,analysis/functions/summary.json,ARM prologue heuristic only
0x02045d5c,sub_02045d5c,function,candidate,analysis/functions/summary.json,ARM prologue heuristic only
0x02046178,sub_02046178,function,candidate,analysis/functions/summary.json,ARM prologue heuristic only
0x020466c8,sub_020466c8,function,candidate,analysis/functions/summary.json,ARM prologue heuristic only
0x020469f8,sub_020469f8,function,candidate,analysis/functions/summary.json,ARM prologue heuristic only
0x02046b7c,sub_02046b7c,function,candidate,analysis/functions/summary.json,ARM prologue heuristic only
0x02046c24,sub_02046c24,function,candidate,analysis/functions/summary.json,ARM prologue heuristic only
0x02046f70,sub_02046f70,function,candidate,analysis/functions/summary.json,ARM prologue heuristic only
0x020470d8,sub_020470d8,function,candidate,analysis/functions/summary.json,ARM prologue heuristic only
0x020499cc,sub_020499cc,function,candidate,analysis/functions/summary.json,ARM prologue heuristic only
0x0204ae20,sub_0204ae20,function,candidate,analysis/functions/summary.json,ARM prologue heuristic only
0x0204ae64,sub_0204ae64,function,candidate,analysis/functions/summary.json,ARM prologue heuristic only
0x0204aea8,sub_0204aea8,function,candidate,analysis/functions/summary.json,ARM prologue heuristic only
0x0204bc70,sub_0204bc70,function,candidate,analysis/functions/summary.json,ARM prologue heuristic only
0x0204bd88,sub_0204bd88,function,candidate,analysis/functions/summary.json,ARM prologue heuristic only
0x0204be2c,sub_0204be2c,function,candidate,analysis/functions/summary.json,ARM prologue heuristic only
0x0204c168,sub_0204c168,function,candidate,analysis/functions/summary.json,ARM prologue heuristic only
0x0204c360,sub_0204c360,function,candidate,analysis/functions/summary.json,ARM prologue heuristic only
0x0204c96c,sub_0204c96c,function,candidate,analysis/functions/summary.json,ARM prologue heuristic only
0x0204ca20,sub_0204ca20,function,candidate,analysis/functions/summary.json,ARM prologue heuristic only
0x0204d3d0,sub_0204d3d0,function,candidate,analysis/functions/summary.json,ARM prologue heuristic only
0x0204e148,sub_0204e148,function,candidate,analysis/functions/summary.json,ARM prologue heuristic only
0x0204f95c,sub_0204f95c,function,candidate,analysis/functions/summary.json,ARM prologue heuristic only
0x0204f9ec,sub_0204f9ec,function,candidate,analysis/functions/summary.json,ARM prologue heuristic only
0x0204fb44,sub_0204fb44,function,candidate,analysis/functions/summary.json,ARM prologue heuristic only
0x020501d4,sub_020501d4,function,candidate,analysis/functions/summary.json,ARM prologue heuristic only
0x02050210,sub_02050210,function,candidate,analysis/functions/summary.json,ARM prologue heuristic only
0x02050394,sub_02050394,function,candidate,analysis/functions/summary.json,ARM prologue heuristic only
0x020503ec,sub_020503ec,function,candidate,analysis/functions/summary.json,ARM prologue heuristic only
0x02050e28,sub_02050e28,function,candidate,analysis/functions/summary.json,ARM prologue heuristic only
0x02050f30,sub_02050f30,function,candidate,analysis/functions/summary.json,ARM prologue heuristic only
0x0205195c,sub_0205195c,function,candidate,analysis/functions/summary.json,ARM prologue heuristic only
0x02053b64,sub_02053b64,function,candidate,analysis/functions/summary.json,ARM prologue heuristic only
0x02053bf8,sub_02053bf8,function,candidate,analysis/functions/summary.json,ARM prologue heuristic only
0x02053ca0,sub_02053ca0,function,candidate,analysis/functions/summary.json,ARM prologue heuristic only
0x02053ff0,sub_02053ff0,function,candidate,analysis/functions/summary.json,ARM prologue heuristic only
0x020541d0,sub_020541d0,function,candidate,analysis/functions/summary.json,ARM prologue heuristic only
0x0205427c,sub_0205427c,function,candidate,analysis/functions/summary.json,ARM prologue heuristic only
0x020543c8,sub_020543c8,function,candidate,analysis/functions/summary.json,ARM prologue heuristic only
0x020545c0,sub_020545c0,function,candidate,analysis/functions/summary.json,ARM prologue heuristic only
0x020548c0,sub_020548c0,function,candidate,analysis/functions/summary.json,ARM prologue heuristic only
0x02054978,sub_02054978,function,candidate,analysis/functions/summary.json,ARM prologue heuristic only
0x02055e18,sub_02055e18,function,candidate,analysis/functions/summary.json,ARM prologue heuristic only
0x02055eb0,sub_02055eb0,function,candidate,analysis/functions/summary.json,ARM prologue heuristic only
0x0205611c,sub_0205611c,function,candidate,analysis/functions/summary.json,ARM prologue heuristic only
0x020561d0,sub_020561d0,function,candidate,analysis/functions/summary.json,ARM prologue heuristic only
0x020576d0,sub_020576d0,function,candidate,analysis/functions/summary.json,ARM prologue heuristic only
0x02058b70,sub_02058b70,function,candidate,analysis/functions/summary.json,ARM prologue heuristic only
0x02058f08,sub_02058f08,function,candidate,analysis/functions/summary.json,ARM prologue heuristic only
0x02058fc8,sub_02058fc8,function,candidate,analysis/functions/summary.json,ARM prologue heuristic only
0x02059010,sub_02059010,function,candidate,analysis/functions/summary.json,ARM prologue heuristic only
0x020590c8,sub_020590c8,function,candidate,analysis/functions/summary.json,ARM prologue heuristic only
0x02059d90,sub_02059d90,function,candidate,analysis/functions/summary.json,ARM prologue heuristic only
0x02060d70,sub_02060d70,function,candidate,analysis/functions/summary.json,ARM prologue heuristic only
0x02061050,sub_02061050,function,candidate,analysis/functions/summary.json,ARM prologue heuristic only
0x020617f4,sub_020617f4,function,candidate,analysis/functions/summary.json,ARM prologue heuristic only
0x02062de0,sub_02062de0,function,candidate,analysis/functions/summary.json,ARM prologue heuristic only
0x02062e2c,sub_02062e2c,function,candidate,analysis/functions/summary.json,ARM prologue heuristic only
0x02062ec4,sub_02062ec4,function,candidate,analysis/functions/summary.json,ARM prologue heuristic only
0x020631b8,sub_020631b8,function,candidate,analysis/functions/summary.json,ARM prologue heuristic only
0x02063208,sub_02063208,function,candidate,analysis/functions/summary.json,ARM prologue heuristic only
0x02063238,sub_02063238,function,candidate,analysis/functions/summary.json,ARM prologue heuristic only
0x02063754,sub_02063754,function,candidate,analysis/functions/summary.json,ARM prologue heuristic only
0x02063d8c,sub_02063d8c,function,candidate,analysis/functions/summary.json,ARM prologue heuristic only
0x02063ec8,sub_02063ec8,function,candidate,analysis/functions/summary.json,ARM prologue heuristic only
0x02064f50,sub_02064f50,function,candidate,analysis/functions/summary.json,ARM prologue heuristic only
0x020659d0,sub_020659d0,function,candidate,analysis/functions/summary.json,ARM prologue heuristic only
0x02065aa0,sub_02065aa0,function,candidate,analysis/functions/summary.json,ARM prologue heuristic only
0x02065c7c,sub_02065c7c,function,candidate,analysis/functions/summary.json,ARM prologue heuristic only
0x020668a4,sub_020668a4,function,candidate,analysis/functions/summary.json,ARM prologue heuristic only
0x02066f14,sub_02066f14,function,candidate,analysis/functions/summary.json,ARM prologue heuristic only
0x02066fa8,sub_02066fa8,function,candidate,analysis/functions/summary.json,ARM prologue heuristic only
0x020670f0,sub_020670f0,function,candidate,analysis/functions/summary.json,ARM prologue heuristic only
0x02068860,sub_02068860,function,candidate,analysis/functions/summary.json,ARM prologue heuristic only
0x020695bc,sub_020695bc,function,candidate,analysis/functions/summary.json,ARM prologue heuristic only
0x0206965c,sub_0206965c,function,candidate,analysis/functions/summary.json,ARM prologue heuristic only
0x0206f81c,sub_0206f81c,function,candidate,analysis/functions/summary.json,ARM prologue heuristic only
0x02070828,sub_02070828,function,candidate,analysis/functions/summary.json,ARM prologue heuristic only
0x020710b8,sub_020710b8,function,candidate,analysis/functions/summary.json,ARM prologue heuristic only
0x02071188,sub_02071188,function,candidate,analysis/functions/summary.json,ARM prologue heuristic only
0x02071a68,sub_02071a68,function,candidate,analysis/functions/summary.json,ARM prologue heuristic only
0x02071aa4,sub_02071aa4,function,candidate,analysis/functions/summary.json,ARM prologue heuristic only
0x02071abc,sub_02071abc,function,candidate,analysis/functions/summary.json,ARM prologue heuristic only
0x02071af8,sub_02071af8,function,candidate,analysis/functions/summary.json,ARM prologue heuristic only
0x02071b34,sub_02071b34,function,candidate,analysis/functions/summary.json,ARM prologue heuristic only
0x02071b70,sub_02071b70,function,candidate,analysis/functions/summary.json,ARM prologue heuristic only
0x02072b7c,sub_02072b7c,function,candidate,analysis/functions/summary.json,ARM prologue heuristic only
0x02072bdc,sub_02072bdc,function,candidate,analysis/functions/summary.json,ARM prologue heuristic only
0x02072c3c,sub_02072c3c,function,candidate,analysis/functions/summary.json,ARM prologue heuristic only
0x02072ca8,sub_02072ca8,function,candidate,analysis/functions/summary.json,ARM prologue heuristic only
0x02072d04,sub_02072d04,function,candidate,analysis/functions/summary.json,ARM prologue heuristic only
0x0207a854,sub_0207a854,function,candidate,analysis/functions/summary.json,ARM prologue heuristic only
0x0207a8c0,sub_0207a8c0,function,candidate,analysis/functions/summary.json,ARM prologue heuristic only
0x0207a924,sub_0207a924,function,candidate,analysis/functions/summary.json,ARM prologue heuristic only
0x0207aab8,sub_0207aab8,function,candidate,analysis/functions/summary.json,ARM prologue heuristic only
0x0207ac00,sub_0207ac00,function,candidate,analysis/functions/summary.json,ARM prologue heuristic only
0x0207ac9c,sub_0207ac9c,function,candidate,analysis/functions/summary.json,ARM prologue heuristic only
0x0207ad38,sub_0207ad38,function,candidate,analysis/functions/summary.json,ARM prologue heuristic only
0x0207adf8,sub_0207adf8,function,candidate,analysis/functions/summary.json,ARM prologue heuristic only
0x0207aec0,sub_0207aec0,function,candidate,analysis/functions/summary.json,ARM prologue heuristic only
0x0207af2c,sub_0207af2c,function,candidate,analysis/functions/summary.json,ARM prologue heuristic only
0x0207af88,sub_0207af88,function,candidate,analysis/functions/summary.json,ARM prologue heuristic only
0x0207ed74,sub_0207ed74,function,candidate,analysis/functions/summary.json,ARM prologue heuristic only
0x0207f784,sub_0207f784,function,candidate,analysis/functions/summary.json,ARM prologue heuristic only
0x0207f8d0,sub_0207f8d0,function,candidate,analysis/functions/summary.json,ARM prologue heuristic only
0x0207f9d8,sub_0207f9d8,function,candidate,analysis/functions/summary.json,ARM prologue heuristic only
0x0207fa44,sub_0207fa44,function,candidate,analysis/functions/summary.json,ARM prologue heuristic only
0x0207faa0,sub_0207faa0,function,candidate,analysis/functions/summary.json,ARM prologue heuristic only
0x02080770,sub_02080770,function,candidate,analysis/functions/summary.json,ARM prologue heuristic only
0x020807b4,sub_020807b4,function,candidate,analysis/functions/summary.json,ARM prologue heuristic only
0x02080830,sub_02080830,function,candidate,analysis/functions/summary.json,ARM prologue heuristic only
0x0208089c,sub_0208089c,function,candidate,analysis/functions/summary.json,ARM prologue heuristic only
0x02080900,sub_02080900,function,candidate,analysis/functions/summary.json,ARM prologue heuristic only
0x0208096c,sub_0208096c,function,candidate,analysis/functions/summary.json,ARM prologue heuristic only
0x020809d0,sub_020809d0,function,candidate,analysis/functions/summary.json,ARM prologue heuristic only
0x02080a3c,sub_02080a3c,function,candidate,analysis/functions/summary.json,ARM prologue heuristic only
0x02080a98,sub_02080a98,function,candidate,analysis/functions/summary.json,ARM prologue heuristic only
0x02081704,sub_02081704,function,candidate,analysis/functions/summary.json,ARM prologue heuristic only
0x020817dc,sub_020817dc,function,candidate,analysis/functions/summary.json,ARM prologue heuristic only
0x020826d8,sub_020826d8,function,candidate,analysis/functions/summary.json,ARM prologue heuristic only
0x02082f80,sub_02082f80,function,candidate,analysis/functions/summary.json,ARM prologue heuristic only
0x02083024,sub_02083024,function,candidate,analysis/functions/summary.json,ARM prologue heuristic only
0x02083274,sub_02083274,function,candidate,analysis/functions/summary.json,ARM prologue heuristic only
0x02083bf0,sub_02083bf0,function,candidate,analysis/functions/summary.json,ARM prologue heuristic only
0x02083cd0,sub_02083cd0,function,candidate,analysis/functions/summary.json,ARM prologue heuristic only
0x02083e94,sub_02083e94,function,candidate,analysis/functions/summary.json,ARM prologue heuristic only
0x02083f38,sub_02083f38,function,candidate,analysis/functions/summary.json,ARM prologue heuristic only
0x02084694,sub_02084694,function,candidate,analysis/functions/summary.json,ARM prologue heuristic only
0x020850e0,sub_020850e0,function,candidate,analysis/functions/summary.json,ARM prologue heuristic only
0x02085280,sub_02085280,function,candidate,analysis/functions/summary.json,ARM prologue heuristic only
0x02086518,sub_02086518,function,candidate,analysis/functions/summary.json,ARM prologue heuristic only
0x020872c8,sub_020872c8,function,candidate,analysis/functions/summary.json,ARM prologue heuristic only
0x02087398,sub_02087398,function,candidate,analysis/functions/summary.json,ARM prologue heuristic only
0x02087468,sub_02087468,function,candidate,analysis/functions/summary.json,ARM prologue heuristic only
0x02087544,sub_02087544,function,candidate,analysis/functions/summary.json,ARM prologue heuristic only
0x02087a9c,sub_02087a9c,function,candidate,analysis/functions/summary.json,ARM prologue heuristic only
0x02087b88,sub_02087b88,function,candidate,analysis/functions/summary.json,ARM prologue heuristic only
0x02087c40,sub_02087c40,function,candidate,analysis/functions/summary.json,ARM prologue heuristic only
0x02087d10,sub_02087d10,function,candidate,analysis/functions/summary.json,ARM prologue heuristic only
0x02087ddc,sub_02087ddc,function,candidate,analysis/functions/summary.json,ARM prologue heuristic only
0x02088054,sub_02088054,function,candidate,analysis/functions/summary.json,ARM prologue heuristic only
0x0208821c,sub_0208821c,function,candidate,analysis/functions/summary.json,ARM prologue heuristic only
0x020882dc,sub_020882dc,function,candidate,analysis/functions/summary.json,ARM prologue heuristic only
0x0208840c,sub_0208840c,function,candidate,analysis/functions/summary.json,ARM prologue heuristic only
0x020886d8,sub_020886d8,function,candidate,analysis/functions/summary.json,ARM prologue heuristic only
0x020894b4,sub_020894b4,function,candidate,analysis/functions/summary.json,ARM prologue heuristic only
0x02089634,sub_02089634,function,candidate,analysis/functions/summary.json,ARM prologue heuristic only
0x02089738,sub_02089738,function,candidate,analysis/functions/summary.json,ARM prologue heuristic only
0x02089788,sub_02089788,function,candidate,analysis/functions/summary.json,ARM prologue heuristic only
0x020897c0,sub_020897c0,function,candidate,analysis/functions/summary.json,ARM prologue heuristic only
0x020897ec,sub_020897ec,function,candidate,analysis/functions/summary.json,ARM prologue heuristic only
0x0208a574,sub_0208a574,function,candidate,analysis/functions/summary.json,ARM prologue heuristic only
0x0208a5e0,sub_0208a5e0,function,candidate,analysis/functions/summary.json,ARM prologue heuristic only
0x0208a7d8,sub_0208a7d8,function,candidate,analysis/functions/summary.json,ARM prologue heuristic only
0x0208e880,sub_0208e880,function,candidate,analysis/functions/summary.json,ARM prologue heuristic only
0x0209028c,sub_0209028c,function,candidate,analysis/functions/summary.json,ARM prologue heuristic only
0x02090380,sub_02090380,function,candidate,analysis/functions/summary.json,ARM prologue heuristic only
0x020903f0,sub_020903f0,function,candidate,analysis/functions/summary.json,ARM prologue heuristic only
0x02090460,sub_02090460,function,candidate,analysis/functions/summary.json,ARM prologue heuristic only
0x020904ac,sub_020904ac,function,candidate,analysis/functions/summary.json,ARM prologue heuristic only
0x020904d4,sub_020904d4,function,candidate,analysis/functions/summary.json,ARM prologue heuristic only
0x02090540,sub_02090540,function,candidate,analysis/functions/summary.json,ARM prologue heuristic only
0x020905cc,sub_020905cc,function,candidate,analysis/functions/summary.json,ARM prologue heuristic only
0x02090728,sub_02090728,function,candidate,analysis/functions/summary.json,ARM prologue heuristic only
0x02093a4c,sub_02093a4c,function,candidate,analysis/functions/summary.json,ARM prologue heuristic only
0x02093ad8,sub_02093ad8,function,candidate,analysis/functions/summary.json,ARM prologue heuristic only
0x02093c80,sub_02093c80,function,candidate,analysis/functions/summary.json,ARM prologue heuristic only
0x02094464,sub_02094464,function,candidate,analysis/functions/summary.json,ARM prologue heuristic only
0x020945dc,sub_020945dc,function,candidate,analysis/functions/summary.json,ARM prologue heuristic only
0x02094650,sub_02094650,function,candidate,analysis/functions/summary.json,ARM prologue heuristic only
0x02094758,sub_02094758,function,candidate,analysis/functions/summary.json,ARM prologue heuristic only
0x02094944,sub_02094944,function,candidate,analysis/functions/summary.json,ARM prologue heuristic only
0x02094b04,sub_02094b04,function,candidate,analysis/functions/summary.json,ARM prologue heuristic only
0x02094cf0,sub_02094cf0,function,candidate,analysis/functions/summary.json,ARM prologue heuristic only
0x02094d9c,sub_02094d9c,function,candidate,analysis/functions/summary.json,ARM prologue heuristic only
0x0209503c,sub_0209503c,function,candidate,analysis/functions/summary.json,ARM prologue heuristic only
0x02095250,sub_02095250,function,candidate,analysis/functions/summary.json,ARM prologue heuristic only
0x020953b0,sub_020953b0,function,candidate,analysis/functions/summary.json,ARM prologue heuristic only
0x02095484,sub_02095484,function,candidate,analysis/functions/summary.json,ARM prologue heuristic only
0x0209550c,sub_0209550c,function,candidate,analysis/functions/summary.json,ARM prologue heuristic only
0x020955a8,sub_020955a8,function,candidate,analysis/functions/summary.json,ARM prologue heuristic only
0x0209562c,sub_0209562c,function,candidate,analysis/functions/summary.json,ARM prologue heuristic only
0x020957a0,sub_020957a0,function,candidate,analysis/functions/summary.json,ARM prologue heuristic only
0x02095840,sub_02095840,function,candidate,analysis/functions/summary.json,ARM prologue heuristic only
0x020958c0,sub_020958c0,function,candidate,analysis/functions/summary.json,ARM prologue heuristic only
0x02095a5c,sub_02095a5c,function,candidate,analysis/functions/summary.json,ARM prologue heuristic only
0x02095c60,sub_02095c60,function,candidate,analysis/functions/summary.json,ARM prologue heuristic only
0x02095ca8,sub_02095ca8,function,candidate,analysis/functions/summary.json,ARM prologue heuristic only
0x02095cc8,sub_02095cc8,function,candidate,analysis/functions/summary.json,ARM prologue heuristic only
0x02095d78,sub_02095d78,function,candidate,analysis/functions/summary.json,ARM prologue heuristic only
0x020960b4,sub_020960b4,function,candidate,analysis/functions/summary.json,ARM prologue heuristic only
0x0209677c,sub_0209677c,function,candidate,analysis/functions/summary.json,ARM prologue heuristic only
0x02096a58,sub_02096a58,function,candidate,analysis/functions/summary.json,ARM prologue heuristic only
0x02096b14,sub_02096b14,function,candidate,analysis/functions/summary.json,ARM prologue heuristic only
0x02096cc4,sub_02096cc4,function,candidate,analysis/functions/summary.json,ARM prologue heuristic only
0x02096df0,sub_02096df0,function,candidate,analysis/functions/summary.json,ARM prologue heuristic only
0x02096f34,sub_02096f34,function,candidate,analysis/functions/summary.json,ARM prologue heuristic only
0x02097138,sub_02097138,function,candidate,analysis/functions/summary.json,ARM prologue heuristic only
0x0209735c,sub_0209735c,function,candidate,analysis/functions/summary.json,ARM prologue heuristic only
0x020974a8,sub_020974a8,function,candidate,analysis/functions/summary.json,ARM prologue heuristic only
0x02097530,sub_02097530,function,candidate,analysis/functions/summary.json,ARM prologue heuristic only
0x020975bc,sub_020975bc,function,candidate,analysis/functions/summary.json,ARM prologue heuristic only
0x02097940,sub_02097940,function,candidate,analysis/functions/summary.json,ARM prologue heuristic only
0x02097ad8,sub_02097ad8,function,candidate,analysis/functions/summary.json,ARM prologue heuristic only
0x02097e48,sub_02097e48,function,candidate,analysis/functions/summary.json,ARM prologue heuristic only
0x02097fe8,sub_02097fe8,function,candidate,analysis/functions/summary.json,ARM prologue heuristic only
0x020983f8,sub_020983f8,function,candidate,analysis/functions/summary.json,ARM prologue heuristic only
0x020987b8,sub_020987b8,function,candidate,analysis/functions/summary.json,ARM prologue heuristic only
0x02098ac8,sub_02098ac8,function,candidate,analysis/functions/summary.json,ARM prologue heuristic only
0x02098c14,sub_02098c14,function,candidate,analysis/functions/summary.json,ARM prologue heuristic only
0x02099320,sub_02099320,function,candidate,analysis/functions/summary.json,ARM prologue heuristic only
0x02099fbc,sub_02099fbc,function,candidate,analysis/functions/summary.json,ARM prologue heuristic only
0x0209a4e0,sub_0209a4e0,function,candidate,analysis/functions/summary.json,ARM prologue heuristic only
0x0209a508,sub_0209a508,function,candidate,analysis/functions/summary.json,ARM prologue heuristic only
0x0209afe0,sub_0209afe0,function,candidate,analysis/functions/summary.json,ARM prologue heuristic only
0x0209b8fc,sub_0209b8fc,function,candidate,analysis/functions/summary.json,ARM prologue heuristic only
0x0209bd14,sub_0209bd14,function,candidate,analysis/functions/summary.json,ARM prologue heuristic only
0x0209bdc8,sub_0209bdc8,function,candidate,analysis/functions/summary.json,ARM prologue heuristic only
0x0209bf0c,sub_0209bf0c,function,candidate,analysis/functions/summary.json,ARM prologue heuristic only
0x0209bfb4,sub_0209bfb4,function,candidate,analysis/functions/summary.json,ARM prologue heuristic only
0x0209c0b0,sub_0209c0b0,function,candidate,analysis/functions/summary.json,ARM prologue heuristic only
0x0209c540,sub_0209c540,function,candidate,analysis/functions/summary.json,ARM prologue heuristic only
0x0209c6e4,sub_0209c6e4,function,candidate,analysis/functions/summary.json,ARM prologue heuristic only
0x0209cf5c,sub_0209cf5c,function,candidate,analysis/functions/summary.json,ARM prologue heuristic only
0x0209d008,sub_0209d008,function,candidate,analysis/functions/summary.json,ARM prologue heuristic only
0x0209d36c,sub_0209d36c,function,candidate,analysis/functions/summary.json,ARM prologue heuristic only
0x0209d5a4,sub_0209d5a4,function,candidate,analysis/functions/summary.json,ARM prologue heuristic only
0x0209d5f0,sub_0209d5f0,function,candidate,analysis/functions/summary.json,ARM prologue heuristic only
0x0209d848,sub_0209d848,function,candidate,analysis/functions/summary.json,ARM prologue heuristic only
0x0209dec4,sub_0209dec4,function,candidate,analysis/functions/summary.json,ARM prologue heuristic only
0x0209e184,sub_0209e184,function,candidate,analysis/functions/summary.json,ARM prologue heuristic only
0x0209e340,sub_0209e340,function,candidate,analysis/functions/summary.json,ARM prologue heuristic only
0x0209e47c,sub_0209e47c,function,candidate,analysis/functions/summary.json,ARM prologue heuristic only
0x0209e520,sub_0209e520,function,candidate,analysis/functions/summary.json,ARM prologue heuristic only
0x0209e5c0,sub_0209e5c0,function,candidate,analysis/functions/summary.json,ARM prologue heuristic only
0x0209e6d0,sub_0209e6d0,function,candidate,analysis/functions/summary.json,ARM prologue heuristic only
0x0209f4c0,sub_0209f4c0,function,candidate,analysis/functions/summary.json,ARM prologue heuristic only
0x0209f518,sub_0209f518,function,candidate,analysis/functions/summary.json,ARM prologue heuristic only
0x0209f534,sub_0209f534,function,candidate,analysis/functions/summary.json,ARM prologue heuristic only
0x0209f600,sub_0209f600,function,candidate,analysis/functions/summary.json,ARM prologue heuristic only
0x0209f760,sub_0209f760,function,candidate,analysis/functions/summary.json,ARM prologue heuristic only
0x0209f87c,sub_0209f87c,function,candidate,analysis/functions/summary.json,ARM prologue heuristic only
0x0209fa7c,sub_0209fa7c,function,candidate,analysis/functions/summary.json,ARM prologue heuristic only
0x0209fde8,sub_0209fde8,function,candidate,analysis/functions/summary.json,ARM prologue heuristic only
0x0209ff14,sub_0209ff14,function,candidate,analysis/functions/summary.json,ARM prologue heuristic only
0x0209ff58,sub_0209ff58,function,candidate,analysis/functions/summary.json,ARM prologue heuristic only
0x0209ffa8,sub_0209ffa8,function,candidate,analysis/functions/summary.json,ARM prologue heuristic only
0x0209fff8,sub_0209fff8,function,candidate,analysis/functions/summary.json,ARM prologue heuristic only
0x020a000c,sub_020a000c,function,candidate,analysis/functions/summary.json,ARM prologue heuristic only
0x020a00bc,sub_020a00bc,function,candidate,analysis/functions/summary.json,ARM prologue heuristic only
0x020a00f0,sub_020a00f0,function,candidate,analysis/functions/summary.json,ARM prologue heuristic only
0x020a0244,sub_020a0244,function,candidate,analysis/functions/summary.json,ARM prologue heuristic only
0x020a02e8,sub_020a02e8,function,candidate,analysis/functions/summary.json,ARM prologue heuristic only
0x020a0800,sub_020a0800,function,candidate,analysis/functions/summary.json,ARM prologue heuristic only
0x020a087c,sub_020a087c,function,candidate,analysis/functions/summary.json,ARM prologue heuristic only
0x020a096c,sub_020a096c,function,candidate,analysis/functions/summary.json,ARM prologue heuristic only
0x020a0998,sub_020a0998,function,candidate,analysis/functions/summary.json,ARM prologue heuristic only
0x020a09c8,sub_020a09c8,function,candidate,analysis/functions/summary.json,ARM prologue heuristic only
0x020a0b84,sub_020a0b84,function,candidate,analysis/functions/summary.json,ARM prologue heuristic only
0x020a0c14,sub_020a0c14,function,candidate,analysis/functions/summary.json,ARM prologue heuristic only
0x020a0c38,sub_020a0c38,function,candidate,analysis/functions/summary.json,ARM prologue heuristic only
0x020a0c5c,sub_020a0c5c,function,candidate,analysis/functions/summary.json,ARM prologue heuristic only
0x020a0efc,sub_020a0efc,function,candidate,analysis/functions/summary.json,ARM prologue heuristic only
0x020a0f28,sub_020a0f28,function,candidate,analysis/functions/summary.json,ARM prologue heuristic only
0x020a0f58,sub_020a0f58,function,candidate,analysis/functions/summary.json,ARM prologue heuristic only
0x020a1058,sub_020a1058,function,candidate,analysis/functions/summary.json,ARM prologue heuristic only
0x020a10e8,sub_020a10e8,function,candidate,analysis/functions/summary.json,ARM prologue heuristic only
0x020a110c,sub_020a110c,function,candidate,analysis/functions/summary.json,ARM prologue heuristic only
0x020a1130,sub_020a1130,function,candidate,analysis/functions/summary.json,ARM prologue heuristic only
0x020a13c0,sub_020a13c0,function,candidate,analysis/functions/summary.json,ARM prologue heuristic only
0x020a13f4,sub_020a13f4,function,candidate,analysis/functions/summary.json,ARM prologue heuristic only
0x020a14b4,sub_020a14b4,function,candidate,analysis/functions/summary.json,ARM prologue heuristic only
0x020a1a48,sub_020a1a48,function,candidate,analysis/functions/summary.json,ARM prologue heuristic only
0x020a1a98,sub_020a1a98,function,candidate,analysis/functions/summary.json,ARM prologue heuristic only
0x020a1cd4,sub_020a1cd4,function,candidate,analysis/functions/summary.json,ARM prologue heuristic only
0x020a1d60,sub_020a1d60,function,candidate,analysis/functions/summary.json,ARM prologue heuristic only
0x020a1d80,sub_020a1d80,function,candidate,analysis/functions/summary.json,ARM prologue heuristic only
0x020a1e04,sub_020a1e04,function,candidate,analysis/functions/summary.json,ARM prologue heuristic only
0x020a1e98,sub_020a1e98,function,candidate,analysis/functions/summary.json,ARM prologue heuristic only
0x020a1fa8,sub_020a1fa8,function,candidate,analysis/functions/summary.json,ARM prologue heuristic only
0x020a2040,sub_020a2040,function,candidate,analysis/functions/summary.json,ARM prologue heuristic only
0x020a2064,sub_020a2064,function,candidate,analysis/functions/summary.json,ARM prologue heuristic only
0x020a2088,sub_020a2088,function,candidate,analysis/functions/summary.json,ARM prologue heuristic only
0x020a2200,sub_020a2200,function,candidate,analysis/functions/summary.json,ARM prologue heuristic only
0x020a2214,sub_020a2214,function,candidate,analysis/functions/summary.json,ARM prologue heuristic only
0x020a2288,sub_020a2288,function,candidate,analysis/functions/summary.json,ARM prologue heuristic only
0x020a242c,sub_020a242c,function,candidate,analysis/functions/summary.json,ARM prologue heuristic only
0x020a2544,sub_020a2544,function,candidate,analysis/functions/summary.json,ARM prologue heuristic only
0x020a2568,sub_020a2568,function,candidate,analysis/functions/summary.json,ARM prologue heuristic only
0x020a258c,sub_020a258c,function,candidate,analysis/functions/summary.json,ARM prologue heuristic only
0x020a26d0,sub_020a26d0,function,candidate,analysis/functions/summary.json,ARM prologue heuristic only
0x020a28ac,sub_020a28ac,function,candidate,analysis/functions/summary.json,ARM prologue heuristic only
0x020a28c0,sub_020a28c0,function,candidate,analysis/functions/summary.json,ARM prologue heuristic only
0x020a2b10,sub_020a2b10,function,candidate,analysis/functions/summary.json,ARM prologue heuristic only
0x020a2b7c,sub_020a2b7c,function,candidate,analysis/functions/summary.json,ARM prologue heuristic only
0x020a2bbc,sub_020a2bbc,function,candidate,analysis/functions/summary.json,ARM prologue heuristic only
0x020a2bdc,sub_020a2bdc,function,candidate,analysis/functions/summary.json,ARM prologue heuristic only
0x020a2bf8,sub_020a2bf8,function,candidate,analysis/functions/summary.json,ARM prologue heuristic only
0x020a2c18,sub_020a2c18,function,candidate,analysis/functions/summary.json,ARM prologue heuristic only
0x020a2c34,sub_020a2c34,function,candidate,analysis/functions/summary.json,ARM prologue heuristic only
0x020a2d50,sub_020a2d50,function,candidate,analysis/functions/summary.json,ARM prologue heuristic only
0x020a2d7c,sub_020a2d7c,function,candidate,analysis/functions/summary.json,ARM prologue heuristic only
0x020a2da8,sub_020a2da8,function,candidate,analysis/functions/summary.json,ARM prologue heuristic only
0x020a2f9c,sub_020a2f9c,function,candidate,analysis/functions/summary.json,ARM prologue heuristic only
0x020a3048,sub_020a3048,function,candidate,analysis/functions/summary.json,ARM prologue heuristic only
0x020a3d50,sub_020a3d50,function,candidate,analysis/functions/summary.json,ARM prologue heuristic only
0x020a3da4,sub_020a3da4,function,candidate,analysis/functions/summary.json,ARM prologue heuristic only
0x020a3e50,sub_020a3e50,function,candidate,analysis/functions/summary.json,ARM prologue heuristic only
0x020a3f10,sub_020a3f10,function,candidate,analysis/functions/summary.json,ARM prologue heuristic only
0x020a3fb4,sub_020a3fb4,function,candidate,analysis/functions/summary.json,ARM prologue heuristic only
0x020a4084,sub_020a4084,function,candidate,analysis/functions/summary.json,ARM prologue heuristic only
0x020a4110,sub_020a4110,function,candidate,analysis/functions/summary.json,ARM prologue heuristic only
0x020a4190,sub_020a4190,function,candidate,analysis/functions/summary.json,ARM prologue heuristic only
0x020a4234,sub_020a4234,function,candidate,analysis/functions/summary.json,ARM prologue heuristic only
0x020a4364,sub_020a4364,function,candidate,analysis/functions/summary.json,ARM prologue heuristic only
0x020a4450,sub_020a4450,function,candidate,analysis/functions/summary.json,ARM prologue heuristic only
0x020a44e0,sub_020a44e0,function,candidate,analysis/functions/summary.json,ARM prologue heuristic only
0x020a4584,sub_020a4584,function,candidate,analysis/functions/summary.json,ARM prologue heuristic only
0x020a45c8,sub_020a45c8,function,candidate,analysis/functions/summary.json,ARM prologue heuristic only
0x020a4634,sub_020a4634,function,candidate,analysis/functions/summary.json,ARM prologue heuristic only
0x020a4778,sub_020a4778,function,candidate,analysis/functions/summary.json,ARM prologue heuristic only
0x020a4818,sub_020a4818,function,candidate,analysis/functions/summary.json,ARM prologue heuristic only
0x020a49d0,sub_020a49d0,function,candidate,analysis/functions/summary.json,ARM prologue heuristic only
0x020a4a68,sub_020a4a68,function,candidate,analysis/functions/summary.json,ARM prologue heuristic only
0x020a4bcc,sub_020a4bcc,function,candidate,analysis/functions/summary.json,ARM prologue heuristic only
0x020a4c38,sub_020a4c38,function,candidate,analysis/functions/summary.json,ARM prologue heuristic only
0x020a4f38,sub_020a4f38,function,candidate,analysis/functions/summary.json,ARM prologue heuristic only
0x020a50b4,sub_020a50b4,function,candidate,analysis/functions/summary.json,ARM prologue heuristic only
0x020a50e4,sub_020a50e4,function,candidate,analysis/functions/summary.json,ARM prologue heuristic only
0x020a5190,sub_020a5190,function,candidate,analysis/functions/summary.json,ARM prologue heuristic only
0x020a51e8,sub_020a51e8,function,candidate,analysis/functions/summary.json,ARM prologue heuristic only
0x020a5254,sub_020a5254,function,candidate,analysis/functions/summary.json,ARM prologue heuristic only
0x020a5728,sub_020a5728,function,candidate,analysis/functions/summary.json,ARM prologue heuristic only
0x020a575c,sub_020a575c,function,candidate,analysis/functions/summary.json,ARM prologue heuristic only
0x020a5790,sub_020a5790,function,candidate,analysis/functions/summary.json,ARM prologue heuristic only
0x020a57bc,sub_020a57bc,function,candidate,analysis/functions/summary.json,ARM prologue heuristic only
0x020a57e8,sub_020a57e8,function,candidate,analysis/functions/summary.json,ARM prologue heuristic only
0x020a5814,sub_020a5814,function,candidate,analysis/functions/summary.json,ARM prologue heuristic only
0x020a5840,sub_020a5840,function,candidate,analysis/functions/summary.json,ARM prologue heuristic only
0x020a586c,sub_020a586c,function,candidate,analysis/functions/summary.json,ARM prologue heuristic only
0x020a5898,sub_020a5898,function,candidate,analysis/functions/summary.json,ARM prologue heuristic only
0x020a58cc,sub_020a58cc,function,candidate,analysis/functions/summary.json,ARM prologue heuristic only
0x020a5900,sub_020a5900,function,candidate,analysis/functions/summary.json,ARM prologue heuristic only
0x020a592c,sub_020a592c,function,candidate,analysis/functions/summary.json,ARM prologue heuristic only
0x020a5958,sub_020a5958,function,candidate,analysis/functions/summary.json,ARM prologue heuristic only
0x020a5984,sub_020a5984,function,candidate,analysis/functions/summary.json,ARM prologue heuristic only
0x020a59b0,sub_020a59b0,function,candidate,analysis/functions/summary.json,ARM prologue heuristic only
0x020a59dc,sub_020a59dc,function,candidate,analysis/functions/summary.json,ARM prologue heuristic only
0x020a5a08,sub_020a5a08,function,candidate,analysis/functions/summary.json,ARM prologue heuristic only
0x020a5cfc,sub_020a5cfc,function,candidate,analysis/functions/summary.json,ARM prologue heuristic only
0x020a5fb4,sub_020a5fb4,function,candidate,analysis/functions/summary.json,ARM prologue heuristic only
0x020a62d8,sub_020a62d8,function,candidate,analysis/functions/summary.json,ARM prologue heuristic only
0x020a6338,sub_020a6338,function,candidate,analysis/functions/summary.json,ARM prologue heuristic only
0x020a6488,sub_020a6488,function,candidate,analysis/functions/summary.json,ARM prologue heuristic only
0x020a6540,sub_020a6540,function,candidate,analysis/functions/summary.json,ARM prologue heuristic only
0x020a65e8,sub_020a65e8,function,candidate,analysis/functions/summary.json,ARM prologue heuristic only
0x020a6638,sub_020a6638,function,candidate,analysis/functions/summary.json,ARM prologue heuristic only
0x020a66a0,sub_020a66a0,function,candidate,analysis/functions/summary.json,ARM prologue heuristic only
0x020a6740,sub_020a6740,function,candidate,analysis/functions/summary.json,ARM prologue heuristic only
0x020a6838,sub_020a6838,function,candidate,analysis/functions/summary.json,ARM prologue heuristic only
0x020a694c,sub_020a694c,function,candidate,analysis/functions/summary.json,ARM prologue heuristic only
0x020a6b04,sub_020a6b04,function,candidate,analysis/functions/summary.json,ARM prologue heuristic only
0x020a6c64,sub_020a6c64,function,candidate,analysis/functions/summary.json,ARM prologue heuristic only
0x020a6d2c,sub_020a6d2c,function,candidate,analysis/functions/summary.json,ARM prologue heuristic only
0x020a6dd0,sub_020a6dd0,function,candidate,analysis/functions/summary.json,ARM prologue heuristic only
0x020a6e60,sub_020a6e60,function,candidate,analysis/functions/summary.json,ARM prologue heuristic only
0x020a710c,sub_020a710c,function,candidate,analysis/functions/summary.json,ARM prologue heuristic only
0x020a715c,sub_020a715c,function,candidate,analysis/functions/summary.json,ARM prologue heuristic only
0x020a7234,sub_020a7234,function,candidate,analysis/functions/summary.json,ARM prologue heuristic only
0x020a73b4,sub_020a73b4,function,candidate,analysis/functions/summary.json,ARM prologue heuristic only
0x020a7660,sub_020a7660,function,candidate,analysis/functions/summary.json,ARM prologue heuristic only
0x020a777c,sub_020a777c,function,candidate,analysis/functions/summary.json,ARM prologue heuristic only
0x020a77d0,sub_020a77d0,function,candidate,analysis/functions/summary.json,ARM prologue heuristic only
0x020a7898,sub_020a7898,function,candidate,analysis/functions/summary.json,ARM prologue heuristic only
0x020a7938,sub_020a7938,function,candidate,analysis/functions/summary.json,ARM prologue heuristic only
0x020a7968,sub_020a7968,function,candidate,analysis/functions/summary.json,ARM prologue heuristic only
0x020a79ac,sub_020a79ac,function,candidate,analysis/functions/summary.json,ARM prologue heuristic only
0x020a79f4,sub_020a79f4,function,candidate,analysis/functions/summary.json,ARM prologue heuristic only
0x020a7b60,sub_020a7b60,function,candidate,analysis/functions/summary.json,ARM prologue heuristic only
0x020a7b7c,sub_020a7b7c,function,candidate,analysis/functions/summary.json,ARM prologue heuristic only
0x020a7bc4,sub_020a7bc4,function,candidate,analysis/functions/summary.json,ARM prologue heuristic only
0x020a7c14,sub_020a7c14,function,candidate,analysis/functions/summary.json,ARM prologue heuristic only
0x020a7c28,sub_020a7c28,function,candidate,analysis/functions/summary.json,ARM prologue heuristic only
0x020a7c64,sub_020a7c64,function,candidate,analysis/functions/summary.json,ARM prologue heuristic only
0x020a7c98,sub_020a7c98,function,candidate,analysis/functions/summary.json,ARM prologue heuristic only
0x020a7d10,sub_020a7d10,function,candidate,analysis/functions/summary.json,ARM prologue heuristic only
0x020a7d74,sub_020a7d74,function,candidate,analysis/functions/summary.json,ARM prologue heuristic only
0x020a7da8,sub_020a7da8,function,candidate,analysis/functions/summary.json,ARM prologue heuristic only
0x020a7dbc,sub_020a7dbc,function,candidate,analysis/functions/summary.json,ARM prologue heuristic only
0x020a7e68,sub_020a7e68,function,candidate,analysis/functions/summary.json,ARM prologue heuristic only
0x020a8394,sub_020a8394,function,candidate,analysis/functions/summary.json,ARM prologue heuristic only
0x020a846c,sub_020a846c,function,candidate,analysis/functions/summary.json,ARM prologue heuristic only
0x020a85e4,sub_020a85e4,function,candidate,analysis/functions/summary.json,ARM prologue heuristic only
0x020a8780,sub_020a8780,function,candidate,analysis/functions/summary.json,ARM prologue heuristic only
0x020a87b8,sub_020a87b8,function,candidate,analysis/functions/summary.json,ARM prologue heuristic only
0x020a89a0,sub_020a89a0,function,candidate,analysis/functions/summary.json,ARM prologue heuristic only
0x020a89fc,sub_020a89fc,function,candidate,analysis/functions/summary.json,ARM prologue heuristic only
0x020a91ec,sub_020a91ec,function,candidate,analysis/functions/summary.json,ARM prologue heuristic only
0x020a9260,sub_020a9260,function,candidate,analysis/functions/summary.json,ARM prologue heuristic only
0x020a92ac,sub_020a92ac,function,candidate,analysis/functions/summary.json,ARM prologue heuristic only
0x020a9918,sub_020a9918,function,candidate,analysis/functions/summary.json,ARM prologue heuristic only
0x020a9b1c,sub_020a9b1c,function,candidate,analysis/functions/summary.json,ARM prologue heuristic only
0x020aa404,sub_020aa404,function,candidate,analysis/functions/summary.json,ARM prologue heuristic only
0x020aa77c,sub_020aa77c,function,candidate,analysis/functions/summary.json,ARM prologue heuristic only
0x020ab6f4,sub_020ab6f4,function,candidate,analysis/functions/summary.json,ARM prologue heuristic only
0x020ab7a0,sub_020ab7a0,function,candidate,analysis/functions/summary.json,ARM prologue heuristic only
0x020ab8f0,sub_020ab8f0,function,candidate,analysis/functions/summary.json,ARM prologue heuristic only
0x020aba94,sub_020aba94,function,candidate,analysis/functions/summary.json,ARM prologue heuristic only
0x020abb3c,sub_020abb3c,function,candidate,analysis/functions/summary.json,ARM prologue heuristic only
0x020ac730,sub_020ac730,function,candidate,analysis/functions/summary.json,ARM prologue heuristic only
0x020ac7cc,sub_020ac7cc,function,candidate,analysis/functions/summary.json,ARM prologue heuristic only
0x020ad0e0,sub_020ad0e0,function,candidate,analysis/functions/summary.json,ARM prologue heuristic only
0x020ae308,sub_020ae308,function,candidate,analysis/functions/summary.json,ARM prologue heuristic only
0x020ae450,sub_020ae450,function,candidate,analysis/functions/summary.json,ARM prologue heuristic only
0x020aebf0,sub_020aebf0,function,candidate,analysis/functions/summary.json,ARM prologue heuristic only
0x020aec48,sub_020aec48,function,candidate,analysis/functions/summary.json,ARM prologue heuristic only
0x020aedb0,sub_020aedb0,function,candidate,analysis/functions/summary.json,ARM prologue heuristic only
0x020aedd8,sub_020aedd8,function,candidate,analysis/functions/summary.json,ARM prologue heuristic only
0x020aee2c,sub_020aee2c,function,candidate,analysis/functions/summary.json,ARM prologue heuristic only
0x020aeea8,sub_020aeea8,function,candidate,analysis/functions/summary.json,ARM prologue heuristic only
0x020aef18,sub_020aef18,function,candidate,analysis/functions/summary.json,ARM prologue heuristic only
0x020af904,sub_020af904,function,candidate,analysis/functions/summary.json,ARM prologue heuristic only
0x020afdac,sub_020afdac,function,candidate,analysis/functions/summary.json,ARM prologue heuristic only
0x020afe64,sub_020afe64,function,candidate,analysis/functions/summary.json,ARM prologue heuristic only
0x020afedc,sub_020afedc,function,candidate,analysis/functions/summary.json,ARM prologue heuristic only
0x020affc8,sub_020affc8,function,candidate,analysis/functions/summary.json,ARM prologue heuristic only
0x020b01a4,sub_020b01a4,function,candidate,analysis/functions/summary.json,ARM prologue heuristic only
0x020b04c0,sub_020b04c0,function,candidate,analysis/functions/summary.json,ARM prologue heuristic only
0x020b0e50,sub_020b0e50,function,candidate,analysis/functions/summary.json,ARM prologue heuristic only
0x020b1884,sub_020b1884,function,candidate,analysis/functions/summary.json,ARM prologue heuristic only
0x020b1cb0,sub_020b1cb0,function,candidate,analysis/functions/summary.json,ARM prologue heuristic only
0x020b1da8,sub_020b1da8,function,candidate,analysis/functions/summary.json,ARM prologue heuristic only
0x020b1df4,sub_020b1df4,function,candidate,analysis/functions/summary.json,ARM prologue heuristic only
0x020b23c0,sub_020b23c0,function,candidate,analysis/functions/summary.json,ARM prologue heuristic only
0x020b25c8,sub_020b25c8,function,candidate,analysis/functions/summary.json,ARM prologue heuristic only
0x020b2910,sub_020b2910,function,candidate,analysis/functions/summary.json,ARM prologue heuristic only
0x020b2bb4,sub_020b2bb4,function,candidate,analysis/functions/summary.json,ARM prologue heuristic only
0x020b2c20,sub_020b2c20,function,candidate,analysis/functions/summary.json,ARM prologue heuristic only
0x020b2ebc,sub_020b2ebc,function,candidate,analysis/functions/summary.json,ARM prologue heuristic only
0x020b2f60,sub_020b2f60,function,candidate,analysis/functions/summary.json,ARM prologue heuristic only
0x020b30e0,sub_020b30e0,function,candidate,analysis/functions/summary.json,ARM prologue heuristic only
0x020b3174,sub_020b3174,function,candidate,analysis/functions/summary.json,ARM prologue heuristic only
0x020b32d0,sub_020b32d0,function,candidate,analysis/functions/summary.json,ARM prologue heuristic only
0x020b34b8,sub_020b34b8,function,candidate,analysis/functions/summary.json,ARM prologue heuristic only
0x020b34f4,sub_020b34f4,function,candidate,analysis/functions/summary.json,ARM prologue heuristic only
0x020b358c,sub_020b358c,function,candidate,analysis/functions/summary.json,ARM prologue heuristic only
0x020b3640,sub_020b3640,function,candidate,analysis/functions/summary.json,ARM prologue heuristic only
0x020b37a4,sub_020b37a4,function,candidate,analysis/functions/summary.json,ARM prologue heuristic only
0x020b3808,sub_020b3808,function,candidate,analysis/functions/summary.json,ARM prologue heuristic only
0x020b3860,sub_020b3860,function,candidate,analysis/functions/summary.json,ARM prologue heuristic only
0x020b38b8,sub_020b38b8,function,candidate,analysis/functions/summary.json,ARM prologue heuristic only
0x020b3958,sub_020b3958,function,candidate,analysis/functions/summary.json,ARM prologue heuristic only
0x020b3c88,sub_020b3c88,function,candidate,analysis/functions/summary.json,ARM prologue heuristic only
0x020b3d38,sub_020b3d38,function,candidate,analysis/functions/summary.json,ARM prologue heuristic only
0x020b3e40,sub_020b3e40,function,candidate,analysis/functions/summary.json,ARM prologue heuristic only
0x020b3e98,sub_020b3e98,function,candidate,analysis/functions/summary.json,ARM prologue heuristic only
0x020b3ed8,sub_020b3ed8,function,candidate,analysis/functions/summary.json,ARM prologue heuristic only
0x020b3f50,sub_020b3f50,function,candidate,analysis/functions/summary.json,ARM prologue heuristic only
0x020b3f88,sub_020b3f88,function,candidate,analysis/functions/summary.json,ARM prologue heuristic only
0x020b4050,sub_020b4050,function,candidate,analysis/functions/summary.json,ARM prologue heuristic only
0x020b423c,sub_020b423c,function,candidate,analysis/functions/summary.json,ARM prologue heuristic only
0x020b430c,sub_020b430c,function,candidate,analysis/functions/summary.json,ARM prologue heuristic only
0x020b4420,sub_020b4420,function,candidate,analysis/functions/summary.json,ARM prologue heuristic only
0x020b448c,sub_020b448c,function,candidate,analysis/functions/summary.json,ARM prologue heuristic only
0x020b44a4,sub_020b44a4,function,candidate,analysis/functions/summary.json,ARM prologue heuristic only
0x020b44c4,sub_020b44c4,function,candidate,analysis/functions/summary.json,ARM prologue heuristic only
0x020b4550,sub_020b4550,function,candidate,analysis/functions/summary.json,ARM prologue heuristic only
0x020b45c0,sub_020b45c0,function,candidate,analysis/functions/summary.json,ARM prologue heuristic only
0x020b475c,sub_020b475c,function,candidate,analysis/functions/summary.json,ARM prologue heuristic only
0x020b4c3c,sub_020b4c3c,function,candidate,analysis/functions/summary.json,ARM prologue heuristic only
0x020b4c78,sub_020b4c78,function,candidate,analysis/functions/summary.json,ARM prologue heuristic only
0x020b4cf4,sub_020b4cf4,function,candidate,analysis/functions/summary.json,ARM prologue heuristic only
0x020b4d30,sub_020b4d30,function,candidate,analysis/functions/summary.json,ARM prologue heuristic only
0x020b4d9c,sub_020b4d9c,function,candidate,analysis/functions/summary.json,ARM prologue heuristic only
0x020b4e30,sub_020b4e30,function,candidate,analysis/functions/summary.json,ARM prologue heuristic only
0x020b4e78,sub_020b4e78,function,candidate,analysis/functions/summary.json,ARM prologue heuristic only
0x020b4f28,sub_020b4f28,function,candidate,analysis/functions/summary.json,ARM prologue heuristic only
0x020b5020,sub_020b5020,function,candidate,analysis/functions/summary.json,ARM prologue heuristic only
0x020b5244,sub_020b5244,function,candidate,analysis/functions/summary.json,ARM prologue heuristic only
0x020b534c,sub_020b534c,function,candidate,analysis/functions/summary.json,ARM prologue heuristic only
0x020b5a3c,sub_020b5a3c,function,candidate,analysis/functions/summary.json,ARM prologue heuristic only
0x020b5df4,sub_020b5df4,function,candidate,analysis/functions/summary.json,ARM prologue heuristic only
0x020b5ee0,sub_020b5ee0,function,candidate,analysis/functions/summary.json,ARM prologue heuristic only
0x020b60f8,sub_020b60f8,function,candidate,analysis/functions/summary.json,ARM prologue heuristic only
0x020b6224,sub_020b6224,function,candidate,analysis/functions/summary.json,ARM prologue heuristic only
0x020b6470,sub_020b6470,function,candidate,analysis/functions/summary.json,ARM prologue heuristic only
0x020b6994,sub_020b6994,function,candidate,analysis/functions/summary.json,ARM prologue heuristic only
0x020b706c,sub_020b706c,function,candidate,analysis/functions/summary.json,ARM prologue heuristic only
0x020b73a0,sub_020b73a0,function,candidate,analysis/functions/summary.json,ARM prologue heuristic only
0x020b75f4,sub_020b75f4,function,candidate,analysis/functions/summary.json,ARM prologue heuristic only
0x020b76ac,sub_020b76ac,function,candidate,analysis/functions/summary.json,ARM prologue heuristic only
0x020b78d0,sub_020b78d0,function,candidate,analysis/functions/summary.json,ARM prologue heuristic only
0x020b8704,sub_020b8704,function,candidate,analysis/functions/summary.json,ARM prologue heuristic only
0x020b873c,sub_020b873c,function,candidate,analysis/functions/summary.json,ARM prologue heuristic only
0x020b8774,sub_020b8774,function,candidate,analysis/functions/summary.json,ARM prologue heuristic only
0x020b88a0,sub_020b88a0,function,candidate,analysis/functions/summary.json,ARM prologue heuristic only
0x020b8a04,sub_020b8a04,function,candidate,analysis/functions/summary.json,ARM prologue heuristic only
0x020b8ba4,sub_020b8ba4,function,candidate,analysis/functions/summary.json,ARM prologue heuristic only
0x020b8d58,sub_020b8d58,function,candidate,analysis/functions/summary.json,ARM prologue heuristic only
0x020b905c,sub_020b905c,function,candidate,analysis/functions/summary.json,ARM prologue heuristic only
0x020b90f4,sub_020b90f4,function,candidate,analysis/functions/summary.json,ARM prologue heuristic only
0x020b92d0,sub_020b92d0,function,candidate,analysis/functions/summary.json,ARM prologue heuristic only
0x020b9414,sub_020b9414,function,candidate,analysis/functions/summary.json,ARM prologue heuristic only
0x020ba59c,sub_020ba59c,function,candidate,analysis/functions/summary.json,ARM prologue heuristic only
0x020ba620,sub_020ba620,function,candidate,analysis/functions/summary.json,ARM prologue heuristic only
0x020ba79c,sub_020ba79c,function,candidate,analysis/functions/summary.json,ARM prologue heuristic only
0x020bac90,sub_020bac90,function,candidate,analysis/functions/summary.json,ARM prologue heuristic only
0x020bad14,sub_020bad14,function,candidate,analysis/functions/summary.json,ARM prologue heuristic only
0x020bad2c,sub_020bad2c,function,candidate,analysis/functions/summary.json,ARM prologue heuristic only
0x020bad60,sub_020bad60,function,candidate,analysis/functions/summary.json,ARM prologue heuristic only
0x020bade4,sub_020bade4,function,candidate,analysis/functions/summary.json,ARM prologue heuristic only
0x020baf3c,sub_020baf3c,function,candidate,analysis/functions/summary.json,ARM prologue heuristic only
0x020baf9c,sub_020baf9c,function,candidate,analysis/functions/summary.json,ARM prologue heuristic only
0x020bb048,sub_020bb048,function,candidate,analysis/functions/summary.json,ARM prologue heuristic only
0x020bb294,sub_020bb294,function,candidate,analysis/functions/summary.json,ARM prologue heuristic only
0x020bb4e4,sub_020bb4e4,function,candidate,analysis/functions/summary.json,ARM prologue heuristic only
0x020bb528,sub_020bb528,function,candidate,analysis/functions/summary.json,ARM prologue heuristic only
0x020bb650,sub_020bb650,function,candidate,analysis/functions/summary.json,ARM prologue heuristic only
0x020bb7a0,sub_020bb7a0,function,candidate,analysis/functions/summary.json,ARM prologue heuristic only
0x020bb988,sub_020bb988,function,candidate,analysis/functions/summary.json,ARM prologue heuristic only
0x020bb9f8,sub_020bb9f8,function,candidate,analysis/functions/summary.json,ARM prologue heuristic only
0x020bbab4,sub_020bbab4,function,candidate,analysis/functions/summary.json,ARM prologue heuristic only
0x020bbfa4,sub_020bbfa4,function,candidate,analysis/functions/summary.json,ARM prologue heuristic only
0x020bc124,sub_020bc124,function,candidate,analysis/functions/summary.json,ARM prologue heuristic only
0x020bc204,sub_020bc204,function,candidate,analysis/functions/summary.json,ARM prologue heuristic only
0x020bc34c,sub_020bc34c,function,candidate,analysis/functions/summary.json,ARM prologue heuristic only
0x020bc4e0,sub_020bc4e0,function,candidate,analysis/functions/summary.json,ARM prologue heuristic only
0x020bc740,sub_020bc740,function,candidate,analysis/functions/summary.json,ARM prologue heuristic only
0x020bc938,sub_020bc938,function,candidate,analysis/functions/summary.json,ARM prologue heuristic only
0x020bcb3c,sub_020bcb3c,function,candidate,analysis/functions/summary.json,ARM prologue heuristic only
0x020bcba4,sub_020bcba4,function,candidate,analysis/functions/summary.json,ARM prologue heuristic only
0x020bcc14,sub_020bcc14,function,candidate,analysis/functions/summary.json,ARM prologue heuristic only
0x020bd2e8,sub_020bd2e8,function,candidate,analysis/functions/summary.json,ARM prologue heuristic only
0x020bd358,sub_020bd358,function,candidate,analysis/functions/summary.json,ARM prologue heuristic only
0x020be1b8,sub_020be1b8,function,candidate,analysis/functions/summary.json,ARM prologue heuristic only
0x020be4d4,sub_020be4d4,function,candidate,analysis/functions/summary.json,ARM prologue heuristic only
0x020be888,sub_020be888,function,candidate,analysis/functions/summary.json,ARM prologue heuristic only
0x020bea0c,sub_020bea0c,function,candidate,analysis/functions/summary.json,ARM prologue heuristic only
0x020bea4c,sub_020bea4c,function,candidate,analysis/functions/summary.json,ARM prologue heuristic only
0x020beb24,sub_020beb24,function,candidate,analysis/functions/summary.json,ARM prologue heuristic only
0x020bebc4,sub_020bebc4,function,candidate,analysis/functions/summary.json,ARM prologue heuristic only
0x020bebfc,sub_020bebfc,function,candidate,analysis/functions/summary.json,ARM prologue heuristic only
0x020bec74,sub_020bec74,function,candidate,analysis/functions/summary.json,ARM prologue heuristic only
0x020becb8,sub_020becb8,function,candidate,analysis/functions/summary.json,ARM prologue heuristic only
0x020bed2c,sub_020bed2c,function,candidate,analysis/functions/summary.json,ARM prologue heuristic only
0x020bee4c,sub_020bee4c,function,candidate,analysis/functions/summary.json,ARM prologue heuristic only
0x020beff8,sub_020beff8,function,candidate,analysis/functions/summary.json,ARM prologue heuristic only
0x020bf170,sub_020bf170,function,candidate,analysis/functions/summary.json,ARM prologue heuristic only
0x020bf280,sub_020bf280,function,candidate,analysis/functions/summary.json,ARM prologue heuristic only
0x020bf4e4,sub_020bf4e4,function,candidate,analysis/functions/summary.json,ARM prologue heuristic only
0x020bf554,sub_020bf554,function,candidate,analysis/functions/summary.json,ARM prologue heuristic only
0x020bf670,sub_020bf670,function,candidate,analysis/functions/summary.json,ARM prologue heuristic only
0x020bf7ac,sub_020bf7ac,function,candidate,analysis/functions/summary.json,ARM prologue heuristic only
0x020bf914,sub_020bf914,function,candidate,analysis/functions/summary.json,ARM prologue heuristic only
0x020bfa9c,sub_020bfa9c,function,candidate,analysis/functions/summary.json,ARM prologue heuristic only
0x020bfac8,sub_020bfac8,function,candidate,analysis/functions/summary.json,ARM prologue heuristic only
0x020bfb1c,sub_020bfb1c,function,candidate,analysis/functions/summary.json,ARM prologue heuristic only
0x020bfb70,sub_020bfb70,function,candidate,analysis/functions/summary.json,ARM prologue heuristic only
0x020bfba0,sub_020bfba0,function,candidate,analysis/functions/summary.json,ARM prologue heuristic only
0x020bfbe8,sub_020bfbe8,function,candidate,analysis/functions/summary.json,ARM prologue heuristic only
0x020bfc7c,sub_020bfc7c,function,candidate,analysis/functions/summary.json,ARM prologue heuristic only
0x020bfcd0,sub_020bfcd0,function,candidate,analysis/functions/summary.json,ARM prologue heuristic only
0x020bfd84,sub_020bfd84,function,candidate,analysis/functions/summary.json,ARM prologue heuristic only
0x020bfda0,sub_020bfda0,function,candidate,analysis/functions/summary.json,ARM prologue heuristic only
0x020bfec8,sub_020bfec8,function,candidate,analysis/functions/summary.json,ARM prologue heuristic only
0x020bff48,sub_020bff48,function,candidate,analysis/functions/summary.json,ARM prologue heuristic only
0x020c00d0,sub_020c00d0,function,candidate,analysis/functions/summary.json,ARM prologue heuristic only
0x020c0140,sub_020c0140,function,candidate,analysis/functions/summary.json,ARM prologue heuristic only
0x020c01c8,sub_020c01c8,function,candidate,analysis/functions/summary.json,ARM prologue heuristic only
0x020c0280,sub_020c0280,function,candidate,analysis/functions/summary.json,ARM prologue heuristic only
0x020c029c,sub_020c029c,function,candidate,analysis/functions/summary.json,ARM prologue heuristic only
0x020c0758,sub_020c0758,function,candidate,analysis/functions/summary.json,ARM prologue heuristic only
0x020c078c,sub_020c078c,function,candidate,analysis/functions/summary.json,ARM prologue heuristic only
0x020c0874,sub_020c0874,function,candidate,analysis/functions/summary.json,ARM prologue heuristic only
0x020c0958,sub_020c0958,function,candidate,analysis/functions/summary.json,ARM prologue heuristic only
0x020c0a30,sub_020c0a30,function,candidate,analysis/functions/summary.json,ARM prologue heuristic only
0x020c0a44,sub_020c0a44,function,candidate,analysis/functions/summary.json,ARM prologue heuristic only
0x020c0bb4,sub_020c0bb4,function,candidate,analysis/functions/summary.json,ARM prologue heuristic only
0x020c0c80,sub_020c0c80,function,candidate,analysis/functions/summary.json,ARM prologue heuristic only
0x020c0d90,sub_020c0d90,function,candidate,analysis/functions/summary.json,ARM prologue heuristic only
0x020c1b70,sub_020c1b70,function,candidate,analysis/functions/summary.json,ARM prologue heuristic only
0x020c1d78,sub_020c1d78,function,candidate,analysis/functions/summary.json,ARM prologue heuristic only
0x020c1fec,sub_020c1fec,function,candidate,analysis/functions/summary.json,ARM prologue heuristic only
0x020c20b8,sub_020c20b8,function,candidate,analysis/functions/summary.json,ARM prologue heuristic only
0x020c217c,sub_020c217c,function,candidate,analysis/functions/summary.json,ARM prologue heuristic only
0x020c2274,sub_020c2274,function,candidate,analysis/functions/summary.json,ARM prologue heuristic only
0x020c22f0,sub_020c22f0,function,candidate,analysis/functions/summary.json,ARM prologue heuristic only
0x020c2378,sub_020c2378,function,candidate,analysis/functions/summary.json,ARM prologue heuristic only
0x020c23e4,sub_020c23e4,function,candidate,analysis/functions/summary.json,ARM prologue heuristic only
0x020c242c,sub_020c242c,function,candidate,analysis/functions/summary.json,ARM prologue heuristic only
0x020c27ec,sub_020c27ec,function,candidate,analysis/functions/summary.json,ARM prologue heuristic only
0x020c28d0,sub_020c28d0,function,candidate,analysis/functions/summary.json,ARM prologue heuristic only
0x020c2a0c,sub_020c2a0c,function,candidate,analysis/functions/summary.json,ARM prologue heuristic only
0x020c2ec8,sub_020c2ec8,function,candidate,analysis/functions/summary.json,ARM prologue heuristic only
0x020c30cc,sub_020c30cc,function,candidate,analysis/functions/summary.json,ARM prologue heuristic only
0x020c36dc,sub_020c36dc,function,candidate,analysis/functions/summary.json,ARM prologue heuristic only
0x020c3854,sub_020c3854,function,candidate,analysis/functions/summary.json,ARM prologue heuristic only
0x020c3b9c,sub_020c3b9c,function,candidate,analysis/functions/summary.json,ARM prologue heuristic only
0x020c3c80,sub_020c3c80,function,candidate,analysis/functions/summary.json,ARM prologue heuristic only
0x020c3dbc,sub_020c3dbc,function,candidate,analysis/functions/summary.json,ARM prologue heuristic only
0x020c3f20,sub_020c3f20,function,candidate,analysis/functions/summary.json,ARM prologue heuristic only
0x020c4ea4,sub_020c4ea4,function,candidate,analysis/functions/summary.json,ARM prologue heuristic only
0x020c503c,sub_020c503c,function,candidate,analysis/functions/summary.json,ARM prologue heuristic only
0x020c51b0,sub_020c51b0,function,candidate,analysis/functions/summary.json,ARM prologue heuristic only
0x020c52c4,sub_020c52c4,function,candidate,analysis/functions/summary.json,ARM prologue heuristic only
0x020c59e0,sub_020c59e0,function,candidate,analysis/functions/summary.json,ARM prologue heuristic only
0x020c5a40,sub_020c5a40,function,candidate,analysis/functions/summary.json,ARM prologue heuristic only
0x020c5aa8,sub_020c5aa8,function,candidate,analysis/functions/summary.json,ARM prologue heuristic only
0x020c5c14,sub_020c5c14,function,candidate,analysis/functions/summary.json,ARM prologue heuristic only
0x020c5ca8,sub_020c5ca8,function,candidate,analysis/functions/summary.json,ARM prologue heuristic only
0x020c5d9c,sub_020c5d9c,function,candidate,analysis/functions/summary.json,ARM prologue heuristic only
0x020c5e38,sub_020c5e38,function,candidate,analysis/functions/summary.json,ARM prologue heuristic only
0x020c67a0,sub_020c67a0,function,candidate,analysis/functions/summary.json,ARM prologue heuristic only
0x020c6b2c,sub_020c6b2c,function,candidate,analysis/functions/summary.json,ARM prologue heuristic only
0x020c6b44,sub_020c6b44,function,candidate,analysis/functions/summary.json,ARM prologue heuristic only
0x020c6cec,sub_020c6cec,function,candidate,analysis/functions/summary.json,ARM prologue heuristic only
0x020c6dbc,sub_020c6dbc,function,candidate,analysis/functions/summary.json,ARM prologue heuristic only
0x020c6e28,sub_020c6e28,function,candidate,analysis/functions/summary.json,ARM prologue heuristic only
0x020c6e6c,sub_020c6e6c,function,candidate,analysis/functions/summary.json,ARM prologue heuristic only
0x020c6ea8,sub_020c6ea8,function,candidate,analysis/functions/summary.json,ARM prologue heuristic only
0x020c6ed4,sub_020c6ed4,function,candidate,analysis/functions/summary.json,ARM prologue heuristic only
0x020c6f14,sub_020c6f14,function,candidate,analysis/functions/summary.json,ARM prologue heuristic only
0x020c6f5c,sub_020c6f5c,function,candidate,analysis/functions/summary.json,ARM prologue heuristic only
0x020c70c4,sub_020c70c4,function,candidate,analysis/functions/summary.json,ARM prologue heuristic only
0x020c7138,sub_020c7138,function,candidate,analysis/functions/summary.json,ARM prologue heuristic only
0x020c7170,sub_020c7170,function,candidate,analysis/functions/summary.json,ARM prologue heuristic only
0x020c719c,sub_020c719c,function,candidate,analysis/functions/summary.json,ARM prologue heuristic only
0x020c71d4,sub_020c71d4,function,candidate,analysis/functions/summary.json,ARM prologue heuristic only
0x020c7274,sub_020c7274,function,candidate,analysis/functions/summary.json,ARM prologue heuristic only
0x020c73e0,sub_020c73e0,function,candidate,analysis/functions/summary.json,ARM prologue heuristic only
0x020c7474,sub_020c7474,function,candidate,analysis/functions/summary.json,ARM prologue heuristic only
0x020c74f0,sub_020c74f0,function,candidate,analysis/functions/summary.json,ARM prologue heuristic only
0x020c7580,sub_020c7580,function,candidate,analysis/functions/summary.json,ARM prologue heuristic only
0x020c7648,sub_020c7648,function,candidate,analysis/functions/summary.json,ARM prologue heuristic only
0x020c7694,sub_020c7694,function,candidate,analysis/functions/summary.json,ARM prologue heuristic only
0x020c7700,sub_020c7700,function,candidate,analysis/functions/summary.json,ARM prologue heuristic only
0x020c77f0,sub_020c77f0,function,candidate,analysis/functions/summary.json,ARM prologue heuristic only
0x020c787c,sub_020c787c,function,candidate,analysis/functions/summary.json,ARM prologue heuristic only
0x020c78c0,sub_020c78c0,function,candidate,analysis/functions/summary.json,ARM prologue heuristic only
0x020c79b8,sub_020c79b8,function,candidate,analysis/functions/summary.json,ARM prologue heuristic only
0x020c7af4,sub_020c7af4,function,candidate,analysis/functions/summary.json,ARM prologue heuristic only
0x020c7cc8,sub_020c7cc8,function,candidate,analysis/functions/summary.json,ARM prologue heuristic only
0x020c7dbc,sub_020c7dbc,function,candidate,analysis/functions/summary.json,ARM prologue heuristic only
0x020c7e44,sub_020c7e44,function,candidate,analysis/functions/summary.json,ARM prologue heuristic only
0x020c7ed4,sub_020c7ed4,function,candidate,analysis/functions/summary.json,ARM prologue heuristic only
0x020c7f04,sub_020c7f04,function,candidate,analysis/functions/summary.json,ARM prologue heuristic only
0x020c7f28,sub_020c7f28,function,candidate,analysis/functions/summary.json,ARM prologue heuristic only
0x020c8134,sub_020c8134,function,candidate,analysis/functions/summary.json,ARM prologue heuristic only
0x020c81c8,sub_020c81c8,function,candidate,analysis/functions/summary.json,ARM prologue heuristic only
0x020c8214,sub_020c8214,function,candidate,analysis/functions/summary.json,ARM prologue heuristic only
0x020c8274,sub_020c8274,function,candidate,analysis/functions/summary.json,ARM prologue heuristic only
0x020c8360,sub_020c8360,function,candidate,analysis/functions/summary.json,ARM prologue heuristic only
0x020c8468,sub_020c8468,function,candidate,analysis/functions/summary.json,ARM prologue heuristic only
0x020c853c,sub_020c853c,function,candidate,analysis/functions/summary.json,ARM prologue heuristic only
0x020c8618,sub_020c8618,function,candidate,analysis/functions/summary.json,ARM prologue heuristic only
0x020c86dc,sub_020c86dc,function,candidate,analysis/functions/summary.json,ARM prologue heuristic only
0x020c8710,sub_020c8710,function,candidate,analysis/functions/summary.json,ARM prologue heuristic only
0x020c8778,sub_020c8778,function,candidate,analysis/functions/summary.json,ARM prologue heuristic only
0x020c8858,sub_020c8858,function,candidate,analysis/functions/summary.json,ARM prologue heuristic only
0x020c88a8,sub_020c88a8,function,candidate,analysis/functions/summary.json,ARM prologue heuristic only
0x020c894c,sub_020c894c,function,candidate,analysis/functions/summary.json,ARM prologue heuristic only
0x020c8994,sub_020c8994,function,candidate,analysis/functions/summary.json,ARM prologue heuristic only
0x020c8abc,sub_020c8abc,function,candidate,analysis/functions/summary.json,ARM prologue heuristic only
0x020c8bdc,sub_020c8bdc,function,candidate,analysis/functions/summary.json,ARM prologue heuristic only
0x020c8ca0,sub_020c8ca0,function,candidate,analysis/functions/summary.json,ARM prologue heuristic only
0x020c8d64,sub_020c8d64,function,candidate,analysis/functions/summary.json,ARM prologue heuristic only
0x020c8dc4,sub_020c8dc4,function,candidate,analysis/functions/summary.json,ARM prologue heuristic only
0x020c8de8,sub_020c8de8,function,candidate,analysis/functions/summary.json,ARM prologue heuristic only
0x020c8e70,sub_020c8e70,function,candidate,analysis/functions/summary.json,ARM prologue heuristic only
0x020c8f6c,sub_020c8f6c,function,candidate,analysis/functions/summary.json,ARM prologue heuristic only
0x020c8fd0,sub_020c8fd0,function,candidate,analysis/functions/summary.json,ARM prologue heuristic only
0x020c9060,sub_020c9060,function,candidate,analysis/functions/summary.json,ARM prologue heuristic only
0x020c908c,sub_020c908c,function,candidate,analysis/functions/summary.json,ARM prologue heuristic only
0x020c90f8,sub_020c90f8,function,candidate,analysis/functions/summary.json,ARM prologue heuristic only
0x020c910c,sub_020c910c,function,candidate,analysis/functions/summary.json,ARM prologue heuristic only
0x020c913c,sub_020c913c,function,candidate,analysis/functions/summary.json,ARM prologue heuristic only
0x020c92a4,sub_020c92a4,function,candidate,analysis/functions/summary.json,ARM prologue heuristic only
0x020c932c,sub_020c932c,function,candidate,analysis/functions/summary.json,ARM prologue heuristic only
0x020c9364,sub_020c9364,function,candidate,analysis/functions/summary.json,ARM prologue heuristic only
0x020c938c,sub_020c938c,function,candidate,analysis/functions/summary.json,ARM prologue heuristic only
0x020c93d8,sub_020c93d8,function,candidate,analysis/functions/summary.json,ARM prologue heuristic only
0x020c940c,sub_020c940c,function,candidate,analysis/functions/summary.json,ARM prologue heuristic only
0x020c9510,sub_020c9510,function,candidate,analysis/functions/summary.json,ARM prologue heuristic only
0x020c955c,sub_020c955c,function,candidate,analysis/functions/summary.json,ARM prologue heuristic only
0x020c9778,sub_020c9778,function,candidate,analysis/functions/summary.json,ARM prologue heuristic only
0x020c98f0,sub_020c98f0,function,candidate,analysis/functions/summary.json,ARM prologue heuristic only
0x020c9a14,sub_020c9a14,function,candidate,analysis/functions/summary.json,ARM prologue heuristic only
0x020c9ac8,sub_020c9ac8,function,candidate,analysis/functions/summary.json,ARM prologue heuristic only
0x020c9b54,sub_020c9b54,function,candidate,analysis/functions/summary.json,ARM prologue heuristic only
0x020c9bac,sub_020c9bac,function,candidate,analysis/functions/summary.json,ARM prologue heuristic only
0x020c9bdc,sub_020c9bdc,function,candidate,analysis/functions/summary.json,ARM prologue heuristic only
0x020c9c28,sub_020c9c28,function,candidate,analysis/functions/summary.json,ARM prologue heuristic only
0x020c9cb8,sub_020c9cb8,function,candidate,analysis/functions/summary.json,ARM prologue heuristic only
0x020c9dc8,sub_020c9dc8,function,candidate,analysis/functions/summary.json,ARM prologue heuristic only
0x020ca07c,sub_020ca07c,function,candidate,analysis/functions/summary.json,ARM prologue heuristic only
0x020ca254,sub_020ca254,function,candidate,analysis/functions/summary.json,ARM prologue heuristic only
0x020ca51c,sub_020ca51c,function,candidate,analysis/functions/summary.json,ARM prologue heuristic only
0x020ca6c0,sub_020ca6c0,function,candidate,analysis/functions/summary.json,ARM prologue heuristic only
0x020ca704,sub_020ca704,function,candidate,analysis/functions/summary.json,ARM prologue heuristic only
0x020ca72c,sub_020ca72c,function,candidate,analysis/functions/summary.json,ARM prologue heuristic only
0x020ca9cc,sub_020ca9cc,function,candidate,analysis/functions/summary.json,ARM prologue heuristic only
0x020cad10,sub_020cad10,function,candidate,analysis/functions/summary.json,ARM prologue heuristic only
0x020cae2c,sub_020cae2c,function,candidate,analysis/functions/summary.json,ARM prologue heuristic only
0x020caec4,sub_020caec4,function,candidate,analysis/functions/summary.json,ARM prologue heuristic only
0x020caf80,sub_020caf80,function,candidate,analysis/functions/summary.json,ARM prologue heuristic only
0x020cafdc,sub_020cafdc,function,candidate,analysis/functions/summary.json,ARM prologue heuristic only
0x020cb054,sub_020cb054,function,candidate,analysis/functions/summary.json,ARM prologue heuristic only
0x020cb0c0,sub_020cb0c0,function,candidate,analysis/functions/summary.json,ARM prologue heuristic only
0x020cb1a8,sub_020cb1a8,function,candidate,analysis/functions/summary.json,ARM prologue heuristic only
0x020cb4c4,sub_020cb4c4,function,candidate,analysis/functions/summary.json,ARM prologue heuristic only
0x020cb578,sub_020cb578,function,candidate,analysis/functions/summary.json,ARM prologue heuristic only
0x020cb638,sub_020cb638,function,candidate,analysis/functions/summary.json,ARM prologue heuristic only
0x020cb714,sub_020cb714,function,candidate,analysis/functions/summary.json,ARM prologue heuristic only
0x020cb820,sub_020cb820,function,candidate,analysis/functions/summary.json,ARM prologue heuristic only
0x020cb8b4,sub_020cb8b4,function,candidate,analysis/functions/summary.json,ARM prologue heuristic only
0x020cb90c,sub_020cb90c,function,candidate,analysis/functions/summary.json,ARM prologue heuristic only
0x020cb94c,sub_020cb94c,function,candidate,analysis/functions/summary.json,ARM prologue heuristic only
0x020cb9f4,sub_020cb9f4,function,candidate,analysis/functions/summary.json,ARM prologue heuristic only
0x020cbb48,sub_020cbb48,function,candidate,analysis/functions/summary.json,ARM prologue heuristic only
0x020cbc9c,sub_020cbc9c,function,candidate,analysis/functions/summary.json,ARM prologue heuristic only
0x020cbf3c,sub_020cbf3c,function,candidate,analysis/functions/summary.json,ARM prologue heuristic only
0x020cbf94,sub_020cbf94,function,candidate,analysis/functions/summary.json,ARM prologue heuristic only
0x020cbfe8,sub_020cbfe8,function,candidate,analysis/functions/summary.json,ARM prologue heuristic only
0x020cc028,sub_020cc028,function,candidate,analysis/functions/summary.json,ARM prologue heuristic only
0x020cc0b0,sub_020cc0b0,function,candidate,analysis/functions/summary.json,ARM prologue heuristic only
0x020cc190,sub_020cc190,function,candidate,analysis/functions/summary.json,ARM prologue heuristic only
0x020cc288,sub_020cc288,function,candidate,analysis/functions/summary.json,ARM prologue heuristic only
0x020cc2f0,sub_020cc2f0,function,candidate,analysis/functions/summary.json,ARM prologue heuristic only
0x020cc348,sub_020cc348,function,candidate,analysis/functions/summary.json,ARM prologue heuristic only
0x020cc3d0,sub_020cc3d0,function,candidate,analysis/functions/summary.json,ARM prologue heuristic only
0x020cd2d4,sub_020cd2d4,function,candidate,analysis/functions/summary.json,ARM prologue heuristic only
0x020cd318,sub_020cd318,function,candidate,analysis/functions/summary.json,ARM prologue heuristic only
0x020cd534,sub_020cd534,function,candidate,analysis/functions/summary.json,ARM prologue heuristic only
0x020cd6bc,sub_020cd6bc,function,candidate,analysis/functions/summary.json,ARM prologue heuristic only
0x020cd828,sub_020cd828,function,candidate,analysis/functions/summary.json,ARM prologue heuristic only
0x020cd854,sub_020cd854,function,candidate,analysis/functions/summary.json,ARM prologue heuristic only
0x020cd92c,sub_020cd92c,function,candidate,analysis/functions/summary.json,ARM prologue heuristic only
0x020cda08,sub_020cda08,function,candidate,analysis/functions/summary.json,ARM prologue heuristic only
0x020cda4c,sub_020cda4c,function,candidate,analysis/functions/summary.json,ARM prologue heuristic only
0x020cda78,sub_020cda78,function,candidate,analysis/functions/summary.json,ARM prologue heuristic only
0x020cdb00,sub_020cdb00,function,candidate,analysis/functions/summary.json,ARM prologue heuristic only
0x020cdbac,sub_020cdbac,function,candidate,analysis/functions/summary.json,ARM prologue heuristic only
0x020cdc48,sub_020cdc48,function,candidate,analysis/functions/summary.json,ARM prologue heuristic only
0x020cdcf0,sub_020cdcf0,function,candidate,analysis/functions/summary.json,ARM prologue heuristic only
0x020ce15c,sub_020ce15c,function,candidate,analysis/functions/summary.json,ARM prologue heuristic only
0x020ce1ec,sub_020ce1ec,function,candidate,analysis/functions/summary.json,ARM prologue heuristic only
0x020ce268,sub_020ce268,function,candidate,analysis/functions/summary.json,ARM prologue heuristic only
0x020ce2b4,sub_020ce2b4,function,candidate,analysis/functions/summary.json,ARM prologue heuristic only
0x020ce350,sub_020ce350,function,candidate,analysis/functions/summary.json,ARM prologue heuristic only
0x020ce41c,sub_020ce41c,function,candidate,analysis/functions/summary.json,ARM prologue heuristic only
0x020ce724,sub_020ce724,function,candidate,analysis/functions/summary.json,ARM prologue heuristic only
0x020ce824,sub_020ce824,function,candidate,analysis/functions/summary.json,ARM prologue heuristic only
0x020ce8a4,sub_020ce8a4,function,candidate,analysis/functions/summary.json,ARM prologue heuristic only
0x020ce8d0,sub_020ce8d0,function,candidate,analysis/functions/summary.json,ARM prologue heuristic only
0x020cea54,sub_020cea54,function,candidate,analysis/functions/summary.json,ARM prologue heuristic only
0x020cec30,sub_020cec30,function,candidate,analysis/functions/summary.json,ARM prologue heuristic only
0x020cec74,sub_020cec74,function,candidate,analysis/functions/summary.json,ARM prologue heuristic only
0x020cecc4,sub_020cecc4,function,candidate,analysis/functions/summary.json,ARM prologue heuristic only
0x020cee64,sub_020cee64,function,candidate,analysis/functions/summary.json,ARM prologue heuristic only
0x020cf090,sub_020cf090,function,candidate,analysis/functions/summary.json,ARM prologue heuristic only
0x020cf0c4,sub_020cf0c4,function,candidate,analysis/functions/summary.json,ARM prologue heuristic only
0x020cf0f8,sub_020cf0f8,function,candidate,analysis/functions/summary.json,ARM prologue heuristic only
0x020cf134,sub_020cf134,function,candidate,analysis/functions/summary.json,ARM prologue heuristic only
0x020cf148,sub_020cf148,function,candidate,analysis/functions/summary.json,ARM prologue heuristic only
0x020cf1fc,sub_020cf1fc,function,candidate,analysis/functions/summary.json,ARM prologue heuristic only
0x020cf274,sub_020cf274,function,candidate,analysis/functions/summary.json,ARM prologue heuristic only
0x020cf374,sub_020cf374,function,candidate,analysis/functions/summary.json,ARM prologue heuristic only
0x020cf3b4,sub_020cf3b4,function,candidate,analysis/functions/summary.json,ARM prologue heuristic only
0x020cf42c,sub_020cf42c,function,candidate,analysis/functions/summary.json,ARM prologue heuristic only
0x020cf4dc,sub_020cf4dc,function,candidate,analysis/functions/summary.json,ARM prologue heuristic only
0x020cf574,sub_020cf574,function,candidate,analysis/functions/summary.json,ARM prologue heuristic only
0x020cf5d0,sub_020cf5d0,function,candidate,analysis/functions/summary.json,ARM prologue heuristic only
0x020cf6a8,sub_020cf6a8,function,candidate,analysis/functions/summary.json,ARM prologue heuristic only
0x020cf6e0,sub_020cf6e0,function,candidate,analysis/functions/summary.json,ARM prologue heuristic only
0x020cf720,sub_020cf720,function,candidate,analysis/functions/summary.json,ARM prologue heuristic only
0x020cf81c,sub_020cf81c,function,candidate,analysis/functions/summary.json,ARM prologue heuristic only
0x020cf97c,sub_020cf97c,function,candidate,analysis/functions/summary.json,ARM prologue heuristic only
0x020cfc00,sub_020cfc00,function,candidate,analysis/functions/summary.json,ARM prologue heuristic only
0x020cfd68,sub_020cfd68,function,candidate,analysis/functions/summary.json,ARM prologue heuristic only
0x020cffb8,sub_020cffb8,function,candidate,analysis/functions/summary.json,ARM prologue heuristic only
0x020d00c0,sub_020d00c0,function,candidate,analysis/functions/summary.json,ARM prologue heuristic only
0x020d0168,sub_020d0168,function,candidate,analysis/functions/summary.json,ARM prologue heuristic only
0x020d0208,sub_020d0208,function,candidate,analysis/functions/summary.json,ARM prologue heuristic only
0x020d03b4,sub_020d03b4,function,candidate,analysis/functions/summary.json,ARM prologue heuristic only
0x020d044c,sub_020d044c,function,candidate,analysis/functions/summary.json,ARM prologue heuristic only
0x020d0670,sub_020d0670,function,candidate,analysis/functions/summary.json,ARM prologue heuristic only
0x020d0714,sub_020d0714,function,candidate,analysis/functions/summary.json,ARM prologue heuristic only
0x020d077c,sub_020d077c,function,candidate,analysis/functions/summary.json,ARM prologue heuristic only
0x020d07e0,sub_020d07e0,function,candidate,analysis/functions/summary.json,ARM prologue heuristic only
0x020d0830,sub_020d0830,function,candidate,analysis/functions/summary.json,ARM prologue heuristic only
0x020d0864,sub_020d0864,function,candidate,analysis/functions/summary.json,ARM prologue heuristic only
0x020d08b8,sub_020d08b8,function,candidate,analysis/functions/summary.json,ARM prologue heuristic only
0x020d0980,sub_020d0980,function,candidate,analysis/functions/summary.json,ARM prologue heuristic only
0x020d09e4,sub_020d09e4,function,candidate,analysis/functions/summary.json,ARM prologue heuristic only
0x020d09f4,sub_020d09f4,function,candidate,analysis/functions/summary.json,ARM prologue heuristic only
0x020d0a30,sub_020d0a30,function,candidate,analysis/functions/summary.json,ARM prologue heuristic only
0x020d0a70,sub_020d0a70,function,candidate,analysis/functions/summary.json,ARM prologue heuristic only
0x020d0ae8,sub_020d0ae8,function,candidate,analysis/functions/summary.json,ARM prologue heuristic only
0x020d0b54,sub_020d0b54,function,candidate,analysis/functions/summary.json,ARM prologue heuristic only
0x020d0bb4,sub_020d0bb4,function,candidate,analysis/functions/summary.json,ARM prologue heuristic only
0x020d0be8,sub_020d0be8,function,candidate,analysis/functions/summary.json,ARM prologue heuristic only
0x020d0d04,sub_020d0d04,function,candidate,analysis/functions/summary.json,ARM prologue heuristic only
0x020d0da8,sub_020d0da8,function,candidate,analysis/functions/summary.json,ARM prologue heuristic only
0x020d0e08,sub_020d0e08,function,candidate,analysis/functions/summary.json,ARM prologue heuristic only
0x020d0e50,sub_020d0e50,function,candidate,analysis/functions/summary.json,ARM prologue heuristic only
0x020d0fc8,sub_020d0fc8,function,candidate,analysis/functions/summary.json,ARM prologue heuristic only
0x020d1000,sub_020d1000,function,candidate,analysis/functions/summary.json,ARM prologue heuristic only
0x020d1174,sub_020d1174,function,candidate,analysis/functions/summary.json,ARM prologue heuristic only
0x020d14d0,sub_020d14d0,function,candidate,analysis/functions/summary.json,ARM prologue heuristic only
0x020d150c,sub_020d150c,function,candidate,analysis/functions/summary.json,ARM prologue heuristic only
0x020d1590,sub_020d1590,function,candidate,analysis/functions/summary.json,ARM prologue heuristic only
0x020d15c8,sub_020d15c8,function,candidate,analysis/functions/summary.json,ARM prologue heuristic only
0x020d16dc,sub_020d16dc,function,candidate,analysis/functions/summary.json,ARM prologue heuristic only
0x020d172c,sub_020d172c,function,candidate,analysis/functions/summary.json,ARM prologue heuristic only
0x020d17b0,sub_020d17b0,function,candidate,analysis/functions/summary.json,ARM prologue heuristic only
0x020d1824,sub_020d1824,function,candidate,analysis/functions/summary.json,ARM prologue heuristic only
0x020d1974,sub_020d1974,function,candidate,analysis/functions/summary.json,ARM prologue heuristic only
0x020d1a10,sub_020d1a10,function,candidate,analysis/functions/summary.json,ARM prologue heuristic only
0x020d1bdc,sub_020d1bdc,function,candidate,analysis/functions/summary.json,ARM prologue heuristic only
0x020d1de4,sub_020d1de4,function,candidate,analysis/functions/summary.json,ARM prologue heuristic only
0x020d1fcc,sub_020d1fcc,function,candidate,analysis/functions/summary.json,ARM prologue heuristic only
0x020d20e8,sub_020d20e8,function,candidate,analysis/functions/summary.json,ARM prologue heuristic only
0x020d2164,sub_020d2164,function,candidate,analysis/functions/summary.json,ARM prologue heuristic only
0x020d2244,sub_020d2244,function,candidate,analysis/functions/summary.json,ARM prologue heuristic only
0x020d23a8,sub_020d23a8,function,candidate,analysis/functions/summary.json,ARM prologue heuristic only
0x020d2454,sub_020d2454,function,candidate,analysis/functions/summary.json,ARM prologue heuristic only
0x020d24ac,sub_020d24ac,function,candidate,analysis/functions/summary.json,ARM prologue heuristic only
0x020d24f8,sub_020d24f8,function,candidate,analysis/functions/summary.json,ARM prologue heuristic only
0x020d2554,sub_020d2554,function,candidate,analysis/functions/summary.json,ARM prologue heuristic only
0x020d25f4,sub_020d25f4,function,candidate,analysis/functions/summary.json,ARM prologue heuristic only
0x020d263c,sub_020d263c,function,candidate,analysis/functions/summary.json,ARM prologue heuristic only
0x020d26a0,sub_020d26a0,function,candidate,analysis/functions/summary.json,ARM prologue heuristic only
0x020d26d8,sub_020d26d8,function,candidate,analysis/functions/summary.json,ARM prologue heuristic only
0x020d2788,sub_020d2788,function,candidate,analysis/functions/summary.json,ARM prologue heuristic only
0x020d2824,sub_020d2824,function,candidate,analysis/functions/summary.json,ARM prologue heuristic only
0x020d28e0,sub_020d28e0,function,candidate,analysis/functions/summary.json,ARM prologue heuristic only
0x020d2b4c,sub_020d2b4c,function,candidate,analysis/functions/summary.json,ARM prologue heuristic only
0x020d2b84,sub_020d2b84,function,candidate,analysis/functions/summary.json,ARM prologue heuristic only
0x020d2bdc,sub_020d2bdc,function,candidate,analysis/functions/summary.json,ARM prologue heuristic only
0x020d2c88,sub_020d2c88,function,candidate,analysis/functions/summary.json,ARM prologue heuristic only
0x020d2d90,sub_020d2d90,function,candidate,analysis/functions/summary.json,ARM prologue heuristic only
0x020d2dc4,sub_020d2dc4,function,candidate,analysis/functions/summary.json,ARM prologue heuristic only
0x020d2e80,sub_020d2e80,function,candidate,analysis/functions/summary.json,ARM prologue heuristic only
0x020d2ef4,sub_020d2ef4,function,candidate,analysis/functions/summary.json,ARM prologue heuristic only
0x020d3130,sub_020d3130,function,candidate,analysis/functions/summary.json,ARM prologue heuristic only
0x020d32e0,sub_020d32e0,function,candidate,analysis/functions/summary.json,ARM prologue heuristic only
0x020d3494,sub_020d3494,function,candidate,analysis/functions/summary.json,ARM prologue heuristic only
0x020d34bc,sub_020d34bc,function,candidate,analysis/functions/summary.json,ARM prologue heuristic only
0x020d34dc,sub_020d34dc,function,candidate,analysis/functions/summary.json,ARM prologue heuristic only
0x020d3528,sub_020d3528,function,candidate,analysis/functions/summary.json,ARM prologue heuristic only
0x020d3654,sub_020d3654,function,candidate,analysis/functions/summary.json,ARM prologue heuristic only
0x020d36b4,sub_020d36b4,function,candidate,analysis/functions/summary.json,ARM prologue heuristic only
0x020d3830,sub_020d3830,function,candidate,analysis/functions/summary.json,ARM prologue heuristic only
0x020d39cc,sub_020d39cc,function,candidate,analysis/functions/summary.json,ARM prologue heuristic only
0x020d3bb8,sub_020d3bb8,function,candidate,analysis/functions/summary.json,ARM prologue heuristic only
0x020d3e1c,sub_020d3e1c,function,candidate,analysis/functions/summary.json,ARM prologue heuristic only
0x020d3ec4,sub_020d3ec4,function,candidate,analysis/functions/summary.json,ARM prologue heuristic only
0x020d402c,sub_020d402c,function,candidate,analysis/functions/summary.json,ARM prologue heuristic only
0x020d40dc,sub_020d40dc,function,candidate,analysis/functions/summary.json,ARM prologue heuristic only
0x020d4b78,sub_020d4b78,function,candidate,analysis/functions/summary.json,ARM prologue heuristic only
0x020d4c6c,sub_020d4c6c,function,candidate,analysis/functions/summary.json,ARM prologue heuristic only
0x020d4eb4,sub_020d4eb4,function,candidate,analysis/functions/summary.json,ARM prologue heuristic only
0x020d5138,sub_020d5138,function,candidate,analysis/functions/summary.json,ARM prologue heuristic only
0x020d51bc,sub_020d51bc,function,candidate,analysis/functions/summary.json,ARM prologue heuristic only
0x020d51dc,sub_020d51dc,function,candidate,analysis/functions/summary.json,ARM prologue heuristic only
0x020d5298,sub_020d5298,function,candidate,analysis/functions/summary.json,ARM prologue heuristic only
0x020d52d4,sub_020d52d4,function,candidate,analysis/functions/summary.json,ARM prologue heuristic only
0x020d548c,sub_020d548c,function,candidate,analysis/functions/summary.json,ARM prologue heuristic only
0x020d5608,sub_020d5608,function,candidate,analysis/functions/summary.json,ARM prologue heuristic only
0x020d562c,sub_020d562c,function,candidate,analysis/functions/summary.json,ARM prologue heuristic only
0x020d5690,sub_020d5690,function,candidate,analysis/functions/summary.json,ARM prologue heuristic only
0x020d5848,sub_020d5848,function,candidate,analysis/functions/summary.json,ARM prologue heuristic only
0x020d5868,sub_020d5868,function,candidate,analysis/functions/summary.json,ARM prologue heuristic only
0x020d5888,sub_020d5888,function,candidate,analysis/functions/summary.json,ARM prologue heuristic only
0x020d58dc,sub_020d58dc,function,candidate,analysis/functions/summary.json,ARM prologue heuristic only
0x020d5910,sub_020d5910,function,candidate,analysis/functions/summary.json,ARM prologue heuristic only
0x020d5a84,sub_020d5a84,function,candidate,analysis/functions/summary.json,ARM prologue heuristic only
0x020d5afc,sub_020d5afc,function,candidate,analysis/functions/summary.json,ARM prologue heuristic only
0x020d5b14,sub_020d5b14,function,candidate,analysis/functions/summary.json,ARM prologue heuristic only
0x020d5eac,sub_020d5eac,function,candidate,analysis/functions/summary.json,ARM prologue heuristic only
0x020d5f54,sub_020d5f54,function,candidate,analysis/functions/summary.json,ARM prologue heuristic only
0x020d5ff0,sub_020d5ff0,function,candidate,analysis/functions/summary.json,ARM prologue heuristic only
0x020d6254,sub_020d6254,function,candidate,analysis/functions/summary.json,ARM prologue heuristic only
0x020d6540,sub_020d6540,function,candidate,analysis/functions/summary.json,ARM prologue heuristic only
0x020d65fc,sub_020d65fc,function,candidate,analysis/functions/summary.json,ARM prologue heuristic only
0x020d67b0,sub_020d67b0,function,candidate,analysis/functions/summary.json,ARM prologue heuristic only
0x020d68c0,sub_020d68c0,function,candidate,analysis/functions/summary.json,ARM prologue heuristic only
0x020d6964,sub_020d6964,function,candidate,analysis/functions/summary.json,ARM prologue heuristic only
0x020d6a00,sub_020d6a00,function,candidate,analysis/functions/summary.json,ARM prologue heuristic only
0x020d78e4,sub_020d78e4,function,candidate,analysis/functions/summary.json,ARM prologue heuristic only
0x020d7be0,sub_020d7be0,function,candidate,analysis/functions/summary.json,ARM prologue heuristic only
0x020d7da0,sub_020d7da0,function,candidate,analysis/functions/summary.json,ARM prologue heuristic only
0x020d7df0,sub_020d7df0,function,candidate,analysis/functions/summary.json,ARM prologue heuristic only
0x020d7e1c,sub_020d7e1c,function,candidate,analysis/functions/summary.json,ARM prologue heuristic only
0x020d7fcc,sub_020d7fcc,function,candidate,analysis/functions/summary.json,ARM prologue heuristic only
0x020d8294,sub_020d8294,function,candidate,analysis/functions/summary.json,ARM prologue heuristic only
0x020d836c,sub_020d836c,function,candidate,analysis/functions/summary.json,ARM prologue heuristic only
0x020d83c0,sub_020d83c0,function,candidate,analysis/functions/summary.json,ARM prologue heuristic only
0x020d85dc,sub_020d85dc,function,candidate,analysis/functions/summary.json,ARM prologue heuristic only
0x020d869c,sub_020d869c,function,candidate,analysis/functions/summary.json,ARM prologue heuristic only
0x020d8780,sub_020d8780,function,candidate,analysis/functions/summary.json,ARM prologue heuristic only
0x020d8de0,sub_020d8de0,function,candidate,analysis/functions/summary.json,ARM prologue heuristic only
0x020d8e68,sub_020d8e68,function,candidate,analysis/functions/summary.json,ARM prologue heuristic only
0x020d8ff0,sub_020d8ff0,function,candidate,analysis/functions/summary.json,ARM prologue heuristic only
0x020d90b0,sub_020d90b0,function,candidate,analysis/functions/summary.json,ARM prologue heuristic only
0x020d9184,sub_020d9184,function,candidate,analysis/functions/summary.json,ARM prologue heuristic only
0x020d9284,sub_020d9284,function,candidate,analysis/functions/summary.json,ARM prologue heuristic only
0x020d92b8,sub_020d92b8,function,candidate,analysis/functions/summary.json,ARM prologue heuristic only
0x020d9378,sub_020d9378,function,candidate,analysis/functions/summary.json,ARM prologue heuristic only
0x020d93e8,sub_020d93e8,function,candidate,analysis/functions/summary.json,ARM prologue heuristic only
0x020d9418,sub_020d9418,function,candidate,analysis/functions/summary.json,ARM prologue heuristic only
0x020d9554,sub_020d9554,function,candidate,analysis/functions/summary.json,ARM prologue heuristic only
0x020d9644,sub_020d9644,function,candidate,analysis/functions/summary.json,ARM prologue heuristic only
0x020d98b4,sub_020d98b4,function,candidate,analysis/functions/summary.json,ARM prologue heuristic only
0x020d9934,sub_020d9934,function,candidate,analysis/functions/summary.json,ARM prologue heuristic only
0x020d9b58,sub_020d9b58,function,candidate,analysis/functions/summary.json,ARM prologue heuristic only
0x020d9d98,sub_020d9d98,function,candidate,analysis/functions/summary.json,ARM prologue heuristic only
0x020d9df0,sub_020d9df0,function,candidate,analysis/functions/summary.json,ARM prologue heuristic only
0x020d9e60,sub_020d9e60,function,candidate,analysis/functions/summary.json,ARM prologue heuristic only
0x020d9ed0,sub_020d9ed0,function,candidate,analysis/functions/summary.json,ARM prologue heuristic only
0x020d9fac,sub_020d9fac,function,candidate,analysis/functions/summary.json,ARM prologue heuristic only
0x020da010,sub_020da010,function,candidate,analysis/functions/summary.json,ARM prologue heuristic only
0x020da074,sub_020da074,function,candidate,analysis/functions/summary.json,ARM prologue heuristic only
0x020da09c,sub_020da09c,function,candidate,analysis/functions/summary.json,ARM prologue heuristic only
0x020da10c,sub_020da10c,function,candidate,analysis/functions/summary.json,ARM prologue heuristic only
0x020da538,sub_020da538,function,candidate,analysis/functions/summary.json,ARM prologue heuristic only
0x020da5ac,sub_020da5ac,function,candidate,analysis/functions/summary.json,ARM prologue heuristic only
0x020da640,sub_020da640,function,candidate,analysis/functions/summary.json,ARM prologue heuristic only
0x020da728,sub_020da728,function,candidate,analysis/functions/summary.json,ARM prologue heuristic only
0x020da784,sub_020da784,function,candidate,analysis/functions/summary.json,ARM prologue heuristic only
0x020da7d4,sub_020da7d4,function,candidate,analysis/functions/summary.json,ARM prologue heuristic only
0x020da878,sub_020da878,function,candidate,analysis/functions/summary.json,ARM prologue heuristic only
0x020dac80,sub_020dac80,function,candidate,analysis/functions/summary.json,ARM prologue heuristic only
0x020dae58,sub_020dae58,function,candidate,analysis/functions/summary.json,ARM prologue heuristic only
0x020dafc8,sub_020dafc8,function,candidate,analysis/functions/summary.json,ARM prologue heuristic only
0x020db118,sub_020db118,function,candidate,analysis/functions/summary.json,ARM prologue heuristic only
0x020db1d0,sub_020db1d0,function,candidate,analysis/functions/summary.json,ARM prologue heuristic only
0x020db1f0,sub_020db1f0,function,candidate,analysis/functions/summary.json,ARM prologue heuristic only
0x020db2a4,sub_020db2a4,function,candidate,analysis/functions/summary.json,ARM prologue heuristic only
0x020db3b4,sub_020db3b4,function,candidate,analysis/functions/summary.json,ARM prologue heuristic only
0x020db78c,sub_020db78c,function,candidate,analysis/functions/summary.json,ARM prologue heuristic only
0x020db830,sub_020db830,function,candidate,analysis/functions/summary.json,ARM prologue heuristic only
0x020db8b0,sub_020db8b0,function,candidate,analysis/functions/summary.json,ARM prologue heuristic only
0x020db8d0,sub_020db8d0,function,candidate,analysis/functions/summary.json,ARM prologue heuristic only
0x020db9f0,sub_020db9f0,function,candidate,analysis/functions/summary.json,ARM prologue heuristic only
0x020dba60,sub_020dba60,function,candidate,analysis/functions/summary.json,ARM prologue heuristic only
0x020dbaf0,sub_020dbaf0,function,candidate,analysis/functions/summary.json,ARM prologue heuristic only
0x020dbb60,sub_020dbb60,function,candidate,analysis/functions/summary.json,ARM prologue heuristic only
0x020dbbec,sub_020dbbec,function,candidate,analysis/functions/summary.json,ARM prologue heuristic only
0x020dbc1c,sub_020dbc1c,function,candidate,analysis/functions/summary.json,ARM prologue heuristic only
0x020dbc78,sub_020dbc78,function,candidate,analysis/functions/summary.json,ARM prologue heuristic only
0x020dbcb4,sub_020dbcb4,function,candidate,analysis/functions/summary.json,ARM prologue heuristic only
0x020dbcf0,sub_020dbcf0,function,candidate,analysis/functions/summary.json,ARM prologue heuristic only
0x020dbd30,sub_020dbd30,function,candidate,analysis/functions/summary.json,ARM prologue heuristic only
0x020dbfb0,sub_020dbfb0,function,candidate,analysis/functions/summary.json,ARM prologue heuristic only
0x020dbfd8,sub_020dbfd8,function,candidate,analysis/functions/summary.json,ARM prologue heuristic only
0x020dc0cc,sub_020dc0cc,function,candidate,analysis/functions/summary.json,ARM prologue heuristic only
0x020dc168,sub_020dc168,function,candidate,analysis/functions/summary.json,ARM prologue heuristic only
0x020dc230,sub_020dc230,function,candidate,analysis/functions/summary.json,ARM prologue heuristic only
0x020dc314,sub_020dc314,function,candidate,analysis/functions/summary.json,ARM prologue heuristic only
0x020dc350,sub_020dc350,function,candidate,analysis/functions/summary.json,ARM prologue heuristic only
0x020e29e4,sub_020e29e4,function,candidate,analysis/functions/summary.json,ARM prologue heuristic only
0x020e2ab4,sub_020e2ab4,function,candidate,analysis/functions/summary.json,ARM prologue heuristic only
0x020e2af0,sub_020e2af0,function,candidate,analysis/functions/summary.json,ARM prologue heuristic only
0x020e2bbc,sub_020e2bbc,function,candidate,analysis/functions/summary.json,ARM prologue heuristic only
0x020e2d88,sub_020e2d88,function,candidate,analysis/functions/summary.json,ARM prologue heuristic only
0x020e2e1c,sub_020e2e1c,function,candidate,analysis/functions/summary.json,ARM prologue heuristic only
0x020e2e88,sub_020e2e88,function,candidate,analysis/functions/summary.json,ARM prologue heuristic only
0x020e2ed8,sub_020e2ed8,function,candidate,analysis/functions/summary.json,ARM prologue heuristic only
0x020e3064,sub_020e3064,function,candidate,analysis/functions/summary.json,ARM prologue heuristic only
0x020e30c8,sub_020e30c8,function,candidate,analysis/functions/summary.json,ARM prologue heuristic only
0x020e3140,sub_020e3140,function,candidate,analysis/functions/summary.json,ARM prologue heuristic only
0x020e3244,sub_020e3244,function,candidate,analysis/functions/summary.json,ARM prologue heuristic only
0x020e3318,sub_020e3318,function,candidate,analysis/functions/summary.json,ARM prologue heuristic only
0x020e3350,sub_020e3350,function,candidate,analysis/functions/summary.json,ARM prologue heuristic only
0x020e33b0,sub_020e33b0,function,candidate,analysis/functions/summary.json,ARM prologue heuristic only
0x020e33f0,sub_020e33f0,function,candidate,analysis/functions/summary.json,ARM prologue heuristic only
0x020e3440,sub_020e3440,function,candidate,analysis/functions/summary.json,ARM prologue heuristic only
0x020e3478,sub_020e3478,function,candidate,analysis/functions/summary.json,ARM prologue heuristic only
0x020e34ec,sub_020e34ec,function,candidate,analysis/functions/summary.json,ARM prologue heuristic only
0x020e35a8,sub_020e35a8,function,candidate,analysis/functions/summary.json,ARM prologue heuristic only
0x020e35c0,sub_020e35c0,function,candidate,analysis/functions/summary.json,ARM prologue heuristic only
0x020e35e0,sub_020e35e0,function,candidate,analysis/functions/summary.json,ARM prologue heuristic only
0x020e35f8,sub_020e35f8,function,candidate,analysis/functions/summary.json,ARM prologue heuristic only
0x020e36b4,sub_020e36b4,function,candidate,analysis/functions/summary.json,ARM prologue heuristic only
0x020e37a4,sub_020e37a4,function,candidate,analysis/functions/summary.json,ARM prologue heuristic only
0x020e37e4,sub_020e37e4,function,candidate,analysis/functions/summary.json,ARM prologue heuristic only
0x020e3870,sub_020e3870,function,candidate,analysis/functions/summary.json,ARM prologue heuristic only
0x020e38cc,sub_020e38cc,function,candidate,analysis/functions/summary.json,ARM prologue heuristic only
0x020e38e4,sub_020e38e4,function,candidate,analysis/functions/summary.json,ARM prologue heuristic only
0x020e38fc,sub_020e38fc,function,candidate,analysis/functions/summary.json,ARM prologue heuristic only
0x020e393c,sub_020e393c,function,candidate,analysis/functions/summary.json,ARM prologue heuristic only
0x020e39f4,sub_020e39f4,function,candidate,analysis/functions/summary.json,ARM prologue heuristic only
0x020e3a38,sub_020e3a38,function,candidate,analysis/functions/summary.json,ARM prologue heuristic only
0x020e3ae0,sub_020e3ae0,function,candidate,analysis/functions/summary.json,ARM prologue heuristic only
0x020e3e44,sub_020e3e44,function,candidate,analysis/functions/summary.json,ARM prologue heuristic only
0x020e3ed0,sub_020e3ed0,function,candidate,analysis/functions/summary.json,ARM prologue heuristic only
0x020e3f64,sub_020e3f64,function,candidate,analysis/functions/summary.json,ARM prologue heuristic only
0x020e3ff8,sub_020e3ff8,function,candidate,analysis/functions/summary.json,ARM prologue heuristic only
0x020e408c,sub_020e408c,function,candidate,analysis/functions/summary.json,ARM prologue heuristic only
0x020e4120,sub_020e4120,function,candidate,analysis/functions/summary.json,ARM prologue heuristic only
0x020e41ac,sub_020e41ac,function,candidate,analysis/functions/summary.json,ARM prologue heuristic only
0x020e41c4,sub_020e41c4,function,candidate,analysis/functions/summary.json,ARM prologue heuristic only
0x020e43ac,sub_020e43ac,function,candidate,analysis/functions/summary.json,ARM prologue heuristic only
0x020e4694,sub_020e4694,function,candidate,analysis/functions/summary.json,ARM prologue heuristic only
0x020e46c4,sub_020e46c4,function,candidate,analysis/functions/summary.json,ARM prologue heuristic only
0x020e46f4,sub_020e46f4,function,candidate,analysis/functions/summary.json,ARM prologue heuristic only
0x020e48f8,sub_020e48f8,function,candidate,analysis/functions/summary.json,ARM prologue heuristic only
0x020e494c,sub_020e494c,function,candidate,analysis/functions/summary.json,ARM prologue heuristic only
0x020e4b7c,sub_020e4b7c,function,candidate,analysis/functions/summary.json,ARM prologue heuristic only
0x020e4df8,sub_020e4df8,function,candidate,analysis/functions/summary.json,ARM prologue heuristic only
0x020e4e7c,sub_020e4e7c,function,candidate,analysis/functions/summary.json,ARM prologue heuristic only
0x020e4f44,sub_020e4f44,function,candidate,analysis/functions/summary.json,ARM prologue heuristic only
0x020e5020,sub_020e5020,function,candidate,analysis/functions/summary.json,ARM prologue heuristic only
0x020e5458,sub_020e5458,function,candidate,analysis/functions/summary.json,ARM prologue heuristic only
0x020e54dc,sub_020e54dc,function,candidate,analysis/functions/summary.json,ARM prologue heuristic only
0x020e5550,sub_020e5550,function,candidate,analysis/functions/summary.json,ARM prologue heuristic only
0x020e55c4,sub_020e55c4,function,candidate,analysis/functions/summary.json,ARM prologue heuristic only
0x020e5638,sub_020e5638,function,candidate,analysis/functions/summary.json,ARM prologue heuristic only
0x020e56ac,sub_020e56ac,function,candidate,analysis/functions/summary.json,ARM prologue heuristic only
0x020e578c,sub_020e578c,function,candidate,analysis/functions/summary.json,ARM prologue heuristic only
0x020e5ac8,sub_020e5ac8,function,candidate,analysis/functions/summary.json,ARM prologue heuristic only
0x020e5b68,sub_020e5b68,function,candidate,analysis/functions/summary.json,ARM prologue heuristic only
0x020e5bec,sub_020e5bec,function,candidate,analysis/functions/summary.json,ARM prologue heuristic only
0x020e5c70,sub_020e5c70,function,candidate,analysis/functions/summary.json,ARM prologue heuristic only
0x020e5cf4,sub_020e5cf4,function,candidate,analysis/functions/summary.json,ARM prologue heuristic only
0x020e5d78,sub_020e5d78,function,candidate,analysis/functions/summary.json,ARM prologue heuristic only
0x020e5dec,sub_020e5dec,function,candidate,analysis/functions/summary.json,ARM prologue heuristic only
0x020e5e04,sub_020e5e04,function,candidate,analysis/functions/summary.json,ARM prologue heuristic only
0x020e5fe0,sub_020e5fe0,function,candidate,analysis/functions/summary.json,ARM prologue heuristic only
0x020e61b0,sub_020e61b0,function,candidate,analysis/functions/summary.json,ARM prologue heuristic only
0x020e63a0,sub_020e63a0,function,candidate,analysis/functions/summary.json,ARM prologue heuristic only
0x020e63ec,sub_020e63ec,function,candidate,analysis/functions/summary.json,ARM prologue heuristic only
0x020e6588,sub_020e6588,function,candidate,analysis/functions/summary.json,ARM prologue heuristic only
0x020e67e8,sub_020e67e8,function,candidate,analysis/functions/summary.json,ARM prologue heuristic only
0x020e68b0,sub_020e68b0,function,candidate,analysis/functions/summary.json,ARM prologue heuristic only
0x020e693c,sub_020e693c,function,candidate,analysis/functions/summary.json,ARM prologue heuristic only
0x020e69e8,sub_020e69e8,function,candidate,analysis/functions/summary.json,ARM prologue heuristic only
0x020e6a60,sub_020e6a60,function,candidate,analysis/functions/summary.json,ARM prologue heuristic only
0x020e6ad0,sub_020e6ad0,function,candidate,analysis/functions/summary.json,ARM prologue heuristic only
0x020e6b40,sub_020e6b40,function,candidate,analysis/functions/summary.json,ARM prologue heuristic only
0x020e6bb0,sub_020e6bb0,function,candidate,analysis/functions/summary.json,ARM prologue heuristic only
0x020e6c20,sub_020e6c20,function,candidate,analysis/functions/summary.json,ARM prologue heuristic only
0x020e6df0,sub_020e6df0,function,candidate,analysis/functions/summary.json,ARM prologue heuristic only
0x020e6e40,sub_020e6e40,function,candidate,analysis/functions/summary.json,ARM prologue heuristic only
0x020e6ebc,sub_020e6ebc,function,candidate,analysis/functions/summary.json,ARM prologue heuristic only
0x020e6fe4,sub_020e6fe4,function,candidate,analysis/functions/summary.json,ARM prologue heuristic only
0x020e70ac,sub_020e70ac,function,candidate,analysis/functions/summary.json,ARM prologue heuristic only
0x020e7324,sub_020e7324,function,candidate,analysis/functions/summary.json,ARM prologue heuristic only
0x020e7494,sub_020e7494,function,candidate,analysis/functions/summary.json,ARM prologue heuristic only
0x020e74e4,sub_020e74e4,function,candidate,analysis/functions/summary.json,ARM prologue heuristic only
0x020e753c,sub_020e753c,function,candidate,analysis/functions/summary.json,ARM prologue heuristic only
0x020e7580,sub_020e7580,function,candidate,analysis/functions/summary.json,ARM prologue heuristic only
0x020e75ac,sub_020e75ac,function,candidate,analysis/functions/summary.json,ARM prologue heuristic only
0x020e76b8,sub_020e76b8,function,candidate,analysis/functions/summary.json,ARM prologue heuristic only
0x020e774c,sub_020e774c,function,candidate,analysis/functions/summary.json,ARM prologue heuristic only
0x020e79ec,sub_020e79ec,function,candidate,analysis/functions/summary.json,ARM prologue heuristic only
0x020e7a58,sub_020e7a58,function,candidate,analysis/functions/summary.json,ARM prologue heuristic only
0x020e7a7c,sub_020e7a7c,function,candidate,analysis/functions/summary.json,ARM prologue heuristic only
0x020e7b38,sub_020e7b38,function,candidate,analysis/functions/summary.json,ARM prologue heuristic only
0x020e7b98,sub_020e7b98,function,candidate,analysis/functions/summary.json,ARM prologue heuristic only
0x020e7bd4,sub_020e7bd4,function,candidate,analysis/functions/summary.json,ARM prologue heuristic only
0x020e7c48,sub_020e7c48,function,candidate,analysis/functions/summary.json,ARM prologue heuristic only
0x020e7e28,sub_020e7e28,function,candidate,analysis/functions/summary.json,ARM prologue heuristic only
0x020e7e64,sub_020e7e64,function,candidate,analysis/functions/summary.json,ARM prologue heuristic only
0x020e7ed8,sub_020e7ed8,function,candidate,analysis/functions/summary.json,ARM prologue heuristic only
0x020e7f54,sub_020e7f54,function,candidate,analysis/functions/summary.json,ARM prologue heuristic only
0x020e8040,sub_020e8040,function,candidate,analysis/functions/summary.json,ARM prologue heuristic only
0x020e8094,sub_020e8094,function,candidate,analysis/functions/summary.json,ARM prologue heuristic only
0x020e80d0,sub_020e80d0,function,candidate,analysis/functions/summary.json,ARM prologue heuristic only
0x020e80f8,sub_020e80f8,function,candidate,analysis/functions/summary.json,ARM prologue heuristic only
0x020e810c,sub_020e810c,function,candidate,analysis/functions/summary.json,ARM prologue heuristic only
0x020e823c,sub_020e823c,function,candidate,analysis/functions/summary.json,ARM prologue heuristic only
0x020e828c,sub_020e828c,function,candidate,analysis/functions/summary.json,ARM prologue heuristic only
0x020e82ac,sub_020e82ac,function,candidate,analysis/functions/summary.json,ARM prologue heuristic only
0x020e82f8,sub_020e82f8,function,candidate,analysis/functions/summary.json,ARM prologue heuristic only
0x020e83a0,sub_020e83a0,function,candidate,analysis/functions/summary.json,ARM prologue heuristic only
0x020e8410,sub_020e8410,function,candidate,analysis/functions/summary.json,ARM prologue heuristic only
0x020e8450,sub_020e8450,function,candidate,analysis/functions/summary.json,ARM prologue heuristic only
0x020e8498,sub_020e8498,function,candidate,analysis/functions/summary.json,ARM prologue heuristic only
0x020e8518,sub_020e8518,function,candidate,analysis/functions/summary.json,ARM prologue heuristic only
0x020e856c,sub_020e856c,function,candidate,analysis/functions/summary.json,ARM prologue heuristic only
0x020e85a8,sub_020e85a8,function,candidate,analysis/functions/summary.json,ARM prologue heuristic only
0x020e85d0,sub_020e85d0,function,candidate,analysis/functions/summary.json,ARM prologue heuristic only
0x020e85e4,sub_020e85e4,function,candidate,analysis/functions/summary.json,ARM prologue heuristic only
0x020e8620,sub_020e8620,function,candidate,analysis/functions/summary.json,ARM prologue heuristic only
0x020e8688,sub_020e8688,function,candidate,analysis/functions/summary.json,ARM prologue heuristic only
0x020e86a8,sub_020e86a8,function,candidate,analysis/functions/summary.json,ARM prologue heuristic only
0x020e870c,sub_020e870c,function,candidate,analysis/functions/summary.json,ARM prologue heuristic only
0x020e87c4,sub_020e87c4,function,candidate,analysis/functions/summary.json,ARM prologue heuristic only
0x020e8814,sub_020e8814,function,candidate,analysis/functions/summary.json,ARM prologue heuristic only
0x020e8834,sub_020e8834,function,candidate,analysis/functions/summary.json,ARM prologue heuristic only
0x020e8858,sub_020e8858,function,candidate,analysis/functions/summary.json,ARM prologue heuristic only
0x020e88d8,sub_020e88d8,function,candidate,analysis/functions/summary.json,ARM prologue heuristic only
0x020e890c,sub_020e890c,function,candidate,analysis/functions/summary.json,ARM prologue heuristic only
0x020e8938,sub_020e8938,function,candidate,analysis/functions/summary.json,ARM prologue heuristic only
0x020e8960,sub_020e8960,function,candidate,analysis/functions/summary.json,ARM prologue heuristic only
0x020e8974,sub_020e8974,function,candidate,analysis/functions/summary.json,ARM prologue heuristic only
0x020e8998,sub_020e8998,function,candidate,analysis/functions/summary.json,ARM prologue heuristic only
0x020e89c0,sub_020e89c0,function,candidate,analysis/functions/summary.json,ARM prologue heuristic only
0x020e89e0,sub_020e89e0,function,candidate,analysis/functions/summary.json,ARM prologue heuristic only
0x020e8a2c,sub_020e8a2c,function,candidate,analysis/functions/summary.json,ARM prologue heuristic only
0x020e8a60,sub_020e8a60,function,candidate,analysis/functions/summary.json,ARM prologue heuristic only
0x020e8a94,sub_020e8a94,function,candidate,analysis/functions/summary.json,ARM prologue heuristic only
0x020e8b14,sub_020e8b14,function,candidate,analysis/functions/summary.json,ARM prologue heuristic only
0x020e8ce8,sub_020e8ce8,function,candidate,analysis/functions/summary.json,ARM prologue heuristic only
0x020e8d3c,sub_020e8d3c,function,candidate,analysis/functions/summary.json,ARM prologue heuristic only
0x020e8d78,sub_020e8d78,function,candidate,analysis/functions/summary.json,ARM prologue heuristic only
0x020e8da0,sub_020e8da0,function,candidate,analysis/functions/summary.json,ARM prologue heuristic only
0x020e8db4,sub_020e8db4,function,candidate,analysis/functions/summary.json,ARM prologue heuristic only
0x020e8dd8,sub_020e8dd8,function,candidate,analysis/functions/summary.json,ARM prologue heuristic only
0x020e8e00,sub_020e8e00,function,candidate,analysis/functions/summary.json,ARM prologue heuristic only
0x020e8e20,sub_020e8e20,function,candidate,analysis/functions/summary.json,ARM prologue heuristic only
0x020e8e70,sub_020e8e70,function,candidate,analysis/functions/summary.json,ARM prologue heuristic only
0x020e8ee0,sub_020e8ee0,function,candidate,analysis/functions/summary.json,ARM prologue heuristic only
0x020e8fa8,sub_020e8fa8,function,candidate,analysis/functions/summary.json,ARM prologue heuristic only
0x020e9144,sub_020e9144,function,candidate,analysis/functions/summary.json,ARM prologue heuristic only
0x020e9198,sub_020e9198,function,candidate,analysis/functions/summary.json,ARM prologue heuristic only
0x020e91d4,sub_020e91d4,function,candidate,analysis/functions/summary.json,ARM prologue heuristic only
0x020e91fc,sub_020e91fc,function,candidate,analysis/functions/summary.json,ARM prologue heuristic only
0x020e9210,sub_020e9210,function,candidate,analysis/functions/summary.json,ARM prologue heuristic only
0x020e93ac,sub_020e93ac,function,candidate,analysis/functions/summary.json,ARM prologue heuristic only
0x020e93cc,sub_020e93cc,function,candidate,analysis/functions/summary.json,ARM prologue heuristic only
0x020e9430,sub_020e9430,function,candidate,analysis/functions/summary.json,ARM prologue heuristic only
0x020e953c,sub_020e953c,function,candidate,analysis/functions/summary.json,ARM prologue heuristic only
0x020e95f8,sub_020e95f8,function,candidate,analysis/functions/summary.json,ARM prologue heuristic only
0x020e9630,sub_020e9630,function,candidate,analysis/functions/summary.json,ARM prologue heuristic only
0x020e96b0,sub_020e96b0,function,candidate,analysis/functions/summary.json,ARM prologue heuristic only
0x020e96e4,sub_020e96e4,function,candidate,analysis/functions/summary.json,ARM prologue heuristic only
0x020e9714,sub_020e9714,function,candidate,analysis/functions/summary.json,ARM prologue heuristic only
0x020e972c,sub_020e972c,function,candidate,analysis/functions/summary.json,ARM prologue heuristic only
0x020e9754,sub_020e9754,function,candidate,analysis/functions/summary.json,ARM prologue heuristic only
0x020e97e8,sub_020e97e8,function,candidate,analysis/functions/summary.json,ARM prologue heuristic only
0x020e9870,sub_020e9870,function,candidate,analysis/functions/summary.json,ARM prologue heuristic only
0x020e98f8,sub_020e98f8,function,candidate,analysis/functions/summary.json,ARM prologue heuristic only
0x020e992c,sub_020e992c,function,candidate,analysis/functions/summary.json,ARM prologue heuristic only
0x020e9958,sub_020e9958,function,candidate,analysis/functions/summary.json,ARM prologue heuristic only
0x020e9980,sub_020e9980,function,candidate,analysis/functions/summary.json,ARM prologue heuristic only
0x020e9994,sub_020e9994,function,candidate,analysis/functions/summary.json,ARM prologue heuristic only
0x020e99b8,sub_020e99b8,function,candidate,analysis/functions/summary.json,ARM prologue heuristic only
0x020e99e0,sub_020e99e0,function,candidate,analysis/functions/summary.json,ARM prologue heuristic only
0x020e9a00,sub_020e9a00,function,candidate,analysis/functions/summary.json,ARM prologue heuristic only
0x020e9a4c,sub_020e9a4c,function,candidate,analysis/functions/summary.json,ARM prologue heuristic only
0x020e9a80,sub_020e9a80,function,candidate,analysis/functions/summary.json,ARM prologue heuristic only
0x020e9b08,sub_020e9b08,function,candidate,analysis/functions/summary.json,ARM prologue heuristic only
0x020e9b3c,sub_020e9b3c,function,candidate,analysis/functions/summary.json,ARM prologue heuristic only
0x020e9b78,sub_020e9b78,function,candidate,analysis/functions/summary.json,ARM prologue heuristic only
0x020e9ba0,sub_020e9ba0,function,candidate,analysis/functions/summary.json,ARM prologue heuristic only
0x020e9bb4,sub_020e9bb4,function,candidate,analysis/functions/summary.json,ARM prologue heuristic only
0x020e9bd8,sub_020e9bd8,function,candidate,analysis/functions/summary.json,ARM prologue heuristic only
0x020e9c00,sub_020e9c00,function,candidate,analysis/functions/summary.json,ARM prologue heuristic only
0x020e9c20,sub_020e9c20,function,candidate,analysis/functions/summary.json,ARM prologue heuristic only
0x020e9c5c,sub_020e9c5c,function,candidate,analysis/functions/summary.json,ARM prologue heuristic only
0x020e9cac,sub_020e9cac,function,candidate,analysis/functions/summary.json,ARM prologue heuristic only
0x020e9cf4,sub_020e9cf4,function,candidate,analysis/functions/summary.json,ARM prologue heuristic only
0x020e9d74,sub_020e9d74,function,candidate,analysis/functions/summary.json,ARM prologue heuristic only
0x020e9dc8,sub_020e9dc8,function,candidate,analysis/functions/summary.json,ARM prologue heuristic only
0x020e9df4,sub_020e9df4,function,candidate,analysis/functions/summary.json,ARM prologue heuristic only
0x020e9e1c,sub_020e9e1c,function,candidate,analysis/functions/summary.json,ARM prologue heuristic only
0x020e9e30,sub_020e9e30,function,candidate,analysis/functions/summary.json,ARM prologue heuristic only
0x020e9e6c,sub_020e9e6c,function,candidate,analysis/functions/summary.json,ARM prologue heuristic only
0x020e9ebc,sub_020e9ebc,function,candidate,analysis/functions/summary.json,ARM prologue heuristic only
0x020e9edc,sub_020e9edc,function,candidate,analysis/functions/summary.json,ARM prologue heuristic only
0x020e9f40,sub_020e9f40,function,candidate,analysis/functions/summary.json,ARM prologue heuristic only
0x020e9ff8,sub_020e9ff8,function,candidate,analysis/functions/summary.json,ARM prologue heuristic only
0x020ea028,sub_020ea028,function,candidate,analysis/functions/summary.json,ARM prologue heuristic only
0x020ea094,sub_020ea094,function,candidate,analysis/functions/summary.json,ARM prologue heuristic only
0x020ea0c8,sub_020ea0c8,function,candidate,analysis/functions/summary.json,ARM prologue heuristic only
0x020ea0f8,sub_020ea0f8,function,candidate,analysis/functions/summary.json,ARM prologue heuristic only
0x020ea10c,sub_020ea10c,function,candidate,analysis/functions/summary.json,ARM prologue heuristic only
0x020ea148,sub_020ea148,function,candidate,analysis/functions/summary.json,ARM prologue heuristic only
0x020ea1ac,sub_020ea1ac,function,candidate,analysis/functions/summary.json,ARM prologue heuristic only
0x020ea1e0,sub_020ea1e0,function,candidate,analysis/functions/summary.json,ARM prologue heuristic only
0x020ea21c,sub_020ea21c,function,candidate,analysis/functions/summary.json,ARM prologue heuristic only
0x020ea29c,sub_020ea29c,function,candidate,analysis/functions/summary.json,ARM prologue heuristic only
0x020ea304,sub_020ea304,function,candidate,analysis/functions/summary.json,ARM prologue heuristic only
0x020ea340,sub_020ea340,function,candidate,analysis/functions/summary.json,ARM prologue heuristic only
0x020ea374,sub_020ea374,function,candidate,analysis/functions/summary.json,ARM prologue heuristic only
0x020ea388,sub_020ea388,function,candidate,analysis/functions/summary.json,ARM prologue heuristic only
0x020ea3c4,sub_020ea3c4,function,candidate,analysis/functions/summary.json,ARM prologue heuristic only
0x020ea41c,sub_020ea41c,function,candidate,analysis/functions/summary.json,ARM prologue heuristic only
0x020ea43c,sub_020ea43c,function,candidate,analysis/functions/summary.json,ARM prologue heuristic only
0x020ea4a0,sub_020ea4a0,function,candidate,analysis/functions/summary.json,ARM prologue heuristic only
0x020ea548,sub_020ea548,function,candidate,analysis/functions/summary.json,ARM prologue heuristic only
0x020ea618,sub_020ea618,function,candidate,analysis/functions/summary.json,ARM prologue heuristic only
0x020ea698,sub_020ea698,function,candidate,analysis/functions/summary.json,ARM prologue heuristic only
0x020ea6cc,sub_020ea6cc,function,candidate,analysis/functions/summary.json,ARM prologue heuristic only
0x020ea6f0,sub_020ea6f0,function,candidate,analysis/functions/summary.json,ARM prologue heuristic only
0x020ea714,sub_020ea714,function,candidate,analysis/functions/summary.json,ARM prologue heuristic only
0x020ea78c,sub_020ea78c,function,candidate,analysis/functions/summary.json,ARM prologue heuristic only
0x020ea7e8,sub_020ea7e8,function,candidate,analysis/functions/summary.json,ARM prologue heuristic only
0x020ea844,sub_020ea844,function,candidate,analysis/functions/summary.json,ARM prologue heuristic only
0x020ea940,sub_020ea940,function,candidate,analysis/functions/summary.json,ARM prologue heuristic only
0x020ea98c,sub_020ea98c,function,candidate,analysis/functions/summary.json,ARM prologue heuristic only
0x020eaa0c,sub_020eaa0c,function,candidate,analysis/functions/summary.json,ARM prologue heuristic only
0x020eaa40,sub_020eaa40,function,candidate,analysis/functions/summary.json,ARM prologue heuristic only
0x020eaa6c,sub_020eaa6c,function,candidate,analysis/functions/summary.json,ARM prologue heuristic only
0x020eaa90,sub_020eaa90,function,candidate,analysis/functions/summary.json,ARM prologue heuristic only
0x020eaaa4,sub_020eaaa4,function,candidate,analysis/functions/summary.json,ARM prologue heuristic only
0x020eaae0,sub_020eaae0,function,candidate,analysis/functions/summary.json,ARM prologue heuristic only
0x020eab0c,sub_020eab0c,function,candidate,analysis/functions/summary.json,ARM prologue heuristic only
0x020eab44,sub_020eab44,function,candidate,analysis/functions/summary.json,ARM prologue heuristic only
0x020eabc4,sub_020eabc4,function,candidate,analysis/functions/summary.json,ARM prologue heuristic only
0x020eacbc,sub_020eacbc,function,candidate,analysis/functions/summary.json,ARM prologue heuristic only
0x020ead38,sub_020ead38,function,candidate,analysis/functions/summary.json,ARM prologue heuristic only
0x020ead98,sub_020ead98,function,candidate,analysis/functions/summary.json,ARM prologue heuristic only
0x020eae40,sub_020eae40,function,candidate,analysis/functions/summary.json,ARM prologue heuristic only
0x020eae94,sub_020eae94,function,candidate,analysis/functions/summary.json,ARM prologue heuristic only
0x020eaed0,sub_020eaed0,function,candidate,analysis/functions/summary.json,ARM prologue heuristic only
0x020eaf18,sub_020eaf18,function,candidate,analysis/functions/summary.json,ARM prologue heuristic only
0x020eafec,sub_020eafec,function,candidate,analysis/functions/summary.json,ARM prologue heuristic only
0x020eb028,sub_020eb028,function,candidate,analysis/functions/summary.json,ARM prologue heuristic only
0x020eb074,sub_020eb074,function,candidate,analysis/functions/summary.json,ARM prologue heuristic only
0x020eb0b0,sub_020eb0b0,function,candidate,analysis/functions/summary.json,ARM prologue heuristic only
0x020eb114,sub_020eb114,function,candidate,analysis/functions/summary.json,ARM prologue heuristic only
0x020eb1f0,sub_020eb1f0,function,candidate,analysis/functions/summary.json,ARM prologue heuristic only
0x020eb20c,sub_020eb20c,function,candidate,analysis/functions/summary.json,ARM prologue heuristic only
0x020eb238,sub_020eb238,function,candidate,analysis/functions/summary.json,ARM prologue heuristic only
0x020eb258,sub_020eb258,function,candidate,analysis/functions/summary.json,ARM prologue heuristic only
0x020eb2a4,sub_020eb2a4,function,candidate,analysis/functions/summary.json,ARM prologue heuristic only
0x020eb2d4,sub_020eb2d4,function,candidate,analysis/functions/summary.json,ARM prologue heuristic only
0x020eb310,sub_020eb310,function,candidate,analysis/functions/summary.json,ARM prologue heuristic only
0x020eb37c,sub_020eb37c,function,candidate,analysis/functions/summary.json,ARM prologue heuristic only
0x020eb3b0,sub_020eb3b0,function,candidate,analysis/functions/summary.json,ARM prologue heuristic only
0x020eb3d4,sub_020eb3d4,function,candidate,analysis/functions/summary.json,ARM prologue heuristic only
0x020eb3e8,sub_020eb3e8,function,candidate,analysis/functions/summary.json,ARM prologue heuristic only
0x020eb424,sub_020eb424,function,candidate,analysis/functions/summary.json,ARM prologue heuristic only
0x020eb494,sub_020eb494,function,candidate,analysis/functions/summary.json,ARM prologue heuristic only
0x020eb4c8,sub_020eb4c8,function,candidate,analysis/functions/summary.json,ARM prologue heuristic only
0x020eb5a0,sub_020eb5a0,function,candidate,analysis/functions/summary.json,ARM prologue heuristic only
0x020eb6f4,sub_020eb6f4,function,candidate,analysis/functions/summary.json,ARM prologue heuristic only
0x020eb79c,sub_020eb79c,function,candidate,analysis/functions/summary.json,ARM prologue heuristic only
0x020eb910,sub_020eb910,function,candidate,analysis/functions/summary.json,ARM prologue heuristic only
0x020eb964,sub_020eb964,function,candidate,analysis/functions/summary.json,ARM prologue heuristic only
0x020eb9a0,sub_020eb9a0,function,candidate,analysis/functions/summary.json,ARM prologue heuristic only
0x020eb9c8,sub_020eb9c8,function,candidate,analysis/functions/summary.json,ARM prologue heuristic only
0x020eb9dc,sub_020eb9dc,function,candidate,analysis/functions/summary.json,ARM prologue heuristic only
0x020ebc30,sub_020ebc30,function,candidate,analysis/functions/summary.json,ARM prologue heuristic only
0x020ebea0,sub_020ebea0,function,candidate,analysis/functions/summary.json,ARM prologue heuristic only
0x020ebfac,sub_020ebfac,function,candidate,analysis/functions/summary.json,ARM prologue heuristic only
0x020ebfcc,sub_020ebfcc,function,candidate,analysis/functions/summary.json,ARM prologue heuristic only
0x020ec03c,sub_020ec03c,function,candidate,analysis/functions/summary.json,ARM prologue heuristic only
0x020ec238,sub_020ec238,function,candidate,analysis/functions/summary.json,ARM prologue heuristic only
0x020ec2e0,sub_020ec2e0,function,candidate,analysis/functions/summary.json,ARM prologue heuristic only
0x020ec458,sub_020ec458,function,candidate,analysis/functions/summary.json,ARM prologue heuristic only
0x020ec4e4,sub_020ec4e4,function,candidate,analysis/functions/summary.json,ARM prologue heuristic only
0x020ec5a0,sub_020ec5a0,function,candidate,analysis/functions/summary.json,ARM prologue heuristic only
0x020ec65c,sub_020ec65c,function,candidate,analysis/functions/summary.json,ARM prologue heuristic only
0x020ec6f4,sub_020ec6f4,function,candidate,analysis/functions/summary.json,ARM prologue heuristic only
0x020ec750,sub_020ec750,function,candidate,analysis/functions/summary.json,ARM prologue heuristic only
0x020ec79c,sub_020ec79c,function,candidate,analysis/functions/summary.json,ARM prologue heuristic only
0x020ec8e8,sub_020ec8e8,function,candidate,analysis/functions/summary.json,ARM prologue heuristic only
0x020ec95c,sub_020ec95c,function,candidate,analysis/functions/summary.json,ARM prologue heuristic only
0x020ec9e0,sub_020ec9e0,function,candidate,analysis/functions/summary.json,ARM prologue heuristic only
0x020eca10,sub_020eca10,function,candidate,analysis/functions/summary.json,ARM prologue heuristic only
0x020eca3c,sub_020eca3c,function,candidate,analysis/functions/summary.json,ARM prologue heuristic only
0x020ecb98,sub_020ecb98,function,candidate,analysis/functions/summary.json,ARM prologue heuristic only
0x020ecc54,sub_020ecc54,function,candidate,analysis/functions/summary.json,ARM prologue heuristic only
0x020ecca8,sub_020ecca8,function,candidate,analysis/functions/summary.json,ARM prologue heuristic only
0x020ecd24,sub_020ecd24,function,candidate,analysis/functions/summary.json,ARM prologue heuristic only
0x020ecd44,sub_020ecd44,function,candidate,analysis/functions/summary.json,ARM prologue heuristic only
0x020ecd54,sub_020ecd54,function,candidate,analysis/functions/summary.json,ARM prologue heuristic only
0x020ecf18,sub_020ecf18,function,candidate,analysis/functions/summary.json,ARM prologue heuristic only
0x020ecf34,sub_020ecf34,function,candidate,analysis/functions/summary.json,ARM prologue heuristic only
0x020ecf64,sub_020ecf64,function,candidate,analysis/functions/summary.json,ARM prologue heuristic only
0x020ed03c,sub_020ed03c,function,candidate,analysis/functions/summary.json,ARM prologue heuristic only
0x020ed140,sub_020ed140,function,candidate,analysis/functions/summary.json,ARM prologue heuristic only
0x020ed234,sub_020ed234,function,candidate,analysis/functions/summary.json,ARM prologue heuristic only
0x020ed29c,sub_020ed29c,function,candidate,analysis/functions/summary.json,ARM prologue heuristic only
0x020ed3a8,sub_020ed3a8,function,candidate,analysis/functions/summary.json,ARM prologue heuristic only
0x020ed534,sub_020ed534,function,candidate,analysis/functions/summary.json,ARM prologue heuristic only
0x020ed560,sub_020ed560,function,candidate,analysis/functions/summary.json,ARM prologue heuristic only
0x020ed5a4,sub_020ed5a4,function,candidate,analysis/functions/summary.json,ARM prologue heuristic only
0x020ed718,sub_020ed718,function,candidate,analysis/functions/summary.json,ARM prologue heuristic only
0x020ed7d4,sub_020ed7d4,function,candidate,analysis/functions/summary.json,ARM prologue heuristic only
0x020ed828,sub_020ed828,function,candidate,analysis/functions/summary.json,ARM prologue heuristic only
0x020ed8b4,sub_020ed8b4,function,candidate,analysis/functions/summary.json,ARM prologue heuristic only
0x020ed8d4,sub_020ed8d4,function,candidate,analysis/functions/summary.json,ARM prologue heuristic only
0x020ed8e4,sub_020ed8e4,function,candidate,analysis/functions/summary.json,ARM prologue heuristic only
0x020edbf4,sub_020edbf4,function,candidate,analysis/functions/summary.json,ARM prologue heuristic only
0x020edc8c,sub_020edc8c,function,candidate,analysis/functions/summary.json,ARM prologue heuristic only
0x020edca8,sub_020edca8,function,candidate,analysis/functions/summary.json,ARM prologue heuristic only
0x020edcd8,sub_020edcd8,function,candidate,analysis/functions/summary.json,ARM prologue heuristic only
0x020edd64,sub_020edd64,function,candidate,analysis/functions/summary.json,ARM prologue heuristic only
0x020ede08,sub_020ede08,function,candidate,analysis/functions/summary.json,ARM prologue heuristic only
0x020edf20,sub_020edf20,function,candidate,analysis/functions/summary.json,ARM prologue heuristic only
0x020edf7c,sub_020edf7c,function,candidate,analysis/functions/summary.json,ARM prologue heuristic only
0x020ee030,sub_020ee030,function,candidate,analysis/functions/summary.json,ARM prologue heuristic only
0x020ee0a8,sub_020ee0a8,function,candidate,analysis/functions/summary.json,ARM prologue heuristic only
0x020ee1fc,sub_020ee1fc,function,candidate,analysis/functions/summary.json,ARM prologue heuristic only
0x020ee228,sub_020ee228,function,candidate,analysis/functions/summary.json,ARM prologue heuristic only
0x020ee26c,sub_020ee26c,function,candidate,analysis/functions/summary.json,ARM prologue heuristic only
0x020ee288,sub_020ee288,function,candidate,analysis/functions/summary.json,ARM prologue heuristic only
0x020ee308,sub_020ee308,function,candidate,analysis/functions/summary.json,ARM prologue heuristic only
0x020ee664,sub_020ee664,function,candidate,analysis/functions/summary.json,ARM prologue heuristic only
0x020ee698,sub_020ee698,function,candidate,analysis/functions/summary.json,ARM prologue heuristic only
0x020ee6d4,sub_020ee6d4,function,candidate,analysis/functions/summary.json,ARM prologue heuristic only
0x020ee6fc,sub_020ee6fc,function,candidate,analysis/functions/summary.json,ARM prologue heuristic only
0x020ee710,sub_020ee710,function,candidate,analysis/functions/summary.json,ARM prologue heuristic only
0x020ee734,sub_020ee734,function,candidate,analysis/functions/summary.json,ARM prologue heuristic only
0x020ee75c,sub_020ee75c,function,candidate,analysis/functions/summary.json,ARM prologue heuristic only
0x020ee77c,sub_020ee77c,function,candidate,analysis/functions/summary.json,ARM prologue heuristic only
0x020ee7cc,sub_020ee7cc,function,candidate,analysis/functions/summary.json,ARM prologue heuristic only
0x020ee890,sub_020ee890,function,candidate,analysis/functions/summary.json,ARM prologue heuristic only
0x020eeca0,sub_020eeca0,function,candidate,analysis/functions/summary.json,ARM prologue heuristic only
0x020eecdc,sub_020eecdc,function,candidate,analysis/functions/summary.json,ARM prologue heuristic only
0x020eed30,sub_020eed30,function,candidate,analysis/functions/summary.json,ARM prologue heuristic only
0x020eed64,sub_020eed64,function,candidate,analysis/functions/summary.json,ARM prologue heuristic only
0x020eed74,sub_020eed74,function,candidate,analysis/functions/summary.json,ARM prologue heuristic only
0x020eeff4,sub_020eeff4,function,candidate,analysis/functions/summary.json,ARM prologue heuristic only
0x020ef078,sub_020ef078,function,candidate,analysis/functions/summary.json,ARM prologue heuristic only
0x020ef1f8,sub_020ef1f8,function,candidate,analysis/functions/summary.json,ARM prologue heuristic only
0x020ef264,sub_020ef264,function,candidate,analysis/functions/summary.json,ARM prologue heuristic only
0x020ef29c,sub_020ef29c,function,candidate,analysis/functions/summary.json,ARM prologue heuristic only
0x020ef4f8,sub_020ef4f8,function,candidate,analysis/functions/summary.json,ARM prologue heuristic only
0x020ef518,sub_020ef518,function,candidate,analysis/functions/summary.json,ARM prologue heuristic only
0x020ef564,sub_020ef564,function,candidate,analysis/functions/summary.json,ARM prologue heuristic only
0x020ef858,sub_020ef858,function,candidate,analysis/functions/summary.json,ARM prologue heuristic only
0x020ef918,sub_020ef918,function,candidate,analysis/functions/summary.json,ARM prologue heuristic only
0x020efab4,sub_020efab4,function,candidate,analysis/functions/summary.json,ARM prologue heuristic only
0x020efc08,sub_020efc08,function,candidate,analysis/functions/summary.json,ARM prologue heuristic only
0x020efc9c,sub_020efc9c,function,candidate,analysis/functions/summary.json,ARM prologue heuristic only
0x020efda0,sub_020efda0,function,candidate,analysis/functions/summary.json,ARM prologue heuristic only
0x020efef4,sub_020efef4,function,candidate,analysis/functions/summary.json,ARM prologue heuristic only
0x020eff7c,sub_020eff7c,function,candidate,analysis/functions/summary.json,ARM prologue heuristic only
0x020f018c,sub_020f018c,function,candidate,analysis/functions/summary.json,ARM prologue heuristic only
0x020f0400,sub_020f0400,function,candidate,analysis/functions/summary.json,ARM prologue heuristic only
0x020f0444,sub_020f0444,function,candidate,analysis/functions/summary.json,ARM prologue heuristic only
0x020f0468,sub_020f0468,function,candidate,analysis/functions/summary.json,ARM prologue heuristic only
0x020f0530,sub_020f0530,function,candidate,analysis/functions/summary.json,ARM prologue heuristic only
0x020f05d4,sub_020f05d4,function,candidate,analysis/functions/summary.json,ARM prologue heuristic only
0x020f0658,sub_020f0658,function,candidate,analysis/functions/summary.json,ARM prologue heuristic only
0x020f0730,sub_020f0730,function,candidate,analysis/functions/summary.json,ARM prologue heuristic only
0x020f07e0,sub_020f07e0,function,candidate,analysis/functions/summary.json,ARM prologue heuristic only
0x020f0810,sub_020f0810,function,candidate,analysis/functions/summary.json,ARM prologue heuristic only
0x020f0b34,sub_020f0b34,function,candidate,analysis/functions/summary.json,ARM prologue heuristic only
0x020f0c4c,sub_020f0c4c,function,candidate,analysis/functions/summary.json,ARM prologue heuristic only
0x020f0cec,sub_020f0cec,function,candidate,analysis/functions/summary.json,ARM prologue heuristic only
0x020f0d2c,sub_020f0d2c,function,candidate,analysis/functions/summary.json,ARM prologue heuristic only
0x020f0d5c,sub_020f0d5c,function,candidate,analysis/functions/summary.json,ARM prologue heuristic only
0x020f0d7c,sub_020f0d7c,function,candidate,analysis/functions/summary.json,ARM prologue heuristic only
0x020f0e10,sub_020f0e10,function,candidate,analysis/functions/summary.json,ARM prologue heuristic only
0x020f0e64,sub_020f0e64,function,candidate,analysis/functions/summary.json,ARM prologue heuristic only
0x020f0eb4,sub_020f0eb4,function,candidate,analysis/functions/summary.json,ARM prologue heuristic only
0x020f0ee4,sub_020f0ee4,function,candidate,analysis/functions/summary.json,ARM prologue heuristic only
0x020f0f20,sub_020f0f20,function,candidate,analysis/functions/summary.json,ARM prologue heuristic only
0x020f0f9c,sub_020f0f9c,function,candidate,analysis/functions/summary.json,ARM prologue heuristic only
0x020f0fd8,sub_020f0fd8,function,candidate,analysis/functions/summary.json,ARM prologue heuristic only
0x020f1058,sub_020f1058,function,candidate,analysis/functions/summary.json,ARM prologue heuristic only
0x020f108c,sub_020f108c,function,candidate,analysis/functions/summary.json,ARM prologue heuristic only
0x020f10b8,sub_020f10b8,function,candidate,analysis/functions/summary.json,ARM prologue heuristic only
0x020f10e0,sub_020f10e0,function,candidate,analysis/functions/summary.json,ARM prologue heuristic only
0x020f1100,sub_020f1100,function,candidate,analysis/functions/summary.json,ARM prologue heuristic only
0x020f113c,sub_020f113c,function,candidate,analysis/functions/summary.json,ARM prologue heuristic only
0x020f1168,sub_020f1168,function,candidate,analysis/functions/summary.json,ARM prologue heuristic only
0x020f1188,sub_020f1188,function,candidate,analysis/functions/summary.json,ARM prologue heuristic only
0x020f11fc,sub_020f11fc,function,candidate,analysis/functions/summary.json,ARM prologue heuristic only
0x020f12c4,sub_020f12c4,function,candidate,analysis/functions/summary.json,ARM prologue heuristic only
0x020f1348,sub_020f1348,function,candidate,analysis/functions/summary.json,ARM prologue heuristic only
0x020f1374,sub_020f1374,function,candidate,analysis/functions/summary.json,ARM prologue heuristic only
0x020f13b4,sub_020f13b4,function,candidate,analysis/functions/summary.json,ARM prologue heuristic only
0x020f13f0,sub_020f13f0,function,candidate,analysis/functions/summary.json,ARM prologue heuristic only
0x020f1470,sub_020f1470,function,candidate,analysis/functions/summary.json,ARM prologue heuristic only
0x020f14a4,sub_020f14a4,function,candidate,analysis/functions/summary.json,ARM prologue heuristic only
0x020f14d0,sub_020f14d0,function,candidate,analysis/functions/summary.json,ARM prologue heuristic only
0x020f14f8,sub_020f14f8,function,candidate,analysis/functions/summary.json,ARM prologue heuristic only
0x020f1518,sub_020f1518,function,candidate,analysis/functions/summary.json,ARM prologue heuristic only
0x020f1554,sub_020f1554,function,candidate,analysis/functions/summary.json,ARM prologue heuristic only
0x020f1580,sub_020f1580,function,candidate,analysis/functions/summary.json,ARM prologue heuristic only
0x020f15a0,sub_020f15a0,function,candidate,analysis/functions/summary.json,ARM prologue heuristic only
0x020f1604,sub_020f1604,function,candidate,analysis/functions/summary.json,ARM prologue heuristic only
0x020f16c0,sub_020f16c0,function,candidate,analysis/functions/summary.json,ARM prologue heuristic only
0x020f1798,sub_020f1798,function,candidate,analysis/functions/summary.json,ARM prologue heuristic only
0x020f17c4,sub_020f17c4,function,candidate,analysis/functions/summary.json,ARM prologue heuristic only
0x020f17e4,sub_020f17e4,function,candidate,analysis/functions/summary.json,ARM prologue heuristic only
0x020f1820,sub_020f1820,function,candidate,analysis/functions/summary.json,ARM prologue heuristic only
0x020f18a0,sub_020f18a0,function,candidate,analysis/functions/summary.json,ARM prologue heuristic only
0x020f18d4,sub_020f18d4,function,candidate,analysis/functions/summary.json,ARM prologue heuristic only
0x020f18f8,sub_020f18f8,function,candidate,analysis/functions/summary.json,ARM prologue heuristic only
0x020f190c,sub_020f190c,function,candidate,analysis/functions/summary.json,ARM prologue heuristic only
0x020f1948,sub_020f1948,function,candidate,analysis/functions/summary.json,ARM prologue heuristic only
0x020f19b8,sub_020f19b8,function,candidate,analysis/functions/summary.json,ARM prologue heuristic only
0x020f1a0c,sub_020f1a0c,function,candidate,analysis/functions/summary.json,ARM prologue heuristic only
0x020f1a68,sub_020f1a68,function,candidate,analysis/functions/summary.json,ARM prologue heuristic only
0x020f1b10,sub_020f1b10,function,candidate,analysis/functions/summary.json,ARM prologue heuristic only
0x020f1b64,sub_020f1b64,function,candidate,analysis/functions/summary.json,ARM prologue heuristic only
0x020f1ba4,sub_020f1ba4,function,candidate,analysis/functions/summary.json,ARM prologue heuristic only
0x020f1bcc,sub_020f1bcc,function,candidate,analysis/functions/summary.json,ARM prologue heuristic only
0x020f1bec,sub_020f1bec,function,candidate,analysis/functions/summary.json,ARM prologue heuristic only
0x020f1c28,sub_020f1c28,function,candidate,analysis/functions/summary.json,ARM prologue heuristic only
0x020f1c54,sub_020f1c54,function,candidate,analysis/functions/summary.json,ARM prologue heuristic only
0x020f1c74,sub_020f1c74,function,candidate,analysis/functions/summary.json,ARM prologue heuristic only
0x020f1ce8,sub_020f1ce8,function,candidate,analysis/functions/summary.json,ARM prologue heuristic only
0x020f1db0,sub_020f1db0,function,candidate,analysis/functions/summary.json,ARM prologue heuristic only
0x020f1e34,sub_020f1e34,function,candidate,analysis/functions/summary.json,ARM prologue heuristic only
0x020f1e60,sub_020f1e60,function,candidate,analysis/functions/summary.json,ARM prologue heuristic only
0x020f1e80,sub_020f1e80,function,candidate,analysis/functions/summary.json,ARM prologue heuristic only
0x020f1ee8,sub_020f1ee8,function,candidate,analysis/functions/summary.json,ARM prologue heuristic only
0x020f1f90,sub_020f1f90,function,candidate,analysis/functions/summary.json,ARM prologue heuristic only
0x020f1fe4,sub_020f1fe4,function,candidate,analysis/functions/summary.json,ARM prologue heuristic only
0x020f2020,sub_020f2020,function,candidate,analysis/functions/summary.json,ARM prologue heuristic only
0x020f2048,sub_020f2048,function,candidate,analysis/functions/summary.json,ARM prologue heuristic only
0x020f2060,sub_020f2060,function,candidate,analysis/functions/summary.json,ARM prologue heuristic only
0x020f2188,sub_020f2188,function,candidate,analysis/functions/summary.json,ARM prologue heuristic only
0x020f21b0,sub_020f21b0,function,candidate,analysis/functions/summary.json,ARM prologue heuristic only
0x020f21dc,sub_020f21dc,function,candidate,analysis/functions/summary.json,ARM prologue heuristic only
0x020f21fc,sub_020f21fc,function,candidate,analysis/functions/summary.json,ARM prologue heuristic only
0x020f224c,sub_020f224c,function,candidate,analysis/functions/summary.json,ARM prologue heuristic only
0x020f2318,sub_020f2318,function,candidate,analysis/functions/summary.json,ARM prologue heuristic only
0x020f2344,sub_020f2344,function,candidate,analysis/functions/summary.json,ARM prologue heuristic only
0x020f2364,sub_020f2364,function,candidate,analysis/functions/summary.json,ARM prologue heuristic only
0x020f23c4,sub_020f23c4,function,candidate,analysis/functions/summary.json,ARM prologue heuristic only
0x020f24d4,sub_020f24d4,function,candidate,analysis/functions/summary.json,ARM prologue heuristic only
0x020f25dc,sub_020f25dc,function,candidate,analysis/functions/summary.json,ARM prologue heuristic only
0x020f2630,sub_020f2630,function,candidate,analysis/functions/summary.json,ARM prologue heuristic only
0x020f266c,sub_020f266c,function,candidate,analysis/functions/summary.json,ARM prologue heuristic only
0x020f26a0,sub_020f26a0,function,candidate,analysis/functions/summary.json,ARM prologue heuristic only
0x020f26b4,sub_020f26b4,function,candidate,analysis/functions/summary.json,ARM prologue heuristic only
0x020f27ac,sub_020f27ac,function,candidate,analysis/functions/summary.json,ARM prologue heuristic only
0x020f28e0,sub_020f28e0,function,candidate,analysis/functions/summary.json,ARM prologue heuristic only
0x020f291c,sub_020f291c,function,candidate,analysis/functions/summary.json,ARM prologue heuristic only
0x020f29a0,sub_020f29a0,function,candidate,analysis/functions/summary.json,ARM prologue heuristic only
0x020f2b44,sub_020f2b44,function,candidate,analysis/functions/summary.json,ARM prologue heuristic only
0x020f2bc0,sub_020f2bc0,function,candidate,analysis/functions/summary.json,ARM prologue heuristic only
0x020f2db4,sub_020f2db4,function,candidate,analysis/functions/summary.json,ARM prologue heuristic only
0x020f2e44,sub_020f2e44,function,candidate,analysis/functions/summary.json,ARM prologue heuristic only
0x020f2fb0,sub_020f2fb0,function,candidate,analysis/functions/summary.json,ARM prologue heuristic only
0x020f2fd4,sub_020f2fd4,function,candidate,analysis/functions/summary.json,ARM prologue heuristic only
0x020f30a4,sub_020f30a4,function,candidate,analysis/functions/summary.json,ARM prologue heuristic only
0x020f31c8,sub_020f31c8,function,candidate,analysis/functions/summary.json,ARM prologue heuristic only
0x020f32b4,sub_020f32b4,function,candidate,analysis/functions/summary.json,ARM prologue heuristic only
0x020f3308,sub_020f3308,function,candidate,analysis/functions/summary.json,ARM prologue heuristic only
0x020f3344,sub_020f3344,function,candidate,analysis/functions/summary.json,ARM prologue heuristic only
0x020f336c,sub_020f336c,function,candidate,analysis/functions/summary.json,ARM prologue heuristic only
0x020f3380,sub_020f3380,function,candidate,analysis/functions/summary.json,ARM prologue heuristic only
0x020f3508,sub_020f3508,function,candidate,analysis/functions/summary.json,ARM prologue heuristic only
0x020f355c,sub_020f355c,function,candidate,analysis/functions/summary.json,ARM prologue heuristic only
0x020f357c,sub_020f357c,function,candidate,analysis/functions/summary.json,ARM prologue heuristic only
0x020f35e0,sub_020f35e0,function,candidate,analysis/functions/summary.json,ARM prologue heuristic only
0x020f3710,sub_020f3710,function,candidate,analysis/functions/summary.json,ARM prologue heuristic only
0x020f3804,sub_020f3804,function,candidate,analysis/functions/summary.json,ARM prologue heuristic only
0x020f385c,sub_020f385c,function,candidate,analysis/functions/summary.json,ARM prologue heuristic only
0x020f38e8,sub_020f38e8,function,candidate,analysis/functions/summary.json,ARM prologue heuristic only
0x020f3990,sub_020f3990,function,candidate,analysis/functions/summary.json,ARM prologue heuristic only
0x020f3a28,sub_020f3a28,function,candidate,analysis/functions/summary.json,ARM prologue heuristic only
0x020f3a94,sub_020f3a94,function,candidate,analysis/functions/summary.json,ARM prologue heuristic only
0x020f3ac8,sub_020f3ac8,function,candidate,analysis/functions/summary.json,ARM prologue heuristic only
0x020f3ae8,sub_020f3ae8,function,candidate,analysis/functions/summary.json,ARM prologue heuristic only
0x020f3b10,sub_020f3b10,function,candidate,analysis/functions/summary.json,ARM prologue heuristic only
0x020f3b34,sub_020f3b34,function,candidate,analysis/functions/summary.json,ARM prologue heuristic only
0x020f3bc8,sub_020f3bc8,function,candidate,analysis/functions/summary.json,ARM prologue heuristic only
0x020f3c58,sub_020f3c58,function,candidate,analysis/functions/summary.json,ARM prologue heuristic only
0x020f3c88,sub_020f3c88,function,candidate,analysis/functions/summary.json,ARM prologue heuristic only
0x020f3cf4,sub_020f3cf4,function,candidate,analysis/functions/summary.json,ARM prologue heuristic only
0x020f3d28,sub_020f3d28,function,candidate,analysis/functions/summary.json,ARM prologue heuristic only
0x020f3d4c,sub_020f3d4c,function,candidate,analysis/functions/summary.json,ARM prologue heuristic only
0x020f3d60,sub_020f3d60,function,candidate,analysis/functions/summary.json,ARM prologue heuristic only
0x020f3db8,sub_020f3db8,function,candidate,analysis/functions/summary.json,ARM prologue heuristic only
0x020f3e5c,sub_020f3e5c,function,candidate,analysis/functions/summary.json,ARM prologue heuristic only
0x020f3ecc,sub_020f3ecc,function,candidate,analysis/functions/summary.json,ARM prologue heuristic only
0x020f3f24,sub_020f3f24,function,candidate,analysis/functions/summary.json,ARM prologue heuristic only
0x020f3f90,sub_020f3f90,function,candidate,analysis/functions/summary.json,ARM prologue heuristic only
0x020f406c,sub_020f406c,function,candidate,analysis/functions/summary.json,ARM prologue heuristic only
0x020f40b0,sub_020f40b0,function,candidate,analysis/functions/summary.json,ARM prologue heuristic only
0x020f40e4,sub_020f40e4,function,candidate,analysis/functions/summary.json,ARM prologue heuristic only
0x020f4120,sub_020f4120,function,candidate,analysis/functions/summary.json,ARM prologue heuristic only
0x020f4160,sub_020f4160,function,candidate,analysis/functions/summary.json,ARM prologue heuristic only
0x020f41e0,sub_020f41e0,function,candidate,analysis/functions/summary.json,ARM prologue heuristic only
0x020f4214,sub_020f4214,function,candidate,analysis/functions/summary.json,ARM prologue heuristic only
0x020f4238,sub_020f4238,function,candidate,analysis/functions/summary.json,ARM prologue heuristic only
0x020f424c,sub_020f424c,function,candidate,analysis/functions/summary.json,ARM prologue heuristic only
0x020f4288,sub_020f4288,function,candidate,analysis/functions/summary.json,ARM prologue heuristic only
0x020f42f8,sub_020f42f8,function,candidate,analysis/functions/summary.json,ARM prologue heuristic only
0x020f432c,sub_020f432c,function,candidate,analysis/functions/summary.json,ARM prologue heuristic only
0x020f437c,sub_020f437c,function,candidate,analysis/functions/summary.json,ARM prologue heuristic only
0x020f4424,sub_020f4424,function,candidate,analysis/functions/summary.json,ARM prologue heuristic only
0x020f4478,sub_020f4478,function,candidate,analysis/functions/summary.json,ARM prologue heuristic only
0x020f44b4,sub_020f44b4,function,candidate,analysis/functions/summary.json,ARM prologue heuristic only
0x020f44dc,sub_020f44dc,function,candidate,analysis/functions/summary.json,ARM prologue heuristic only
0x020f44f0,sub_020f44f0,function,candidate,analysis/functions/summary.json,ARM prologue heuristic only
0x020f452c,sub_020f452c,function,candidate,analysis/functions/summary.json,ARM prologue heuristic only
0x020f457c,sub_020f457c,function,candidate,analysis/functions/summary.json,ARM prologue heuristic only
0x020f459c,sub_020f459c,function,candidate,analysis/functions/summary.json,ARM prologue heuristic only
0x020f4600,sub_020f4600,function,candidate,analysis/functions/summary.json,ARM prologue heuristic only
0x020f476c,sub_020f476c,function,candidate,analysis/functions/summary.json,ARM prologue heuristic only
0x020f4814,sub_020f4814,function,candidate,analysis/functions/summary.json,ARM prologue heuristic only
0x020f4848,sub_020f4848,function,candidate,analysis/functions/summary.json,ARM prologue heuristic only
0x020f4874,sub_020f4874,function,candidate,analysis/functions/summary.json,ARM prologue heuristic only
0x020f489c,sub_020f489c,function,candidate,analysis/functions/summary.json,ARM prologue heuristic only
0x020f48b0,sub_020f48b0,function,candidate,analysis/functions/summary.json,ARM prologue heuristic only
0x020f48ec,sub_020f48ec,function,candidate,analysis/functions/summary.json,ARM prologue heuristic only
0x020f4938,sub_020f4938,function,candidate,analysis/functions/summary.json,ARM prologue heuristic only
0x020f4958,sub_020f4958,function,candidate,analysis/functions/summary.json,ARM prologue heuristic only
0x020f49c4,sub_020f49c4,function,candidate,analysis/functions/summary.json,ARM prologue heuristic only
0x020f4ab8,sub_020f4ab8,function,candidate,analysis/functions/summary.json,ARM prologue heuristic only
0x020f4ba4,sub_020f4ba4,function,candidate,analysis/functions/summary.json,ARM prologue heuristic only
0x020f4bd0,sub_020f4bd0,function,candidate,analysis/functions/summary.json,ARM prologue heuristic only
0x020f4bf0,sub_020f4bf0,function,candidate,analysis/functions/summary.json,ARM prologue heuristic only
0x020f4c4c,sub_020f4c4c,function,candidate,analysis/functions/summary.json,ARM prologue heuristic only
0x020f4cb4,sub_020f4cb4,function,candidate,analysis/functions/summary.json,ARM prologue heuristic only
0x020f4d14,sub_020f4d14,function,candidate,analysis/functions/summary.json,ARM prologue heuristic only
0x020f4d58,sub_020f4d58,function,candidate,analysis/functions/summary.json,ARM prologue heuristic only
0x020f4db0,sub_020f4db0,function,candidate,analysis/functions/summary.json,ARM prologue heuristic only
0x020f4e04,sub_020f4e04,function,candidate,analysis/functions/summary.json,ARM prologue heuristic only
0x020f4e40,sub_020f4e40,function,candidate,analysis/functions/summary.json,ARM prologue heuristic only
0x020f4e98,sub_020f4e98,function,candidate,analysis/functions/summary.json,ARM prologue heuristic only
0x020f4ec8,sub_020f4ec8,function,candidate,analysis/functions/summary.json,ARM prologue heuristic only
0x020f4fa0,sub_020f4fa0,function,candidate,analysis/functions/summary.json,ARM prologue heuristic only
0x020f5040,sub_020f5040,function,candidate,analysis/functions/summary.json,ARM prologue heuristic only
0x020f51c4,sub_020f51c4,function,candidate,analysis/functions/summary.json,ARM prologue heuristic only
0x020f5294,sub_020f5294,function,candidate,analysis/functions/summary.json,ARM prologue heuristic only
0x020f5338,sub_020f5338,function,candidate,analysis/functions/summary.json,ARM prologue heuristic only
0x020f53a0,sub_020f53a0,function,candidate,analysis/functions/summary.json,ARM prologue heuristic only
0x020f542c,sub_020f542c,function,candidate,analysis/functions/summary.json,ARM prologue heuristic only
0x020f5550,sub_020f5550,function,candidate,analysis/functions/summary.json,ARM prologue heuristic only
0x020f558c,sub_020f558c,function,candidate,analysis/functions/summary.json,ARM prologue heuristic only
0x020f55c0,sub_020f55c0,function,candidate,analysis/functions/summary.json,ARM prologue heuristic only
0x020f55f4,sub_020f55f4,function,candidate,analysis/functions/summary.json,ARM prologue heuristic only
0x020f56c0,sub_020f56c0,function,candidate,analysis/functions/summary.json,ARM prologue heuristic only
0x020f56f4,sub_020f56f4,function,candidate,analysis/functions/summary.json,ARM prologue heuristic only
0x020f5790,sub_020f5790,function,candidate,analysis/functions/summary.json,ARM prologue heuristic only
0x020f57ec,sub_020f57ec,function,candidate,analysis/functions/summary.json,ARM prologue heuristic only
0x020f5850,sub_020f5850,function,candidate,analysis/functions/summary.json,ARM prologue heuristic only
0x020f5a24,sub_020f5a24,function,candidate,analysis/functions/summary.json,ARM prologue heuristic only
0x020f5ab8,sub_020f5ab8,function,candidate,analysis/functions/summary.json,ARM prologue heuristic only
0x020f5ae8,sub_020f5ae8,function,candidate,analysis/functions/summary.json,ARM prologue heuristic only
0x020f5d3c,sub_020f5d3c,function,candidate,analysis/functions/summary.json,ARM prologue heuristic only
0x020f5d7c,sub_020f5d7c,function,candidate,analysis/functions/summary.json,ARM prologue heuristic only
0x020f5dbc,sub_020f5dbc,function,candidate,analysis/functions/summary.json,ARM prologue heuristic only
0x020f5e00,sub_020f5e00,function,candidate,analysis/functions/summary.json,ARM prologue heuristic only
0x020f5e44,sub_020f5e44,function,candidate,analysis/functions/summary.json,ARM prologue heuristic only
0x020f5ea0,sub_020f5ea0,function,candidate,analysis/functions/summary.json,ARM prologue heuristic only
0x020f5f80,sub_020f5f80,function,candidate,analysis/functions/summary.json,ARM prologue heuristic only
0x020f605c,sub_020f605c,function,candidate,analysis/functions/summary.json,ARM prologue heuristic only
0x020f6170,sub_020f6170,function,candidate,analysis/functions/summary.json,ARM prologue heuristic only
0x020f6290,sub_020f6290,function,candidate,analysis/functions/summary.json,ARM prologue heuristic only
0x020f62cc,sub_020f62cc,function,candidate,analysis/functions/summary.json,ARM prologue heuristic only
0x020f637c,sub_020f637c,function,candidate,analysis/functions/summary.json,ARM prologue heuristic only
0x020f64e4,sub_020f64e4,function,candidate,analysis/functions/summary.json,ARM prologue heuristic only
0x020f6588,sub_020f6588,function,candidate,analysis/functions/summary.json,ARM prologue heuristic only
0x020f6618,sub_020f6618,function,candidate,analysis/functions/summary.json,ARM prologue heuristic only
0x020f66d8,sub_020f66d8,function,candidate,analysis/functions/summary.json,ARM prologue heuristic only
0x020f67d4,sub_020f67d4,function,candidate,analysis/functions/summary.json,ARM prologue heuristic only
0x020f68b8,sub_020f68b8,function,candidate,analysis/functions/summary.json,ARM prologue heuristic only
0x020f699c,sub_020f699c,function,candidate,analysis/functions/summary.json,ARM prologue heuristic only
0x020f6a80,sub_020f6a80,function,candidate,analysis/functions/summary.json,ARM prologue heuristic only
0x020f6b64,sub_020f6b64,function,candidate,analysis/functions/summary.json,ARM prologue heuristic only
0x020f6c04,sub_020f6c04,function,candidate,analysis/functions/summary.json,ARM prologue heuristic only
0x020f6c2c,sub_020f6c2c,function,candidate,analysis/functions/summary.json,ARM prologue heuristic only
0x020f6c6c,sub_020f6c6c,function,candidate,analysis/functions/summary.json,ARM prologue heuristic only
0x020f6d54,sub_020f6d54,function,candidate,analysis/functions/summary.json,ARM prologue heuristic only
0x020f6de8,sub_020f6de8,function,candidate,analysis/functions/summary.json,ARM prologue heuristic only
0x020f6ec4,sub_020f6ec4,function,candidate,analysis/functions/summary.json,ARM prologue heuristic only
0x020f6fa0,sub_020f6fa0,function,candidate,analysis/functions/summary.json,ARM prologue heuristic only
0x020f707c,sub_020f707c,function,candidate,analysis/functions/summary.json,ARM prologue heuristic only
0x020f7180,sub_020f7180,function,candidate,analysis/functions/summary.json,ARM prologue heuristic only
0x020f71c8,sub_020f71c8,function,candidate,analysis/functions/summary.json,ARM prologue heuristic only
0x020f7214,sub_020f7214,function,candidate,analysis/functions/summary.json,ARM prologue heuristic only
0x020f7398,sub_020f7398,function,candidate,analysis/functions/summary.json,ARM prologue heuristic only
0x020f73cc,sub_020f73cc,function,candidate,analysis/functions/summary.json,ARM prologue heuristic only
0x020f74c8,sub_020f74c8,function,candidate,analysis/functions/summary.json,ARM prologue heuristic only
0x020f7558,sub_020f7558,function,candidate,analysis/functions/summary.json,ARM prologue heuristic only
0x020f76b0,sub_020f76b0,function,candidate,analysis/functions/summary.json,ARM prologue heuristic only
0x020f77bc,sub_020f77bc,function,candidate,analysis/functions/summary.json,ARM prologue heuristic only
0x020f78f8,sub_020f78f8,function,candidate,analysis/functions/summary.json,ARM prologue heuristic only
0x020f7c24,sub_020f7c24,function,candidate,analysis/functions/summary.json,ARM prologue heuristic only
0x020f7c98,sub_020f7c98,function,candidate,analysis/functions/summary.json,ARM prologue heuristic only
0x020f7cf8,sub_020f7cf8,function,candidate,analysis/functions/summary.json,ARM prologue heuristic only
0x020f7dcc,sub_020f7dcc,function,candidate,analysis/functions/summary.json,ARM prologue heuristic only
0x020f7f28,sub_020f7f28,function,candidate,analysis/functions/summary.json,ARM prologue heuristic only
0x020f7f94,sub_020f7f94,function,candidate,analysis/functions/summary.json,ARM prologue heuristic only
0x020f813c,sub_020f813c,function,candidate,analysis/functions/summary.json,ARM prologue heuristic only
0x020f81c8,sub_020f81c8,function,candidate,analysis/functions/summary.json,ARM prologue heuristic only
0x020f8288,sub_020f8288,function,candidate,analysis/functions/summary.json,ARM prologue heuristic only
0x020f82c4,sub_020f82c4,function,candidate,analysis/functions/summary.json,ARM prologue heuristic only
0x020f8354,sub_020f8354,function,candidate,analysis/functions/summary.json,ARM prologue heuristic only
0x020f83b0,sub_020f83b0,function,candidate,analysis/functions/summary.json,ARM prologue heuristic only
0x020f8460,sub_020f8460,function,candidate,analysis/functions/summary.json,ARM prologue heuristic only
0x020f84a0,sub_020f84a0,function,candidate,analysis/functions/summary.json,ARM prologue heuristic only
0x020f85c0,sub_020f85c0,function,candidate,analysis/functions/summary.json,ARM prologue heuristic only
0x020f8608,sub_020f8608,function,candidate,analysis/functions/summary.json,ARM prologue heuristic only
0x020f86dc,sub_020f86dc,function,candidate,analysis/functions/summary.json,ARM prologue heuristic only
0x020f877c,sub_020f877c,function,candidate,analysis/functions/summary.json,ARM prologue heuristic only
0x020f8854,sub_020f8854,function,candidate,analysis/functions/summary.json,ARM prologue heuristic only
0x020f892c,sub_020f892c,function,candidate,analysis/functions/summary.json,ARM prologue heuristic only
0x020f8a0c,sub_020f8a0c,function,candidate,analysis/functions/summary.json,ARM prologue heuristic only
0x020f8a74,sub_020f8a74,function,candidate,analysis/functions/summary.json,ARM prologue heuristic only
0x020f8b6c,sub_020f8b6c,function,candidate,analysis/functions/summary.json,ARM prologue heuristic only
0x020f8b80,sub_020f8b80,function,candidate,analysis/functions/summary.json,ARM prologue heuristic only
0x020f8bb0,sub_020f8bb0,function,candidate,analysis/functions/summary.json,ARM prologue heuristic only
0x020f8f54,sub_020f8f54,function,candidate,analysis/functions/summary.json,ARM prologue heuristic only
0x020f9050,sub_020f9050,function,candidate,analysis/functions/summary.json,ARM prologue heuristic only
0x020f9134,sub_020f9134,function,candidate,analysis/functions/summary.json,ARM prologue heuristic only
0x020f91d0,sub_020f91d0,function,candidate,analysis/functions/summary.json,ARM prologue heuristic only
0x020f9214,sub_020f9214,function,candidate,analysis/functions/summary.json,ARM prologue heuristic only
0x020f9280,sub_020f9280,function,candidate,analysis/functions/summary.json,ARM prologue heuristic only
0x020f92e4,sub_020f92e4,function,candidate,analysis/functions/summary.json,ARM prologue heuristic only
0x020f931c,sub_020f931c,function,candidate,analysis/functions/summary.json,ARM prologue heuristic only
0x020f9380,sub_020f9380,function,candidate,analysis/functions/summary.json,ARM prologue heuristic only
0x020f94f0,sub_020f94f0,function,candidate,analysis/functions/summary.json,ARM prologue heuristic only
0x020f9588,sub_020f9588,function,candidate,analysis/functions/summary.json,ARM prologue heuristic only
0x020f96b4,sub_020f96b4,function,candidate,analysis/functions/summary.json,ARM prologue heuristic only
0x020f96f0,sub_020f96f0,function,candidate,analysis/functions/summary.json,ARM prologue heuristic only
0x020f9720,sub_020f9720,function,candidate,analysis/functions/summary.json,ARM prologue heuristic only
0x020f9750,sub_020f9750,function,candidate,analysis/functions/summary.json,ARM prologue heuristic only
0x020f97a4,sub_020f97a4,function,candidate,analysis/functions/summary.json,ARM prologue heuristic only
0x020f97cc,sub_020f97cc,function,candidate,analysis/functions/summary.json,ARM prologue heuristic only
0x020f97f0,sub_020f97f0,function,candidate,analysis/functions/summary.json,ARM prologue heuristic only
0x020f9840,sub_020f9840,function,candidate,analysis/functions/summary.json,ARM prologue heuristic only
0x020f9870,sub_020f9870,function,candidate,analysis/functions/summary.json,ARM prologue heuristic only
0x020f98a4,sub_020f98a4,function,candidate,analysis/functions/summary.json,ARM prologue heuristic only
0x020f98dc,sub_020f98dc,function,candidate,analysis/functions/summary.json,ARM prologue heuristic only
0x020f9900,sub_020f9900,function,candidate,analysis/functions/summary.json,ARM prologue heuristic only
0x020f9930,sub_020f9930,function,candidate,analysis/functions/summary.json,ARM prologue heuristic only
0x020f9964,sub_020f9964,function,candidate,analysis/functions/summary.json,ARM prologue heuristic only
0x020f99c8,sub_020f99c8,function,candidate,analysis/functions/summary.json,ARM prologue heuristic only
0x020f9aa0,sub_020f9aa0,function,candidate,analysis/functions/summary.json,ARM prologue heuristic only
0x020f9b3c,sub_020f9b3c,function,candidate,analysis/functions/summary.json,ARM prologue heuristic only
0x020f9c14,sub_020f9c14,function,candidate,analysis/functions/summary.json,ARM prologue heuristic only
0x020f9c34,sub_020f9c34,function,candidate,analysis/functions/summary.json,ARM prologue heuristic only
0x020f9cac,sub_020f9cac,function,candidate,analysis/functions/summary.json,ARM prologue heuristic only
0x020f9d94,sub_020f9d94,function,candidate,analysis/functions/summary.json,ARM prologue heuristic only
0x020f9e0c,sub_020f9e0c,function,candidate,analysis/functions/summary.json,ARM prologue heuristic only
0x020f9e2c,sub_020f9e2c,function,candidate,analysis/functions/summary.json,ARM prologue heuristic only
0x020f9e78,sub_020f9e78,function,candidate,analysis/functions/summary.json,ARM prologue heuristic only
0x020f9ec8,sub_020f9ec8,function,candidate,analysis/functions/summary.json,ARM prologue heuristic only
0x020fa07c,sub_020fa07c,function,candidate,analysis/functions/summary.json,ARM prologue heuristic only
0x020fa124,sub_020fa124,function,candidate,analysis/functions/summary.json,ARM prologue heuristic only
0x020fa140,sub_020fa140,function,candidate,analysis/functions/summary.json,ARM prologue heuristic only
0x020fa248,sub_020fa248,function,candidate,analysis/functions/summary.json,ARM prologue heuristic only
0x020fa298,sub_020fa298,function,candidate,analysis/functions/summary.json,ARM prologue heuristic only
0x020fa388,sub_020fa388,function,candidate,analysis/functions/summary.json,ARM prologue heuristic only
0x020fa464,sub_020fa464,function,candidate,analysis/functions/summary.json,ARM prologue heuristic only
0x020fa4e4,sub_020fa4e4,function,candidate,analysis/functions/summary.json,ARM prologue heuristic only
0x020fa52c,sub_020fa52c,function,candidate,analysis/functions/summary.json,ARM prologue heuristic only
0x020fa560,sub_020fa560,function,candidate,analysis/functions/summary.json,ARM prologue heuristic only
0x020fa938,sub_020fa938,function,candidate,analysis/functions/summary.json,ARM prologue heuristic only
0x020faa04,sub_020faa04,function,candidate,analysis/functions/summary.json,ARM prologue heuristic only
0x020fabbc,sub_020fabbc,function,candidate,analysis/functions/summary.json,ARM prologue heuristic only
0x020fabe8,sub_020fabe8,function,candidate,analysis/functions/summary.json,ARM prologue heuristic only
0x020faddc,sub_020faddc,function,candidate,analysis/functions/summary.json,ARM prologue heuristic only
0x020fae0c,sub_020fae0c,function,candidate,analysis/functions/summary.json,ARM prologue heuristic only
0x020fae48,sub_020fae48,function,candidate,analysis/functions/summary.json,ARM prologue heuristic only
0x020fae8c,sub_020fae8c,function,candidate,analysis/functions/summary.json,ARM prologue heuristic only
0x020faff4,sub_020faff4,function,candidate,analysis/functions/summary.json,ARM prologue heuristic only
0x020fb0f0,sub_020fb0f0,function,candidate,analysis/functions/summary.json,ARM prologue heuristic only
0x020fb2a0,sub_020fb2a0,function,candidate,analysis/functions/summary.json,ARM prologue heuristic only
0x020fb32c,sub_020fb32c,function,candidate,analysis/functions/summary.json,ARM prologue heuristic only
0x020fb3e8,sub_020fb3e8,function,candidate,analysis/functions/summary.json,ARM prologue heuristic only
0x020fb4e0,sub_020fb4e0,function,candidate,analysis/functions/summary.json,ARM prologue heuristic only
0x020fb510,sub_020fb510,function,candidate,analysis/functions/summary.json,ARM prologue heuristic only
0x020fb568,sub_020fb568,function,candidate,analysis/functions/summary.json,ARM prologue heuristic only
0x020fb63c,sub_020fb63c,function,candidate,analysis/functions/summary.json,ARM prologue heuristic only
0x020fb690,sub_020fb690,function,candidate,analysis/functions/summary.json,ARM prologue heuristic only
0x020fb7ec,sub_020fb7ec,function,candidate,analysis/functions/summary.json,ARM prologue heuristic only
0x020fb880,sub_020fb880,function,candidate,analysis/functions/summary.json,ARM prologue heuristic only
0x020fb924,sub_020fb924,function,candidate,analysis/functions/summary.json,ARM prologue heuristic only
0x020fb9a4,sub_020fb9a4,function,candidate,analysis/functions/summary.json,ARM prologue heuristic only
0x020fba94,sub_020fba94,function,candidate,analysis/functions/summary.json,ARM prologue heuristic only
0x020fbaf4,sub_020fbaf4,function,candidate,analysis/functions/summary.json,ARM prologue heuristic only
0x020fbb24,sub_020fbb24,function,candidate,analysis/functions/summary.json,ARM prologue heuristic only
0x020fbb54,sub_020fbb54,function,candidate,analysis/functions/summary.json,ARM prologue heuristic only
0x020fbb7c,sub_020fbb7c,function,candidate,analysis/functions/summary.json,ARM prologue heuristic only
0x020fbc10,sub_020fbc10,function,candidate,analysis/functions/summary.json,ARM prologue heuristic only
0x020fbc3c,sub_020fbc3c,function,candidate,analysis/functions/summary.json,ARM prologue heuristic only
0x020fbc84,sub_020fbc84,function,candidate,analysis/functions/summary.json,ARM prologue heuristic only
0x020fbcb8,sub_020fbcb8,function,candidate,analysis/functions/summary.json,ARM prologue heuristic only
0x020fbcfc,sub_020fbcfc,function,candidate,analysis/functions/summary.json,ARM prologue heuristic only
0x020fbd14,sub_020fbd14,function,candidate,analysis/functions/summary.json,ARM prologue heuristic only
0x020fbd6c,sub_020fbd6c,function,candidate,analysis/functions/summary.json,ARM prologue heuristic only
0x020fbdc4,sub_020fbdc4,function,candidate,analysis/functions/summary.json,ARM prologue heuristic only
0x020fbe44,sub_020fbe44,function,candidate,analysis/functions/summary.json,ARM prologue heuristic only
0x020fbf1c,sub_020fbf1c,function,candidate,analysis/functions/summary.json,ARM prologue heuristic only
0x020fc044,sub_020fc044,function,candidate,analysis/functions/summary.json,ARM prologue heuristic only
0x020fc09c,sub_020fc09c,function,candidate,analysis/functions/summary.json,ARM prologue heuristic only
0x020fc0d4,sub_020fc0d4,function,candidate,analysis/functions/summary.json,ARM prologue heuristic only
0x020fc1d8,sub_020fc1d8,function,candidate,analysis/functions/summary.json,ARM prologue heuristic only
0x020fc224,sub_020fc224,function,candidate,analysis/functions/summary.json,ARM prologue heuristic only
0x020fc300,sub_020fc300,function,candidate,analysis/functions/summary.json,ARM prologue heuristic only
0x020fc32c,sub_020fc32c,function,candidate,analysis/functions/summary.json,ARM prologue heuristic only
0x020fc4a4,sub_020fc4a4,function,candidate,analysis/functions/summary.json,ARM prologue heuristic only
0x020fc52c,sub_020fc52c,function,candidate,analysis/functions/summary.json,ARM prologue heuristic only
0x020fc5b4,sub_020fc5b4,function,candidate,analysis/functions/summary.json,ARM prologue heuristic only
0x020fc664,sub_020fc664,function,candidate,analysis/functions/summary.json,ARM prologue heuristic only
0x020fc6a0,sub_020fc6a0,function,candidate,analysis/functions/summary.json,ARM prologue heuristic only
0x020fc74c,sub_020fc74c,function,candidate,analysis/functions/summary.json,ARM prologue heuristic only
0x020fc80c,sub_020fc80c,function,candidate,analysis/functions/summary.json,ARM prologue heuristic only
0x020fc820,sub_020fc820,function,candidate,analysis/functions/summary.json,ARM prologue heuristic only
0x020fcc68,sub_020fcc68,function,candidate,analysis/functions/summary.json,ARM prologue heuristic only
0x020fcca8,sub_020fcca8,function,candidate,analysis/functions/summary.json,ARM prologue heuristic only
0x020fcccc,sub_020fcccc,function,candidate,analysis/functions/summary.json,ARM prologue heuristic only
0x020fcd18,sub_020fcd18,function,candidate,analysis/functions/summary.json,ARM prologue heuristic only
0x020fcd3c,sub_020fcd3c,function,candidate,analysis/functions/summary.json,ARM prologue heuristic only
0x020fcd80,sub_020fcd80,function,candidate,analysis/functions/summary.json,ARM prologue heuristic only
0x020fcdbc,sub_020fcdbc,function,candidate,analysis/functions/summary.json,ARM prologue heuristic only
0x020fce38,sub_020fce38,function,candidate,analysis/functions/summary.json,ARM prologue heuristic only
0x020fce70,sub_020fce70,function,candidate,analysis/functions/summary.json,ARM prologue heuristic only
0x020fce80,sub_020fce80,function,candidate,analysis/functions/summary.json,ARM prologue heuristic only
0x020fcf84,sub_020fcf84,function,candidate,analysis/functions/summary.json,ARM prologue heuristic only
0x020fd33c,sub_020fd33c,function,candidate,analysis/functions/summary.json,ARM prologue heuristic only
0x020fd3d0,sub_020fd3d0,function,candidate,analysis/functions/summary.json,ARM prologue heuristic only
0x020fd44c,sub_020fd44c,function,candidate,analysis/functions/summary.json,ARM prologue heuristic only
0x020fd4c0,sub_020fd4c0,function,candidate,analysis/functions/summary.json,ARM prologue heuristic only
0x020fd4fc,sub_020fd4fc,function,candidate,analysis/functions/summary.json,ARM prologue heuristic only
0x020fd524,sub_020fd524,function,candidate,analysis/functions/summary.json,ARM prologue heuristic only
0x020fd554,sub_020fd554,function,candidate,analysis/functions/summary.json,ARM prologue heuristic only
0x020fd56c,sub_020fd56c,function,candidate,analysis/functions/summary.json,ARM prologue heuristic only
0x020fd5a4,sub_020fd5a4,function,candidate,analysis/functions/summary.json,ARM prologue heuristic only
0x020fd5f4,sub_020fd5f4,function,candidate,analysis/functions/summary.json,ARM prologue heuristic only
0x020fd690,sub_020fd690,function,candidate,analysis/functions/summary.json,ARM prologue heuristic only
0x020fd6d8,sub_020fd6d8,function,candidate,analysis/functions/summary.json,ARM prologue heuristic only
0x020fd788,sub_020fd788,function,candidate,analysis/functions/summary.json,ARM prologue heuristic only
0x020fd848,sub_020fd848,function,candidate,analysis/functions/summary.json,ARM prologue heuristic only
0x020fd9c0,sub_020fd9c0,function,candidate,analysis/functions/summary.json,ARM prologue heuristic only
0x020fda2c,sub_020fda2c,function,candidate,analysis/functions/summary.json,ARM prologue heuristic only
0x020fdae0,sub_020fdae0,function,candidate,analysis/functions/summary.json,ARM prologue heuristic only
0x020fdbd8,sub_020fdbd8,function,candidate,analysis/functions/summary.json,ARM prologue heuristic only
0x020fdc5c,sub_020fdc5c,function,candidate,analysis/functions/summary.json,ARM prologue heuristic only
0x020fdc98,sub_020fdc98,function,candidate,analysis/functions/summary.json,ARM prologue heuristic only
0x020fddac,sub_020fddac,function,candidate,analysis/functions/summary.json,ARM prologue heuristic only
0x020fddf4,sub_020fddf4,function,candidate,analysis/functions/summary.json,ARM prologue heuristic only
0x020fdea4,sub_020fdea4,function,candidate,analysis/functions/summary.json,ARM prologue heuristic only
0x020fdeb8,sub_020fdeb8,function,candidate,analysis/functions/summary.json,ARM prologue heuristic only
0x020fdf78,sub_020fdf78,function,candidate,analysis/functions/summary.json,ARM prologue heuristic only
0x020fdfd4,sub_020fdfd4,function,candidate,analysis/functions/summary.json,ARM prologue heuristic only
0x020fe0a8,sub_020fe0a8,function,candidate,analysis/functions/summary.json,ARM prologue heuristic only
0x020fe0fc,sub_020fe0fc,function,candidate,analysis/functions/summary.json,ARM prologue heuristic only
0x020fe10c,sub_020fe10c,function,candidate,analysis/functions/summary.json,ARM prologue heuristic only
0x020fe168,sub_020fe168,function,candidate,analysis/functions/summary.json,ARM prologue heuristic only
0x020fe18c,sub_020fe18c,function,candidate,analysis/functions/summary.json,ARM prologue heuristic only
0x020fe1b8,sub_020fe1b8,function,candidate,analysis/functions/summary.json,ARM prologue heuristic only
0x020fe218,sub_020fe218,function,candidate,analysis/functions/summary.json,ARM prologue heuristic only
0x020fe288,sub_020fe288,function,candidate,analysis/functions/summary.json,ARM prologue heuristic only
0x020fe2a8,sub_020fe2a8,function,candidate,analysis/functions/summary.json,ARM prologue heuristic only
0x020fe2c8,sub_020fe2c8,function,candidate,analysis/functions/summary.json,ARM prologue heuristic only
0x020fe350,sub_020fe350,function,candidate,analysis/functions/summary.json,ARM prologue heuristic only
0x020fe3c0,sub_020fe3c0,function,candidate,analysis/functions/summary.json,ARM prologue heuristic only
0x020fe450,sub_020fe450,function,candidate,analysis/functions/summary.json,ARM prologue heuristic only
0x020fe4cc,sub_020fe4cc,function,candidate,analysis/functions/summary.json,ARM prologue heuristic only
0x020fe590,sub_020fe590,function,candidate,analysis/functions/summary.json,ARM prologue heuristic only
0x020fe5fc,sub_020fe5fc,function,candidate,analysis/functions/summary.json,ARM prologue heuristic only
0x020fe624,sub_020fe624,function,candidate,analysis/functions/summary.json,ARM prologue heuristic only
0x020fe654,sub_020fe654,function,candidate,analysis/functions/summary.json,ARM prologue heuristic only
0x020fe698,sub_020fe698,function,candidate,analysis/functions/summary.json,ARM prologue heuristic only
0x020fe6c8,sub_020fe6c8,function,candidate,analysis/functions/summary.json,ARM prologue heuristic only
0x020fe730,sub_020fe730,function,candidate,analysis/functions/summary.json,ARM prologue heuristic only
0x020fe7b8,sub_020fe7b8,function,candidate,analysis/functions/summary.json,ARM prologue heuristic only
0x020fe7fc,sub_020fe7fc,function,candidate,analysis/functions/summary.json,ARM prologue heuristic only
0x020fe824,sub_020fe824,function,candidate,analysis/functions/summary.json,ARM prologue heuristic only
0x020fe8a8,sub_020fe8a8,function,candidate,analysis/functions/summary.json,ARM prologue heuristic only
0x020fe8d8,sub_020fe8d8,function,candidate,analysis/functions/summary.json,ARM prologue heuristic only
0x020fe914,sub_020fe914,function,candidate,analysis/functions/summary.json,ARM prologue heuristic only
0x020fe968,sub_020fe968,function,candidate,analysis/functions/summary.json,ARM prologue heuristic only
0x020fe9b4,sub_020fe9b4,function,candidate,analysis/functions/summary.json,ARM prologue heuristic only
0x020fea98,sub_020fea98,function,candidate,analysis/functions/summary.json,ARM prologue heuristic only
0x020feb20,sub_020feb20,function,candidate,analysis/functions/summary.json,ARM prologue heuristic only
0x020feb40,sub_020feb40,function,candidate,analysis/functions/summary.json,ARM prologue heuristic only
0x020febb4,sub_020febb4,function,candidate,analysis/functions/summary.json,ARM prologue heuristic only
0x020fec04,sub_020fec04,function,candidate,analysis/functions/summary.json,ARM prologue heuristic only
0x020fecfc,sub_020fecfc,function,candidate,analysis/functions/summary.json,ARM prologue heuristic only
0x020fedb4,sub_020fedb4,function,candidate,analysis/functions/summary.json,ARM prologue heuristic only
0x020feef0,sub_020feef0,function,candidate,analysis/functions/summary.json,ARM prologue heuristic only
0x020fef14,sub_020fef14,function,candidate,analysis/functions/summary.json,ARM prologue heuristic only
0x020fef6c,sub_020fef6c,function,candidate,analysis/functions/summary.json,ARM prologue heuristic only
0x020fef90,sub_020fef90,function,candidate,analysis/functions/summary.json,ARM prologue heuristic only
0x020ff054,sub_020ff054,function,candidate,analysis/functions/summary.json,ARM prologue heuristic only
0x020ff0c8,sub_020ff0c8,function,candidate,analysis/functions/summary.json,ARM prologue heuristic only
0x020ff130,sub_020ff130,function,candidate,analysis/functions/summary.json,ARM prologue heuristic only
0x020ff17c,sub_020ff17c,function,candidate,analysis/functions/summary.json,ARM prologue heuristic only
0x020ff234,sub_020ff234,function,candidate,analysis/functions/summary.json,ARM prologue heuristic only
0x020ff2b4,sub_020ff2b4,function,candidate,analysis/functions/summary.json,ARM prologue heuristic only
0x020ff344,sub_020ff344,function,candidate,analysis/functions/summary.json,ARM prologue heuristic only
0x020ff39c,sub_020ff39c,function,candidate,analysis/functions/summary.json,ARM prologue heuristic only
0x020ff41c,sub_020ff41c,function,candidate,analysis/functions/summary.json,ARM prologue heuristic only
0x020ff4d4,sub_020ff4d4,function,candidate,analysis/functions/summary.json,ARM prologue heuristic only
0x020ff534,sub_020ff534,function,candidate,analysis/functions/summary.json,ARM prologue heuristic only
0x020ff5ac,sub_020ff5ac,function,candidate,analysis/functions/summary.json,ARM prologue heuristic only
0x020ff5d8,sub_020ff5d8,function,candidate,analysis/functions/summary.json,ARM prologue heuristic only
0x020ff630,sub_020ff630,function,candidate,analysis/functions/summary.json,ARM prologue heuristic only
0x020ff694,sub_020ff694,function,candidate,analysis/functions/summary.json,ARM prologue heuristic only
0x020ff6bc,sub_020ff6bc,function,candidate,analysis/functions/summary.json,ARM prologue heuristic only
0x020ff7fc,sub_020ff7fc,function,candidate,analysis/functions/summary.json,ARM prologue heuristic only
0x020ff870,sub_020ff870,function,candidate,analysis/functions/summary.json,ARM prologue heuristic only
0x020ff8e4,sub_020ff8e4,function,candidate,analysis/functions/summary.json,ARM prologue heuristic only
0x020ff98c,sub_020ff98c,function,candidate,analysis/functions/summary.json,ARM prologue heuristic only
0x020ffa30,sub_020ffa30,function,candidate,analysis/functions/summary.json,ARM prologue heuristic only
0x020ffad0,sub_020ffad0,function,candidate,analysis/functions/summary.json,ARM prologue heuristic only
0x020ffb3c,sub_020ffb3c,function,candidate,analysis/functions/summary.json,ARM prologue heuristic only
0x020ffbb4,sub_020ffbb4,function,candidate,analysis/functions/summary.json,ARM prologue heuristic only
0x020ffbf4,sub_020ffbf4,function,candidate,analysis/functions/summary.json,ARM prologue heuristic only
0x020ffc40,sub_020ffc40,function,candidate,analysis/functions/summary.json,ARM prologue heuristic only
0x020ffcac,sub_020ffcac,function,candidate,analysis/functions/summary.json,ARM prologue heuristic only
0x020ffd24,sub_020ffd24,function,candidate,analysis/functions/summary.json,ARM prologue heuristic only
0x020ffd68,sub_020ffd68,function,candidate,analysis/functions/summary.json,ARM prologue heuristic only
0x020ffdac,sub_020ffdac,function,candidate,analysis/functions/summary.json,ARM prologue heuristic only
0x020ffe74,sub_020ffe74,function,candidate,analysis/functions/summary.json,ARM prologue heuristic only
0x020fff6c,sub_020fff6c,function,candidate,analysis/functions/summary.json,ARM prologue heuristic only
0x020fff94,sub_020fff94,function,candidate,analysis/functions/summary.json,ARM prologue heuristic only
0x020fffbc,sub_020fffbc,function,candidate,analysis/functions/summary.json,ARM prologue heuristic only
0x021000dc,sub_021000dc,function,candidate,analysis/functions/summary.json,ARM prologue heuristic only
0x021000f0,sub_021000f0,function,candidate,analysis/functions/summary.json,ARM prologue heuristic only
0x02100104,sub_02100104,function,candidate,analysis/functions/summary.json,ARM prologue heuristic only
0x02100118,sub_02100118,function,candidate,analysis/functions/summary.json,ARM prologue heuristic only
0x02100178,sub_02100178,function,candidate,analysis/functions/summary.json,ARM prologue heuristic only
0x021001c4,sub_021001c4,function,candidate,analysis/functions/summary.json,ARM prologue heuristic only
0x021001d8,sub_021001d8,function,candidate,analysis/functions/summary.json,ARM prologue heuristic only
0x02100204,sub_02100204,function,candidate,analysis/functions/summary.json,ARM prologue heuristic only
0x02100218,sub_02100218,function,candidate,analysis/functions/summary.json,ARM prologue heuristic only
0x02100248,sub_02100248,function,candidate,analysis/functions/summary.json,ARM prologue heuristic only
0x0210025c,sub_0210025c,function,candidate,analysis/functions/summary.json,ARM prologue heuristic only
0x021002b4,sub_021002b4,function,candidate,analysis/functions/summary.json,ARM prologue heuristic only
0x021002f0,sub_021002f0,function,candidate,analysis/functions/summary.json,ARM prologue heuristic only
0x0210031c,sub_0210031c,function,candidate,analysis/functions/summary.json,ARM prologue heuristic only
0x02100348,sub_02100348,function,candidate,analysis/functions/summary.json,ARM prologue heuristic only
0x021003f8,sub_021003f8,function,candidate,analysis/functions/summary.json,ARM prologue heuristic only
0x02100434,sub_02100434,function,candidate,analysis/functions/summary.json,ARM prologue heuristic only
0x02100458,sub_02100458,function,candidate,analysis/functions/summary.json,ARM prologue heuristic only
0x021004f0,sub_021004f0,function,candidate,analysis/functions/summary.json,ARM prologue heuristic only
0x02100628,sub_02100628,function,candidate,analysis/functions/summary.json,ARM prologue heuristic only
0x02100658,sub_02100658,function,candidate,analysis/functions/summary.json,ARM prologue heuristic only
0x02100674,sub_02100674,function,candidate,analysis/functions/summary.json,ARM prologue heuristic only
0x021006a8,sub_021006a8,function,candidate,analysis/functions/summary.json,ARM prologue heuristic only
0x021006f8,sub_021006f8,function,candidate,analysis/functions/summary.json,ARM prologue heuristic only
0x021007fc,sub_021007fc,function,candidate,analysis/functions/summary.json,ARM prologue heuristic only
0x02100830,sub_02100830,function,candidate,analysis/functions/summary.json,ARM prologue heuristic only
0x021008f8,sub_021008f8,function,candidate,analysis/functions/summary.json,ARM prologue heuristic only
0x021009d4,sub_021009d4,function,candidate,analysis/functions/summary.json,ARM prologue heuristic only
0x02100a24,sub_02100a24,function,candidate,analysis/functions/summary.json,ARM prologue heuristic only
0x02100b98,sub_02100b98,function,candidate,analysis/functions/summary.json,ARM prologue heuristic only
0x02100be8,sub_02100be8,function,candidate,analysis/functions/summary.json,ARM prologue heuristic only
0x02100cd8,sub_02100cd8,function,candidate,analysis/functions/summary.json,ARM prologue heuristic only
0x02100e18,sub_02100e18,function,candidate,analysis/functions/summary.json,ARM prologue heuristic only
0x02100e88,sub_02100e88,function,candidate,analysis/functions/summary.json,ARM prologue heuristic only
0x02100ed4,sub_02100ed4,function,candidate,analysis/functions/summary.json,ARM prologue heuristic only
0x02100f2c,sub_02100f2c,function,candidate,analysis/functions/summary.json,ARM prologue heuristic only
0x02101158,sub_02101158,function,candidate,analysis/functions/summary.json,ARM prologue heuristic only
0x021011cc,sub_021011cc,function,candidate,analysis/functions/summary.json,ARM prologue heuristic only
0x02101314,sub_02101314,function,candidate,analysis/functions/summary.json,ARM prologue heuristic only
0x02101370,sub_02101370,function,candidate,analysis/functions/summary.json,ARM prologue heuristic only
0x02101498,sub_02101498,function,candidate,analysis/functions/summary.json,ARM prologue heuristic only
0x021017b0,sub_021017b0,function,candidate,analysis/functions/summary.json,ARM prologue heuristic only
0x02101964,sub_02101964,function,candidate,analysis/functions/summary.json,ARM prologue heuristic only
0x02101a0c,sub_02101a0c,function,candidate,analysis/functions/summary.json,ARM prologue heuristic only
0x021023c0,sub_021023c0,function,candidate,analysis/functions/summary.json,ARM prologue heuristic only
0x0210249c,sub_0210249c,function,candidate,analysis/functions/summary.json,ARM prologue heuristic only
0x02102584,sub_02102584,function,candidate,analysis/functions/summary.json,ARM prologue heuristic only
0x02102674,sub_02102674,function,candidate,analysis/functions/summary.json,ARM prologue heuristic only
0x02102820,sub_02102820,function,candidate,analysis/functions/summary.json,ARM prologue heuristic only
0x021028b8,sub_021028b8,function,candidate,analysis/functions/summary.json,ARM prologue heuristic only
0x021029c4,sub_021029c4,function,candidate,analysis/functions/summary.json,ARM prologue heuristic only
0x021029f4,sub_021029f4,function,candidate,analysis/functions/summary.json,ARM prologue heuristic only
0x02102a2c,sub_02102a2c,function,candidate,analysis/functions/summary.json,ARM prologue heuristic only
0x02102b20,sub_02102b20,function,candidate,analysis/functions/summary.json,ARM prologue heuristic only
0x02102bfc,sub_02102bfc,function,candidate,analysis/functions/summary.json,ARM prologue heuristic only
0x02102cfc,sub_02102cfc,function,candidate,analysis/functions/summary.json,ARM prologue heuristic only
0x02102d2c,sub_02102d2c,function,candidate,analysis/functions/summary.json,ARM prologue heuristic only
0x02102f54,sub_02102f54,function,candidate,analysis/functions/summary.json,ARM prologue heuristic only
0x021030d4,sub_021030d4,function,candidate,analysis/functions/summary.json,ARM prologue heuristic only
0x02103210,sub_02103210,function,candidate,analysis/functions/summary.json,ARM prologue heuristic only
0x02103268,sub_02103268,function,candidate,analysis/functions/summary.json,ARM prologue heuristic only
0x02103360,sub_02103360,function,candidate,analysis/functions/summary.json,ARM prologue heuristic only
0x02103400,sub_02103400,function,candidate,analysis/functions/summary.json,ARM prologue heuristic only
0x021035f8,sub_021035f8,function,candidate,analysis/functions/summary.json,ARM prologue heuristic only
0x021036e0,sub_021036e0,function,candidate,analysis/functions/summary.json,ARM prologue heuristic only
0x02103748,sub_02103748,function,candidate,analysis/functions/summary.json,ARM prologue heuristic only
0x02103abc,sub_02103abc,function,candidate,analysis/functions/summary.json,ARM prologue heuristic only
0x02103d00,sub_02103d00,function,candidate,analysis/functions/summary.json,ARM prologue heuristic only
0x021040a4,sub_021040a4,function,candidate,analysis/functions/summary.json,ARM prologue heuristic only
0x02104330,sub_02104330,function,candidate,analysis/functions/summary.json,ARM prologue heuristic only
0x021049f4,sub_021049f4,function,candidate,analysis/functions/summary.json,ARM prologue heuristic only
0x02104a98,sub_02104a98,function,candidate,analysis/functions/summary.json,ARM prologue heuristic only
0x02104b5c,sub_02104b5c,function,candidate,analysis/functions/summary.json,ARM prologue heuristic only
0x02104d24,sub_02104d24,function,candidate,analysis/functions/summary.json,ARM prologue heuristic only
0x02104e84,sub_02104e84,function,candidate,analysis/functions/summary.json,ARM prologue heuristic only
0x02104f2c,sub_02104f2c,function,candidate,analysis/functions/summary.json,ARM prologue heuristic only
0x02105124,sub_02105124,function,candidate,analysis/functions/summary.json,ARM prologue heuristic only
0x0210593c,sub_0210593c,function,candidate,analysis/functions/summary.json,ARM prologue heuristic only
0x02105a00,sub_02105a00,function,candidate,analysis/functions/summary.json,ARM prologue heuristic only
0x02105a40,sub_02105a40,function,candidate,analysis/functions/summary.json,ARM prologue heuristic only
0x02105a80,sub_02105a80,function,candidate,analysis/functions/summary.json,ARM prologue heuristic only
0x02105f50,sub_02105f50,function,candidate,analysis/functions/summary.json,ARM prologue heuristic only
0x02106728,sub_02106728,function,candidate,analysis/functions/summary.json,ARM prologue heuristic only
0x021067c0,sub_021067c0,function,candidate,analysis/functions/summary.json,ARM prologue heuristic only
0x02106964,sub_02106964,function,candidate,analysis/functions/summary.json,ARM prologue heuristic only
0x02106a3c,sub_02106a3c,function,candidate,analysis/functions/summary.json,ARM prologue heuristic only
0x02106b08,sub_02106b08,function,candidate,analysis/functions/summary.json,ARM prologue heuristic only
0x02106e54,sub_02106e54,function,candidate,analysis/functions/summary.json,ARM prologue heuristic only
0x02106f0c,sub_02106f0c,function,candidate,analysis/functions/summary.json,ARM prologue heuristic only
0x02106fa8,sub_02106fa8,function,candidate,analysis/functions/summary.json,ARM prologue heuristic only
0x02107080,sub_02107080,function,candidate,analysis/functions/summary.json,ARM prologue heuristic only
0x02107124,sub_02107124,function,candidate,analysis/functions/summary.json,ARM prologue heuristic only
0x02107480,sub_02107480,function,candidate,analysis/functions/summary.json,ARM prologue heuristic only
0x021076dc,sub_021076dc,function,candidate,analysis/functions/summary.json,ARM prologue heuristic only
0x021077b0,sub_021077b0,function,candidate,analysis/functions/summary.json,ARM prologue heuristic only
0x02107a30,sub_02107a30,function,candidate,analysis/functions/summary.json,ARM prologue heuristic only
0x02107acc,sub_02107acc,function,candidate,analysis/functions/summary.json,ARM prologue heuristic only
0x02107b2c,sub_02107b2c,function,candidate,analysis/functions/summary.json,ARM prologue heuristic only
0x02107c48,sub_02107c48,function,candidate,analysis/functions/summary.json,ARM prologue heuristic only
0x02107cc0,sub_02107cc0,function,candidate,analysis/functions/summary.json,ARM prologue heuristic only
0x02107de8,sub_02107de8,function,candidate,analysis/functions/summary.json,ARM prologue heuristic only
0x02107e04,sub_02107e04,function,candidate,analysis/functions/summary.json,ARM prologue heuristic only
0x02107e84,sub_02107e84,function,candidate,analysis/functions/summary.json,ARM prologue heuristic only
0x02107ee8,sub_02107ee8,function,candidate,analysis/functions/summary.json,ARM prologue heuristic only
0x02108074,sub_02108074,function,candidate,analysis/functions/summary.json,ARM prologue heuristic only
0x02108204,sub_02108204,function,candidate,analysis/functions/summary.json,ARM prologue heuristic only
0x02108280,sub_02108280,function,candidate,analysis/functions/summary.json,ARM prologue heuristic only
0x0210836c,sub_0210836c,function,candidate,analysis/functions/summary.json,ARM prologue heuristic only
0x02108390,sub_02108390,function,candidate,analysis/functions/summary.json,ARM prologue heuristic only
0x0210840c,sub_0210840c,function,candidate,analysis/functions/summary.json,ARM prologue heuristic only
0x02108464,sub_02108464,function,candidate,analysis/functions/summary.json,ARM prologue heuristic only
0x021085c4,sub_021085c4,function,candidate,analysis/functions/summary.json,ARM prologue heuristic only
0x021086a8,sub_021086a8,function,candidate,analysis/functions/summary.json,ARM prologue heuristic only
0x021086e4,sub_021086e4,function,candidate,analysis/functions/summary.json,ARM prologue heuristic only
0x0210872c,sub_0210872c,function,candidate,analysis/functions/summary.json,ARM prologue heuristic only
0x0210878c,sub_0210878c,function,candidate,analysis/functions/summary.json,ARM prologue heuristic only
0x021087d8,sub_021087d8,function,candidate,analysis/functions/summary.json,ARM prologue heuristic only
0x02108860,sub_02108860,function,candidate,analysis/functions/summary.json,ARM prologue heuristic only
0x021088c8,sub_021088c8,function,candidate,analysis/functions/summary.json,ARM prologue heuristic only
0x02108ac8,sub_02108ac8,function,candidate,analysis/functions/summary.json,ARM prologue heuristic only
0x02108b78,sub_02108b78,function,candidate,analysis/functions/summary.json,ARM prologue heuristic only
0x02108c08,sub_02108c08,function,candidate,analysis/functions/summary.json,ARM prologue heuristic only
0x02108df4,sub_02108df4,function,candidate,analysis/functions/summary.json,ARM prologue heuristic only
0x0210a8a4,sub_0210a8a4,function,candidate,analysis/functions/summary.json,ARM prologue heuristic only
0x0210a9f4,sub_0210a9f4,function,candidate,analysis/functions/summary.json,ARM prologue heuristic only
0x0210aa98,sub_0210aa98,function,candidate,analysis/functions/summary.json,ARM prologue heuristic only
0x0210ab1c,sub_0210ab1c,function,candidate,analysis/functions/summary.json,ARM prologue heuristic only
0x0210ac20,sub_0210ac20,function,candidate,analysis/functions/summary.json,ARM prologue heuristic only
0x0210aca0,sub_0210aca0,function,candidate,analysis/functions/summary.json,ARM prologue heuristic only
0x0210ad78,sub_0210ad78,function,candidate,analysis/functions/summary.json,ARM prologue heuristic only
0x0210ae80,sub_0210ae80,function,candidate,analysis/functions/summary.json,ARM prologue heuristic only
0x0210af74,sub_0210af74,function,candidate,analysis/functions/summary.json,ARM prologue heuristic only
0x0210b144,sub_0210b144,function,candidate,analysis/functions/summary.json,ARM prologue heuristic only
0x0210b17c,sub_0210b17c,function,candidate,analysis/functions/summary.json,ARM prologue heuristic only
0x0210b218,sub_0210b218,function,candidate,analysis/functions/summary.json,ARM prologue heuristic only
0x0210b244,sub_0210b244,function,candidate,analysis/functions/summary.json,ARM prologue heuristic only
0x0210b2d8,sub_0210b2d8,function,candidate,analysis/functions/summary.json,ARM prologue heuristic only
0x0210b35c,sub_0210b35c,function,candidate,analysis/functions/summary.json,ARM prologue heuristic only
0x0210b3dc,sub_0210b3dc,function,candidate,analysis/functions/summary.json,ARM prologue heuristic only
0x0210b460,sub_0210b460,function,candidate,analysis/functions/summary.json,ARM prologue heuristic only
0x0210b504,sub_0210b504,function,candidate,analysis/functions/summary.json,ARM prologue heuristic only
0x0210b63c,sub_0210b63c,function,candidate,analysis/functions/summary.json,ARM prologue heuristic only
0x0210b6d8,sub_0210b6d8,function,candidate,analysis/functions/summary.json,ARM prologue heuristic only
0x0210b738,sub_0210b738,function,candidate,analysis/functions/summary.json,ARM prologue heuristic only
0x0210b7c8,sub_0210b7c8,function,candidate,analysis/functions/summary.json,ARM prologue heuristic only
0x0210b918,sub_0210b918,function,candidate,analysis/functions/summary.json,ARM prologue heuristic only
0x0210b960,sub_0210b960,function,candidate,analysis/functions/summary.json,ARM prologue heuristic only
0x0210ba34,sub_0210ba34,function,candidate,analysis/functions/summary.json,ARM prologue heuristic only
0x0210bac0,sub_0210bac0,function,candidate,analysis/functions/summary.json,ARM prologue heuristic only
0x0210bb44,sub_0210bb44,function,candidate,analysis/functions/summary.json,ARM prologue heuristic only
0x0210bbf4,sub_0210bbf4,function,candidate,analysis/functions/summary.json,ARM prologue heuristic only
0x0210bc80,sub_0210bc80,function,candidate,analysis/functions/summary.json,ARM prologue heuristic only
0x0210bd64,sub_0210bd64,function,candidate,analysis/functions/summary.json,ARM prologue heuristic only
0x0210bdfc,sub_0210bdfc,function,candidate,analysis/functions/summary.json,ARM prologue heuristic only
0x0210bee4,sub_0210bee4,function,candidate,analysis/functions/summary.json,ARM prologue heuristic only
0x0210bf6c,sub_0210bf6c,function,candidate,analysis/functions/summary.json,ARM prologue heuristic only
0x0210c070,sub_0210c070,function,candidate,analysis/functions/summary.json,ARM prologue heuristic only
0x0210c164,sub_0210c164,function,candidate,analysis/functions/summary.json,ARM prologue heuristic only
0x0210c194,sub_0210c194,function,candidate,analysis/functions/summary.json,ARM prologue heuristic only
0x0210c1c8,sub_0210c1c8,function,candidate,analysis/functions/summary.json,ARM prologue heuristic only
0x0210c230,sub_0210c230,function,candidate,analysis/functions/summary.json,ARM prologue heuristic only
0x0210c29c,sub_0210c29c,function,candidate,analysis/functions/summary.json,ARM prologue heuristic only
0x0210c2f8,sub_0210c2f8,function,candidate,analysis/functions/summary.json,ARM prologue heuristic only
0x0210c354,sub_0210c354,function,candidate,analysis/functions/summary.json,ARM prologue heuristic only
0x0210c3b4,sub_0210c3b4,function,candidate,analysis/functions/summary.json,ARM prologue heuristic only
0x0210c410,sub_0210c410,function,candidate,analysis/functions/summary.json,ARM prologue heuristic only
0x0210c46c,sub_0210c46c,function,candidate,analysis/functions/summary.json,ARM prologue heuristic only
0x0210c4cc,sub_0210c4cc,function,candidate,analysis/functions/summary.json,ARM prologue heuristic only
0x0210c528,sub_0210c528,function,candidate,analysis/functions/summary.json,ARM prologue heuristic only
0x0210c5c4,sub_0210c5c4,function,candidate,analysis/functions/summary.json,ARM prologue heuristic only
0x0210c6e0,sub_0210c6e0,function,candidate,analysis/functions/summary.json,ARM prologue heuristic only
0x0210c81c,sub_0210c81c,function,candidate,analysis/functions/summary.json,ARM prologue heuristic only
0x0210c858,sub_0210c858,function,candidate,analysis/functions/summary.json,ARM prologue heuristic only
0x0210c8a8,sub_0210c8a8,function,candidate,analysis/functions/summary.json,ARM prologue heuristic only
0x0210c914,sub_0210c914,function,candidate,analysis/functions/summary.json,ARM prologue heuristic only
0x0210c99c,sub_0210c99c,function,candidate,analysis/functions/summary.json,ARM prologue heuristic only
0x0210ca3c,sub_0210ca3c,function,candidate,analysis/functions/summary.json,ARM prologue heuristic only
0x0210cad8,sub_0210cad8,function,candidate,analysis/functions/summary.json,ARM prologue heuristic only
0x0210cbf4,sub_0210cbf4,function,candidate,analysis/functions/summary.json,ARM prologue heuristic only
0x0210ccdc,sub_0210ccdc,function,candidate,analysis/functions/summary.json,ARM prologue heuristic only
0x0210cdc0,sub_0210cdc0,function,candidate,analysis/functions/summary.json,ARM prologue heuristic only
0x0210ce84,sub_0210ce84,function,candidate,analysis/functions/summary.json,ARM prologue heuristic only
0x0210cf48,sub_0210cf48,function,candidate,analysis/functions/summary.json,ARM prologue heuristic only
0x0210d040,sub_0210d040,function,candidate,analysis/functions/summary.json,ARM prologue heuristic only
0x0210d138,sub_0210d138,function,candidate,analysis/functions/summary.json,ARM prologue heuristic only
0x0210d25c,sub_0210d25c,function,candidate,analysis/functions/summary.json,ARM prologue heuristic only
0x0210d354,sub_0210d354,function,candidate,analysis/functions/summary.json,ARM prologue heuristic only
0x0210d384,sub_0210d384,function,candidate,analysis/functions/summary.json,ARM prologue heuristic only
0x0210d3b8,sub_0210d3b8,function,candidate,analysis/functions/summary.json,ARM prologue heuristic only
0x0210d45c,sub_0210d45c,function,candidate,analysis/functions/summary.json,ARM prologue heuristic only
0x0210d4bc,sub_0210d4bc,function,candidate,analysis/functions/summary.json,ARM prologue heuristic only
0x0210d510,sub_0210d510,function,candidate,analysis/functions/summary.json,ARM prologue heuristic only
0x0210d558,sub_0210d558,function,candidate,analysis/functions/summary.json,ARM prologue heuristic only
0x0210d5fc,sub_0210d5fc,function,candidate,analysis/functions/summary.json,ARM prologue heuristic only
0x0210d668,sub_0210d668,function,candidate,analysis/functions/summary.json,ARM prologue heuristic only
0x0210d6a4,sub_0210d6a4,function,candidate,analysis/functions/summary.json,ARM prologue heuristic only
0x0210d6d8,sub_0210d6d8,function,candidate,analysis/functions/summary.json,ARM prologue heuristic only
0x0210d740,sub_0210d740,function,candidate,analysis/functions/summary.json,ARM prologue heuristic only
0x0210d794,sub_0210d794,function,candidate,analysis/functions/summary.json,ARM prologue heuristic only
0x0210d7ec,sub_0210d7ec,function,candidate,analysis/functions/summary.json,ARM prologue heuristic only
0x0210d870,sub_0210d870,function,candidate,analysis/functions/summary.json,ARM prologue heuristic only
0x0210d884,sub_0210d884,function,candidate,analysis/functions/summary.json,ARM prologue heuristic only
0x0210d89c,sub_0210d89c,function,candidate,analysis/functions/summary.json,ARM prologue heuristic only
0x0210d8f0,sub_0210d8f0,function,candidate,analysis/functions/summary.json,ARM prologue heuristic only
0x0210da70,sub_0210da70,function,candidate,analysis/functions/summary.json,ARM prologue heuristic only
0x0210db10,sub_0210db10,function,candidate,analysis/functions/summary.json,ARM prologue heuristic only
0x0210db7c,sub_0210db7c,function,candidate,analysis/functions/summary.json,ARM prologue heuristic only
0x0210dbb8,sub_0210dbb8,function,candidate,analysis/functions/summary.json,ARM prologue heuristic only
0x0210dc34,sub_0210dc34,function,candidate,analysis/functions/summary.json,ARM prologue heuristic only
0x0210dcdc,sub_0210dcdc,function,candidate,analysis/functions/summary.json,ARM prologue heuristic only
0x0210dd08,sub_0210dd08,function,candidate,analysis/functions/summary.json,ARM prologue heuristic only
0x0210de04,sub_0210de04,function,candidate,analysis/functions/summary.json,ARM prologue heuristic only
0x0210de94,sub_0210de94,function,candidate,analysis/functions/summary.json,ARM prologue heuristic only
0x0210df40,sub_0210df40,function,candidate,analysis/functions/summary.json,ARM prologue heuristic only
0x0210dfd8,sub_0210dfd8,function,candidate,analysis/functions/summary.json,ARM prologue heuristic only
0x0210e0b4,sub_0210e0b4,function,candidate,analysis/functions/summary.json,ARM prologue heuristic only
0x0210e1c4,sub_0210e1c4,function,candidate,analysis/functions/summary.json,ARM prologue heuristic only
0x0210e210,sub_0210e210,function,candidate,analysis/functions/summary.json,ARM prologue heuristic only
0x0210e27c,sub_0210e27c,function,candidate,analysis/functions/summary.json,ARM prologue heuristic only
0x0210e2c0,sub_0210e2c0,function,candidate,analysis/functions/summary.json,ARM prologue heuristic only
0x0210e3d4,sub_0210e3d4,function,candidate,analysis/functions/summary.json,ARM prologue heuristic only
0x0210e588,sub_0210e588,function,candidate,analysis/functions/summary.json,ARM prologue heuristic only
0x0210e60c,sub_0210e60c,function,candidate,analysis/functions/summary.json,ARM prologue heuristic only
0x0210e68c,sub_0210e68c,function,candidate,analysis/functions/summary.json,ARM prologue heuristic only
0x0210e6b4,sub_0210e6b4,function,candidate,analysis/functions/summary.json,ARM prologue heuristic only
0x0210e800,sub_0210e800,function,candidate,analysis/functions/summary.json,ARM prologue heuristic only
0x0210e84c,sub_0210e84c,function,candidate,analysis/functions/summary.json,ARM prologue heuristic only
0x0210e934,sub_0210e934,function,candidate,analysis/functions/summary.json,ARM prologue heuristic only
0x0210e9c8,sub_0210e9c8,function,candidate,analysis/functions/summary.json,ARM prologue heuristic only
0x0210ea00,sub_0210ea00,function,candidate,analysis/functions/summary.json,ARM prologue heuristic only
0x0210eab8,sub_0210eab8,function,candidate,analysis/functions/summary.json,ARM prologue heuristic only
0x0210ed68,sub_0210ed68,function,candidate,analysis/functions/summary.json,ARM prologue heuristic only
0x0210ee68,sub_0210ee68,function,candidate,analysis/functions/summary.json,ARM prologue heuristic only
0x0210ef98,sub_0210ef98,function,candidate,analysis/functions/summary.json,ARM prologue heuristic only
0x0210f00c,sub_0210f00c,function,candidate,analysis/functions/summary.json,ARM prologue heuristic only
0x0210f0d0,sub_0210f0d0,function,candidate,analysis/functions/summary.json,ARM prologue heuristic only
0x0210f144,sub_0210f144,function,candidate,analysis/functions/summary.json,ARM prologue heuristic only
0x0210f1b8,sub_0210f1b8,function,candidate,analysis/functions/summary.json,ARM prologue heuristic only
0x0210f218,sub_0210f218,function,candidate,analysis/functions/summary.json,ARM prologue heuristic only
0x0210f2a4,sub_0210f2a4,function,candidate,analysis/functions/summary.json,ARM prologue heuristic only
0x0210f31c,sub_0210f31c,function,candidate,analysis/functions/summary.json,ARM prologue heuristic only
0x0210f378,sub_0210f378,function,candidate,analysis/functions/summary.json,ARM prologue heuristic only
0x0210f3ec,sub_0210f3ec,function,candidate,analysis/functions/summary.json,ARM prologue heuristic only
0x0210f448,sub_0210f448,function,candidate,analysis/functions/summary.json,ARM prologue heuristic only
0x0210f4a4,sub_0210f4a4,function,candidate,analysis/functions/summary.json,ARM prologue heuristic only
0x0210f56c,sub_0210f56c,function,candidate,analysis/functions/summary.json,ARM prologue heuristic only
0x0210f5d0,sub_0210f5d0,function,candidate,analysis/functions/summary.json,ARM prologue heuristic only
0x0210f68c,sub_0210f68c,function,candidate,analysis/functions/summary.json,ARM prologue heuristic only
0x0210f6d8,sub_0210f6d8,function,candidate,analysis/functions/summary.json,ARM prologue heuristic only
0x0210f744,sub_0210f744,function,candidate,analysis/functions/summary.json,ARM prologue heuristic only
0x0210f760,sub_0210f760,function,candidate,analysis/functions/summary.json,ARM prologue heuristic only
0x0210f7fc,sub_0210f7fc,function,candidate,analysis/functions/summary.json,ARM prologue heuristic only
0x0210fa1c,sub_0210fa1c,function,candidate,analysis/functions/summary.json,ARM prologue heuristic only
0x0210fa78,sub_0210fa78,function,candidate,analysis/functions/summary.json,ARM prologue heuristic only
0x0210fc8c,sub_0210fc8c,function,candidate,analysis/functions/summary.json,ARM prologue heuristic only
0x0210fd50,sub_0210fd50,function,candidate,analysis/functions/summary.json,ARM prologue heuristic only
0x0210fef4,sub_0210fef4,function,candidate,analysis/functions/summary.json,ARM prologue heuristic only
0x0210ff4c,sub_0210ff4c,function,candidate,analysis/functions/summary.json,ARM prologue heuristic only
0x0210ff88,sub_0210ff88,function,candidate,analysis/functions/summary.json,ARM prologue heuristic only
0x0210ffc0,sub_0210ffc0,function,candidate,analysis/functions/summary.json,ARM prologue heuristic only
0x0210fffc,sub_0210fffc,function,candidate,analysis/functions/summary.json,ARM prologue heuristic only
0x021100ac,sub_021100ac,function,candidate,analysis/functions/summary.json,ARM prologue heuristic only
0x02110230,sub_02110230,function,candidate,analysis/functions/summary.json,ARM prologue heuristic only
0x02110280,sub_02110280,function,candidate,analysis/functions/summary.json,ARM prologue heuristic only
0x021102e8,sub_021102e8,function,candidate,analysis/functions/summary.json,ARM prologue heuristic only
0x02110318,sub_02110318,function,candidate,analysis/functions/summary.json,ARM prologue heuristic only
0x021103b0,sub_021103b0,function,candidate,analysis/functions/summary.json,ARM prologue heuristic only
0x02110418,sub_02110418,function,candidate,analysis/functions/summary.json,ARM prologue heuristic only
0x02110444,sub_02110444,function,candidate,analysis/functions/summary.json,ARM prologue heuristic only
0x02110468,sub_02110468,function,candidate,analysis/functions/summary.json,ARM prologue heuristic only
0x021104bc,sub_021104bc,function,candidate,analysis/functions/summary.json,ARM prologue heuristic only
0x02110554,sub_02110554,function,candidate,analysis/functions/summary.json,ARM prologue heuristic only
0x0211079c,sub_0211079c,function,candidate,analysis/functions/summary.json,ARM prologue heuristic only
0x021108bc,sub_021108bc,function,candidate,analysis/functions/summary.json,ARM prologue heuristic only
0x02110934,sub_02110934,function,candidate,analysis/functions/summary.json,ARM prologue heuristic only
0x021109ac,sub_021109ac,function,candidate,analysis/functions/summary.json,ARM prologue heuristic only
0x02110a74,sub_02110a74,function,candidate,analysis/functions/summary.json,ARM prologue heuristic only
0x02110aac,sub_02110aac,function,candidate,analysis/functions/summary.json,ARM prologue heuristic only
0x02110c9c,sub_02110c9c,function,candidate,analysis/functions/summary.json,ARM prologue heuristic only
0x02110ce0,sub_02110ce0,function,candidate,analysis/functions/summary.json,ARM prologue heuristic only
0x02110dac,sub_02110dac,function,candidate,analysis/functions/summary.json,ARM prologue heuristic only
0x02110e68,sub_02110e68,function,candidate,analysis/functions/summary.json,ARM prologue heuristic only
0x02110f30,sub_02110f30,function,candidate,analysis/functions/summary.json,ARM prologue heuristic only
0x02111034,sub_02111034,function,candidate,analysis/functions/summary.json,ARM prologue heuristic only
0x02111194,sub_02111194,function,candidate,analysis/functions/summary.json,ARM prologue heuristic only
0x021113a0,sub_021113a0,function,candidate,analysis/functions/summary.json,ARM prologue heuristic only
0x021113d4,sub_021113d4,function,candidate,analysis/functions/summary.json,ARM prologue heuristic only
0x02111480,sub_02111480,function,candidate,analysis/functions/summary.json,ARM prologue heuristic only
0x02111594,sub_02111594,function,candidate,analysis/functions/summary.json,ARM prologue heuristic only
0x021115f0,sub_021115f0,function,candidate,analysis/functions/summary.json,ARM prologue heuristic only
0x021116a0,sub_021116a0,function,candidate,analysis/functions/summary.json,ARM prologue heuristic only
0x021116d4,sub_021116d4,function,candidate,analysis/functions/summary.json,ARM prologue heuristic only
0x02111730,sub_02111730,function,candidate,analysis/functions/summary.json,ARM prologue heuristic only
0x021117a4,sub_021117a4,function,candidate,analysis/functions/summary.json,ARM prologue heuristic only
0x021118a8,sub_021118a8,function,candidate,analysis/functions/summary.json,ARM prologue heuristic only
0x0211196c,sub_0211196c,function,candidate,analysis/functions/summary.json,ARM prologue heuristic only
0x02111ae0,sub_02111ae0,function,candidate,analysis/functions/summary.json,ARM prologue heuristic only
0x02111b80,sub_02111b80,function,candidate,analysis/functions/summary.json,ARM prologue heuristic only
0x02111c30,sub_02111c30,function,candidate,analysis/functions/summary.json,ARM prologue heuristic only
0x02111e88,sub_02111e88,function,candidate,analysis/functions/summary.json,ARM prologue heuristic only
0x02111ee0,sub_02111ee0,function,candidate,analysis/functions/summary.json,ARM prologue heuristic only
0x02111f98,sub_02111f98,function,candidate,analysis/functions/summary.json,ARM prologue heuristic only
0x02112170,sub_02112170,function,candidate,analysis/functions/summary.json,ARM prologue heuristic only
0x021121d4,sub_021121d4,function,candidate,analysis/functions/summary.json,ARM prologue heuristic only
0x021122fc,sub_021122fc,function,candidate,analysis/functions/summary.json,ARM prologue heuristic only
0x02112360,sub_02112360,function,candidate,analysis/functions/summary.json,ARM prologue heuristic only
0x02112674,sub_02112674,function,candidate,analysis/functions/summary.json,ARM prologue heuristic only
0x021126d4,sub_021126d4,function,candidate,analysis/functions/summary.json,ARM prologue heuristic only
0x02112900,sub_02112900,function,candidate,analysis/functions/summary.json,ARM prologue heuristic only
0x021129fc,sub_021129fc,function,candidate,analysis/functions/summary.json,ARM prologue heuristic only
0x02112ac4,sub_02112ac4,function,candidate,analysis/functions/summary.json,ARM prologue heuristic only
0x02112b90,sub_02112b90,function,candidate,analysis/functions/summary.json,ARM prologue heuristic only
0x02112cdc,sub_02112cdc,function,candidate,analysis/functions/summary.json,ARM prologue heuristic only
0x02112ebc,sub_02112ebc,function,candidate,analysis/functions/summary.json,ARM prologue heuristic only
0x02112f38,sub_02112f38,function,candidate,analysis/functions/summary.json,ARM prologue heuristic only
0x02112f54,sub_02112f54,function,candidate,analysis/functions/summary.json,ARM prologue heuristic only
0x02112f80,sub_02112f80,function,candidate,analysis/functions/summary.json,ARM prologue heuristic only
0x02112ffc,sub_02112ffc,function,candidate,analysis/functions/summary.json,ARM prologue heuristic only
0x021130fc,sub_021130fc,function,candidate,analysis/functions/summary.json,ARM prologue heuristic only
0x0211319c,sub_0211319c,function,candidate,analysis/functions/summary.json,ARM prologue heuristic only
0x02113330,sub_02113330,function,candidate,analysis/functions/summary.json,ARM prologue heuristic only
0x021133c0,sub_021133c0,function,candidate,analysis/functions/summary.json,ARM prologue heuristic only
0x02113400,sub_02113400,function,candidate,analysis/functions/summary.json,ARM prologue heuristic only
0x02113480,sub_02113480,function,candidate,analysis/functions/summary.json,ARM prologue heuristic only
0x021134e0,sub_021134e0,function,candidate,analysis/functions/summary.json,ARM prologue heuristic only
0x02113544,sub_02113544,function,candidate,analysis/functions/summary.json,ARM prologue heuristic only
0x02113584,sub_02113584,function,candidate,analysis/functions/summary.json,ARM prologue heuristic only
0x021135a8,sub_021135a8,function,candidate,analysis/functions/summary.json,ARM prologue heuristic only
0x021135e8,sub_021135e8,function,candidate,analysis/functions/summary.json,ARM prologue heuristic only
0x02113620,sub_02113620,function,candidate,analysis/functions/summary.json,ARM prologue heuristic only
0x0211368c,sub_0211368c,function,candidate,analysis/functions/summary.json,ARM prologue heuristic only
0x0211371c,sub_0211371c,function,candidate,analysis/functions/summary.json,ARM prologue heuristic only
0x021137d8,sub_021137d8,function,candidate,analysis/functions/summary.json,ARM prologue heuristic only
0x0211389c,sub_0211389c,function,candidate,analysis/functions/summary.json,ARM prologue heuristic only
0x0211391c,sub_0211391c,function,candidate,analysis/functions/summary.json,ARM prologue heuristic only
0x02113af4,sub_02113af4,function,candidate,analysis/functions/summary.json,ARM prologue heuristic only
0x02113b4c,sub_02113b4c,function,candidate,analysis/functions/summary.json,ARM prologue heuristic only
0x02113b9c,sub_02113b9c,function,candidate,analysis/functions/summary.json,ARM prologue heuristic only
0x02113c90,sub_02113c90,function,candidate,analysis/functions/summary.json,ARM prologue heuristic only
0x02113e48,sub_02113e48,function,candidate,analysis/functions/summary.json,ARM prologue heuristic only
0x02113ee8,sub_02113ee8,function,candidate,analysis/functions/summary.json,ARM prologue heuristic only
0x02113fbc,sub_02113fbc,function,candidate,analysis/functions/summary.json,ARM prologue heuristic only
0x02113fe0,sub_02113fe0,function,candidate,analysis/functions/summary.json,ARM prologue heuristic only
0x02114110,sub_02114110,function,candidate,analysis/functions/summary.json,ARM prologue heuristic only
0x02114144,sub_02114144,function,candidate,analysis/functions/summary.json,ARM prologue heuristic only
0x0211419c,sub_0211419c,function,candidate,analysis/functions/summary.json,ARM prologue heuristic only
0x021141e4,sub_021141e4,function,candidate,analysis/functions/summary.json,ARM prologue heuristic only
0x02114210,sub_02114210,function,candidate,analysis/functions/summary.json,ARM prologue heuristic only
0x02114228,sub_02114228,function,candidate,analysis/functions/summary.json,ARM prologue heuristic only
0x02114244,sub_02114244,function,candidate,analysis/functions/summary.json,ARM prologue heuristic only
0x021142c8,sub_021142c8,function,candidate,analysis/functions/summary.json,ARM prologue heuristic only
0x02114324,sub_02114324,function,candidate,analysis/functions/summary.json,ARM prologue heuristic only
0x021143fc,sub_021143fc,function,candidate,analysis/functions/summary.json,ARM prologue heuristic only
0x02114464,sub_02114464,function,candidate,analysis/functions/summary.json,ARM prologue heuristic only
0x02114548,sub_02114548,function,candidate,analysis/functions/summary.json,ARM prologue heuristic only
0x02114580,sub_02114580,function,candidate,analysis/functions/summary.json,ARM prologue heuristic only
0x021145d4,sub_021145d4,function,candidate,analysis/functions/summary.json,ARM prologue heuristic only
0x02114644,sub_02114644,function,candidate,analysis/functions/summary.json,ARM prologue heuristic only
0x02114678,sub_02114678,function,candidate,analysis/functions/summary.json,ARM prologue heuristic only
0x021146d4,sub_021146d4,function,candidate,analysis/functions/summary.json,ARM prologue heuristic only
0x021146e8,sub_021146e8,function,candidate,analysis/functions/summary.json,ARM prologue heuristic only
0x02114740,sub_02114740,function,candidate,analysis/functions/summary.json,ARM prologue heuristic only
0x02114798,sub_02114798,function,candidate,analysis/functions/summary.json,ARM prologue heuristic only
0x021147c0,sub_021147c0,function,candidate,analysis/functions/summary.json,ARM prologue heuristic only
0x02114830,sub_02114830,function,candidate,analysis/functions/summary.json,ARM prologue heuristic only
0x021148dc,sub_021148dc,function,candidate,analysis/functions/summary.json,ARM prologue heuristic only
0x02114a08,sub_02114a08,function,candidate,analysis/functions/summary.json,ARM prologue heuristic only
0x02114ac4,sub_02114ac4,function,candidate,analysis/functions/summary.json,ARM prologue heuristic only
0x02114b1c,sub_02114b1c,function,candidate,analysis/functions/summary.json,ARM prologue heuristic only
0x02114c48,sub_02114c48,function,candidate,analysis/functions/summary.json,ARM prologue heuristic only
0x02114cc0,sub_02114cc0,function,candidate,analysis/functions/summary.json,ARM prologue heuristic only
0x02114d10,sub_02114d10,function,candidate,analysis/functions/summary.json,ARM prologue heuristic only
0x02114d44,sub_02114d44,function,candidate,analysis/functions/summary.json,ARM prologue heuristic only
0x02114e30,sub_02114e30,function,candidate,analysis/functions/summary.json,ARM prologue heuristic only
0x02114ec8,sub_02114ec8,function,candidate,analysis/functions/summary.json,ARM prologue heuristic only
0x02115138,sub_02115138,function,candidate,analysis/functions/summary.json,ARM prologue heuristic only
0x0211517c,sub_0211517c,function,candidate,analysis/functions/summary.json,ARM prologue heuristic only
0x021151e0,sub_021151e0,function,candidate,analysis/functions/summary.json,ARM prologue heuristic only
0x02115244,sub_02115244,function,candidate,analysis/functions/summary.json,ARM prologue heuristic only
0x0211527c,sub_0211527c,function,candidate,analysis/functions/summary.json,ARM prologue heuristic only
0x02115348,sub_02115348,function,candidate,analysis/functions/summary.json,ARM prologue heuristic only
0x021153cc,sub_021153cc,function,candidate,analysis/functions/summary.json,ARM prologue heuristic only
0x021154c8,sub_021154c8,function,candidate,analysis/functions/summary.json,ARM prologue heuristic only
0x02115538,sub_02115538,function,candidate,analysis/functions/summary.json,ARM prologue heuristic only
0x02115804,sub_02115804,function,candidate,analysis/functions/summary.json,ARM prologue heuristic only
0x0211593c,sub_0211593c,function,candidate,analysis/functions/summary.json,ARM prologue heuristic only
0x02115d68,sub_02115d68,function,candidate,analysis/functions/summary.json,ARM prologue heuristic only
0x02115e44,sub_02115e44,function,candidate,analysis/functions/summary.json,ARM prologue heuristic only
0x02116000,sub_02116000,function,candidate,analysis/functions/summary.json,ARM prologue heuristic only
0x02116184,sub_02116184,function,candidate,analysis/functions/summary.json,ARM prologue heuristic only
0x02116210,sub_02116210,function,candidate,analysis/functions/summary.json,ARM prologue heuristic only
0x02116308,sub_02116308,function,candidate,analysis/functions/summary.json,ARM prologue heuristic only
0x021164cc,sub_021164cc,function,candidate,analysis/functions/summary.json,ARM prologue heuristic only
0x021165b8,sub_021165b8,function,candidate,analysis/functions/summary.json,ARM prologue heuristic only
0x021166e0,sub_021166e0,function,candidate,analysis/functions/summary.json,ARM prologue heuristic only
0x02116794,sub_02116794,function,candidate,analysis/functions/summary.json,ARM prologue heuristic only
0x021168b8,sub_021168b8,function,candidate,analysis/functions/summary.json,ARM prologue heuristic only
0x02116904,sub_02116904,function,candidate,analysis/functions/summary.json,ARM prologue heuristic only
0x02116940,sub_02116940,function,candidate,analysis/functions/summary.json,ARM prologue heuristic only
0x02116980,sub_02116980,function,candidate,analysis/functions/summary.json,ARM prologue heuristic only
0x02116b60,sub_02116b60,function,candidate,analysis/functions/summary.json,ARM prologue heuristic only
0x02116b78,sub_02116b78,function,candidate,analysis/functions/summary.json,ARM prologue heuristic only
0x02116c0c,sub_02116c0c,function,candidate,analysis/functions/summary.json,ARM prologue heuristic only
0x02116c54,sub_02116c54,function,candidate,analysis/functions/summary.json,ARM prologue heuristic only
0x02116c7c,sub_02116c7c,function,candidate,analysis/functions/summary.json,ARM prologue heuristic only
0x02116cbc,sub_02116cbc,function,candidate,analysis/functions/summary.json,ARM prologue heuristic only
0x02116cf0,sub_02116cf0,function,candidate,analysis/functions/summary.json,ARM prologue heuristic only
0x02116d3c,sub_02116d3c,function,candidate,analysis/functions/summary.json,ARM prologue heuristic only
0x02116d54,sub_02116d54,function,candidate,analysis/functions/summary.json,ARM prologue heuristic only
0x02116de4,sub_02116de4,function,candidate,analysis/functions/summary.json,ARM prologue heuristic only
0x02116dfc,sub_02116dfc,function,candidate,analysis/functions/summary.json,ARM prologue heuristic only
0x02116eac,sub_02116eac,function,candidate,analysis/functions/summary.json,ARM prologue heuristic only
0x02116ee8,sub_02116ee8,function,candidate,analysis/functions/summary.json,ARM prologue heuristic only
0x02116f5c,sub_02116f5c,function,candidate,analysis/functions/summary.json,ARM prologue heuristic only
0x02116fc4,sub_02116fc4,function,candidate,analysis/functions/summary.json,ARM prologue heuristic only
0x02117044,sub_02117044,function,candidate,analysis/functions/summary.json,ARM prologue heuristic only
0x0211706c,sub_0211706c,function,candidate,analysis/functions/summary.json,ARM prologue heuristic only
0x02117168,sub_02117168,function,candidate,analysis/functions/summary.json,ARM prologue heuristic only
0x02117190,sub_02117190,function,candidate,analysis/functions/summary.json,ARM prologue heuristic only
0x02117204,sub_02117204,function,candidate,analysis/functions/summary.json,ARM prologue heuristic only
0x02117284,sub_02117284,function,candidate,analysis/functions/summary.json,ARM prologue heuristic only
0x02117348,sub_02117348,function,candidate,analysis/functions/summary.json,ARM prologue heuristic only
0x02117418,sub_02117418,function,candidate,analysis/functions/summary.json,ARM prologue heuristic only
0x02117490,sub_02117490,function,candidate,analysis/functions/summary.json,ARM prologue heuristic only
0x02117500,sub_02117500,function,candidate,analysis/functions/summary.json,ARM prologue heuristic only
0x021175e8,sub_021175e8,function,candidate,analysis/functions/summary.json,ARM prologue heuristic only
0x02117640,sub_02117640,function,candidate,analysis/functions/summary.json,ARM prologue heuristic only
0x021176c4,sub_021176c4,function,candidate,analysis/functions/summary.json,ARM prologue heuristic only
0x0211780c,sub_0211780c,function,candidate,analysis/functions/summary.json,ARM prologue heuristic only
0x021178a8,sub_021178a8,function,candidate,analysis/functions/summary.json,ARM prologue heuristic only
0x0211791c,sub_0211791c,function,candidate,analysis/functions/summary.json,ARM prologue heuristic only
0x02117a24,sub_02117a24,function,candidate,analysis/functions/summary.json,ARM prologue heuristic only
0x02117a98,sub_02117a98,function,candidate,analysis/functions/summary.json,ARM prologue heuristic only
0x02117ae4,sub_02117ae4,function,candidate,analysis/functions/summary.json,ARM prologue heuristic only
0x02117c34,sub_02117c34,function,candidate,analysis/functions/summary.json,ARM prologue heuristic only
0x02117c90,sub_02117c90,function,candidate,analysis/functions/summary.json,ARM prologue heuristic only
0x02117ccc,sub_02117ccc,function,candidate,analysis/functions/summary.json,ARM prologue heuristic only
0x02117e10,sub_02117e10,function,candidate,analysis/functions/summary.json,ARM prologue heuristic only
0x02117f24,sub_02117f24,function,candidate,analysis/functions/summary.json,ARM prologue heuristic only
0x02118038,sub_02118038,function,candidate,analysis/functions/summary.json,ARM prologue heuristic only
0x0211813c,sub_0211813c,function,candidate,analysis/functions/summary.json,ARM prologue heuristic only
0x021181e4,sub_021181e4,function,candidate,analysis/functions/summary.json,ARM prologue heuristic only
0x02118358,sub_02118358,function,candidate,analysis/functions/summary.json,ARM prologue heuristic only
0x02118488,sub_02118488,function,candidate,analysis/functions/summary.json,ARM prologue heuristic only
0x0211852c,sub_0211852c,function,candidate,analysis/functions/summary.json,ARM prologue heuristic only
0x021185c4,sub_021185c4,function,candidate,analysis/functions/summary.json,ARM prologue heuristic only
0x02118670,sub_02118670,function,candidate,analysis/functions/summary.json,ARM prologue heuristic only
0x021186a0,sub_021186a0,function,candidate,analysis/functions/summary.json,ARM prologue heuristic only
0x021186d4,sub_021186d4,function,candidate,analysis/functions/summary.json,ARM prologue heuristic only
0x021187a4,sub_021187a4,function,candidate,analysis/functions/summary.json,ARM prologue heuristic only
0x0211883c,sub_0211883c,function,candidate,analysis/functions/summary.json,ARM prologue heuristic only
0x0211893c,sub_0211893c,function,candidate,analysis/functions/summary.json,ARM prologue heuristic only
0x021189dc,sub_021189dc,function,candidate,analysis/functions/summary.json,ARM prologue heuristic only
0x02118a18,sub_02118a18,function,candidate,analysis/functions/summary.json,ARM prologue heuristic only
0x02118abc,sub_02118abc,function,candidate,analysis/functions/summary.json,ARM prologue heuristic only
0x02118b64,sub_02118b64,function,candidate,analysis/functions/summary.json,ARM prologue heuristic only
0x02118be0,sub_02118be0,function,candidate,analysis/functions/summary.json,ARM prologue heuristic only
0x02118c90,sub_02118c90,function,candidate,analysis/functions/summary.json,ARM prologue heuristic only
0x02118cdc,sub_02118cdc,function,candidate,analysis/functions/summary.json,ARM prologue heuristic only
0x02118d10,sub_02118d10,function,candidate,analysis/functions/summary.json,ARM prologue heuristic only
0x02118d78,sub_02118d78,function,candidate,analysis/functions/summary.json,ARM prologue heuristic only
0x02118ef4,sub_02118ef4,function,candidate,analysis/functions/summary.json,ARM prologue heuristic only
0x02118f54,sub_02118f54,function,candidate,analysis/functions/summary.json,ARM prologue heuristic only
0x02118f88,sub_02118f88,function,candidate,analysis/functions/summary.json,ARM prologue heuristic only
0x02118fac,sub_02118fac,function,candidate,analysis/functions/summary.json,ARM prologue heuristic only
0x02119004,sub_02119004,function,candidate,analysis/functions/summary.json,ARM prologue heuristic only
0x02119060,sub_02119060,function,candidate,analysis/functions/summary.json,ARM prologue heuristic only
0x02119084,sub_02119084,function,candidate,analysis/functions/summary.json,ARM prologue heuristic only
0x02119114,sub_02119114,function,candidate,analysis/functions/summary.json,ARM prologue heuristic only
0x02119138,sub_02119138,function,candidate,analysis/functions/summary.json,ARM prologue heuristic only
0x021191d4,sub_021191d4,function,candidate,analysis/functions/summary.json,ARM prologue heuristic only
0x02119294,sub_02119294,function,candidate,analysis/functions/summary.json,ARM prologue heuristic only
0x02119328,sub_02119328,function,candidate,analysis/functions/summary.json,ARM prologue heuristic only
0x02119360,sub_02119360,function,candidate,analysis/functions/summary.json,ARM prologue heuristic only
0x021193d8,sub_021193d8,function,candidate,analysis/functions/summary.json,ARM prologue heuristic only
0x021194a4,sub_021194a4,function,candidate,analysis/functions/summary.json,ARM prologue heuristic only
0x021194d0,sub_021194d0,function,candidate,analysis/functions/summary.json,ARM prologue heuristic only
0x021194fc,sub_021194fc,function,candidate,analysis/functions/summary.json,ARM prologue heuristic only
0x02119680,sub_02119680,function,candidate,analysis/functions/summary.json,ARM prologue heuristic only
0x021196ac,sub_021196ac,function,candidate,analysis/functions/summary.json,ARM prologue heuristic only
0x021196fc,sub_021196fc,function,candidate,analysis/functions/summary.json,ARM prologue heuristic only
0x021197a0,sub_021197a0,function,candidate,analysis/functions/summary.json,ARM prologue heuristic only
0x02119854,sub_02119854,function,candidate,analysis/functions/summary.json,ARM prologue heuristic only
0x02119958,sub_02119958,function,candidate,analysis/functions/summary.json,ARM prologue heuristic only
0x0211998c,sub_0211998c,function,candidate,analysis/functions/summary.json,ARM prologue heuristic only
0x02119bc8,sub_02119bc8,function,candidate,analysis/functions/summary.json,ARM prologue heuristic only
0x02119c28,sub_02119c28,function,candidate,analysis/functions/summary.json,ARM prologue heuristic only
0x02119c70,sub_02119c70,function,candidate,analysis/functions/summary.json,ARM prologue heuristic only
0x02119d78,sub_02119d78,function,candidate,analysis/functions/summary.json,ARM prologue heuristic only
0x02119d94,sub_02119d94,function,candidate,analysis/functions/summary.json,ARM prologue heuristic only
0x02119e24,sub_02119e24,function,candidate,analysis/functions/summary.json,ARM prologue heuristic only
0x02119e48,sub_02119e48,function,candidate,analysis/functions/summary.json,ARM prologue heuristic only
0x02119e98,sub_02119e98,function,candidate,analysis/functions/summary.json,ARM prologue heuristic only
0x02119f44,sub_02119f44,function,candidate,analysis/functions/summary.json,ARM prologue heuristic only
0x02119fa0,sub_02119fa0,function,candidate,analysis/functions/summary.json,ARM prologue heuristic only
0x0211a194,sub_0211a194,function,candidate,analysis/functions/summary.json,ARM prologue heuristic only
0x0211a1ec,sub_0211a1ec,function,candidate,analysis/functions/summary.json,ARM prologue heuristic only
0x0211a2ac,sub_0211a2ac,function,candidate,analysis/functions/summary.json,ARM prologue heuristic only
0x0211a2f0,sub_0211a2f0,function,candidate,analysis/functions/summary.json,ARM prologue heuristic only
0x0211a3c0,sub_0211a3c0,function,candidate,analysis/functions/summary.json,ARM prologue heuristic only
0x0211a4bc,sub_0211a4bc,function,candidate,analysis/functions/summary.json,ARM prologue heuristic only
0x0211a52c,sub_0211a52c,function,candidate,analysis/functions/summary.json,ARM prologue heuristic only
0x0211a668,sub_0211a668,function,candidate,analysis/functions/summary.json,ARM prologue heuristic only
0x0211a738,sub_0211a738,function,candidate,analysis/functions/summary.json,ARM prologue heuristic only
0x0211a860,sub_0211a860,function,candidate,analysis/functions/summary.json,ARM prologue heuristic only
0x0211aa58,sub_0211aa58,function,candidate,analysis/functions/summary.json,ARM prologue heuristic only
0x0211ab08,sub_0211ab08,function,candidate,analysis/functions/summary.json,ARM prologue heuristic only
0x0211ac44,sub_0211ac44,function,candidate,analysis/functions/summary.json,ARM prologue heuristic only
0x0211aeb8,sub_0211aeb8,function,candidate,analysis/functions/summary.json,ARM prologue heuristic only
0x0211af60,sub_0211af60,function,candidate,analysis/functions/summary.json,ARM prologue heuristic only
0x0211b0a4,sub_0211b0a4,function,candidate,analysis/functions/summary.json,ARM prologue heuristic only
0x0211b188,sub_0211b188,function,candidate,analysis/functions/summary.json,ARM prologue heuristic only
0x0211b2a8,sub_0211b2a8,function,candidate,analysis/functions/summary.json,ARM prologue heuristic only
0x0211b378,sub_0211b378,function,candidate,analysis/functions/summary.json,ARM prologue heuristic only
0x0211b44c,sub_0211b44c,function,candidate,analysis/functions/summary.json,ARM prologue heuristic only
0x0211b500,sub_0211b500,function,candidate,analysis/functions/summary.json,ARM prologue heuristic only
0x0211b5e8,sub_0211b5e8,function,candidate,analysis/functions/summary.json,ARM prologue heuristic only
0x0211b604,sub_0211b604,function,candidate,analysis/functions/summary.json,ARM prologue heuristic only
0x0211b6a0,sub_0211b6a0,function,candidate,analysis/functions/summary.json,ARM prologue heuristic only
0x0211b7dc,sub_0211b7dc,function,candidate,analysis/functions/summary.json,ARM prologue heuristic only
0x0211b8c8,sub_0211b8c8,function,candidate,analysis/functions/summary.json,ARM prologue heuristic only
0x0211b950,sub_0211b950,function,candidate,analysis/functions/summary.json,ARM prologue heuristic only
0x0211ba28,sub_0211ba28,function,candidate,analysis/functions/summary.json,ARM prologue heuristic only
0x0211bb20,sub_0211bb20,function,candidate,analysis/functions/summary.json,ARM prologue heuristic only
0x0211be38,sub_0211be38,function,candidate,analysis/functions/summary.json,ARM prologue heuristic only
0x0211bf04,sub_0211bf04,function,candidate,analysis/functions/summary.json,ARM prologue heuristic only
0x0211bf40,sub_0211bf40,function,candidate,analysis/functions/summary.json,ARM prologue heuristic only
0x0211c060,sub_0211c060,function,candidate,analysis/functions/summary.json,ARM prologue heuristic only
0x0211c26c,sub_0211c26c,function,candidate,analysis/functions/summary.json,ARM prologue heuristic only
0x0211c538,sub_0211c538,function,candidate,analysis/functions/summary.json,ARM prologue heuristic only
0x0211c6fc,sub_0211c6fc,function,candidate,analysis/functions/summary.json,ARM prologue heuristic only
0x0211c76c,sub_0211c76c,function,candidate,analysis/functions/summary.json,ARM prologue heuristic only
0x0211c814,sub_0211c814,function,candidate,analysis/functions/summary.json,ARM prologue heuristic only
0x0211c8b0,sub_0211c8b0,function,candidate,analysis/functions/summary.json,ARM prologue heuristic only
0x0211c97c,sub_0211c97c,function,candidate,analysis/functions/summary.json,ARM prologue heuristic only
0x0211c9d8,sub_0211c9d8,function,candidate,analysis/functions/summary.json,ARM prologue heuristic only
0x0211ca10,sub_0211ca10,function,candidate,analysis/functions/summary.json,ARM prologue heuristic only
0x0211cac4,sub_0211cac4,function,candidate,analysis/functions/summary.json,ARM prologue heuristic only
0x0211cb54,sub_0211cb54,function,candidate,analysis/functions/summary.json,ARM prologue heuristic only
0x0211cba4,sub_0211cba4,function,candidate,analysis/functions/summary.json,ARM prologue heuristic only
0x0211cbe0,sub_0211cbe0,function,candidate,analysis/functions/summary.json,ARM prologue heuristic only
0x0211cc68,sub_0211cc68,function,candidate,analysis/functions/summary.json,ARM prologue heuristic only
0x0211ccbc,sub_0211ccbc,function,candidate,analysis/functions/summary.json,ARM prologue heuristic only
0x0211cd38,sub_0211cd38,function,candidate,analysis/functions/summary.json,ARM prologue heuristic only
0x0211cd9c,sub_0211cd9c,function,candidate,analysis/functions/summary.json,ARM prologue heuristic only
0x0211ce2c,sub_0211ce2c,function,candidate,analysis/functions/summary.json,ARM prologue heuristic only
0x0211ce64,sub_0211ce64,function,candidate,analysis/functions/summary.json,ARM prologue heuristic only
0x0211cf28,sub_0211cf28,function,candidate,analysis/functions/summary.json,ARM prologue heuristic only
0x0211cf64,sub_0211cf64,function,candidate,analysis/functions/summary.json,ARM prologue heuristic only
0x0211d16c,sub_0211d16c,function,candidate,analysis/functions/summary.json,ARM prologue heuristic only
0x0211d240,sub_0211d240,function,candidate,analysis/functions/summary.json,ARM prologue heuristic only
0x0211d2d8,sub_0211d2d8,function,candidate,analysis/functions/summary.json,ARM prologue heuristic only
0x0211d348,sub_0211d348,function,candidate,analysis/functions/summary.json,ARM prologue heuristic only
0x0211d388,sub_0211d388,function,candidate,analysis/functions/summary.json,ARM prologue heuristic only
0x0211d428,sub_0211d428,function,candidate,analysis/functions/summary.json,ARM prologue heuristic only
0x0211d798,sub_0211d798,function,candidate,analysis/functions/summary.json,ARM prologue heuristic only
0x0211d924,sub_0211d924,function,candidate,analysis/functions/summary.json,ARM prologue heuristic only
0x0211d958,sub_0211d958,function,candidate,analysis/functions/summary.json,ARM prologue heuristic only
0x0211da1c,sub_0211da1c,function,candidate,analysis/functions/summary.json,ARM prologue heuristic only
0x0211db24,sub_0211db24,function,candidate,analysis/functions/summary.json,ARM prologue heuristic only
0x0211de74,sub_0211de74,function,candidate,analysis/functions/summary.json,ARM prologue heuristic only
0x0211decc,sub_0211decc,function,candidate,analysis/functions/summary.json,ARM prologue heuristic only
0x0211dfc8,sub_0211dfc8,function,candidate,analysis/functions/summary.json,ARM prologue heuristic only
0x0211e064,sub_0211e064,function,candidate,analysis/functions/summary.json,ARM prologue heuristic only
0x0211e340,sub_0211e340,function,candidate,analysis/functions/summary.json,ARM prologue heuristic only
0x0211e3dc,sub_0211e3dc,function,candidate,analysis/functions/summary.json,ARM prologue heuristic only
0x0211e440,sub_0211e440,function,candidate,analysis/functions/summary.json,ARM prologue heuristic only
0x0211e578,sub_0211e578,function,candidate,analysis/functions/summary.json,ARM prologue heuristic only
0x0211e60c,sub_0211e60c,function,candidate,analysis/functions/summary.json,ARM prologue heuristic only
0x0211e6ac,sub_0211e6ac,function,candidate,analysis/functions/summary.json,ARM prologue heuristic only
0x0211e798,sub_0211e798,function,candidate,analysis/functions/summary.json,ARM prologue heuristic only
0x0211e848,sub_0211e848,function,candidate,analysis/functions/summary.json,ARM prologue heuristic only
0x0211e894,sub_0211e894,function,candidate,analysis/functions/summary.json,ARM prologue heuristic only
0x0211e8e0,sub_0211e8e0,function,candidate,analysis/functions/summary.json,ARM prologue heuristic only
0x0211e9e8,sub_0211e9e8,function,candidate,analysis/functions/summary.json,ARM prologue heuristic only
0x0211ea68,sub_0211ea68,function,candidate,analysis/functions/summary.json,ARM prologue heuristic only
0x0211ef58,sub_0211ef58,function,candidate,analysis/functions/summary.json,ARM prologue heuristic only
0x0211f100,sub_0211f100,function,candidate,analysis/functions/summary.json,ARM prologue heuristic only
0x0211f208,sub_0211f208,function,candidate,analysis/functions/summary.json,ARM prologue heuristic only
0x0211f278,sub_0211f278,function,candidate,analysis/functions/summary.json,ARM prologue heuristic only
0x0211f498,sub_0211f498,function,candidate,analysis/functions/summary.json,ARM prologue heuristic only
0x0211f54c,sub_0211f54c,function,candidate,analysis/functions/summary.json,ARM prologue heuristic only
0x0211f598,sub_0211f598,function,candidate,analysis/functions/summary.json,ARM prologue heuristic only
0x0211f608,sub_0211f608,function,candidate,analysis/functions/summary.json,ARM prologue heuristic only
0x0211f6d0,sub_0211f6d0,function,candidate,analysis/functions/summary.json,ARM prologue heuristic only
0x0211f76c,sub_0211f76c,function,candidate,analysis/functions/summary.json,ARM prologue heuristic only
0x0211f9ac,sub_0211f9ac,function,candidate,analysis/functions/summary.json,ARM prologue heuristic only
0x0211fa48,sub_0211fa48,function,candidate,analysis/functions/summary.json,ARM prologue heuristic only
0x0211faa8,sub_0211faa8,function,candidate,analysis/functions/summary.json,ARM prologue heuristic only
0x0211fc74,sub_0211fc74,function,candidate,analysis/functions/summary.json,ARM prologue heuristic only
0x0211fcb0,sub_0211fcb0,function,candidate,analysis/functions/summary.json,ARM prologue heuristic only
0x0211fd8c,sub_0211fd8c,function,candidate,analysis/functions/summary.json,ARM prologue heuristic only
0x0211fe68,sub_0211fe68,function,candidate,analysis/functions/summary.json,ARM prologue heuristic only
0x0211ff4c,sub_0211ff4c,function,candidate,analysis/functions/summary.json,ARM prologue heuristic only
0x0211ff64,sub_0211ff64,function,candidate,analysis/functions/summary.json,ARM prologue heuristic only
0x02120194,sub_02120194,function,candidate,analysis/functions/summary.json,ARM prologue heuristic only
0x02120398,sub_02120398,function,candidate,analysis/functions/summary.json,ARM prologue heuristic only
0x02120404,sub_02120404,function,candidate,analysis/functions/summary.json,ARM prologue heuristic only
0x02120430,sub_02120430,function,candidate,analysis/functions/summary.json,ARM prologue heuristic only
0x021206b0,sub_021206b0,function,candidate,analysis/functions/summary.json,ARM prologue heuristic only
0x02120850,sub_02120850,function,candidate,analysis/functions/summary.json,ARM prologue heuristic only
0x02120980,sub_02120980,function,candidate,analysis/functions/summary.json,ARM prologue heuristic only
0x021209f0,sub_021209f0,function,candidate,analysis/functions/summary.json,ARM prologue heuristic only
0x02120c50,sub_02120c50,function,candidate,analysis/functions/summary.json,ARM prologue heuristic only
0x02120da8,sub_02120da8,function,candidate,analysis/functions/summary.json,ARM prologue heuristic only
0x02120f3c,sub_02120f3c,function,candidate,analysis/functions/summary.json,ARM prologue heuristic only
0x021211fc,sub_021211fc,function,candidate,analysis/functions/summary.json,ARM prologue heuristic only
0x0212122c,sub_0212122c,function,candidate,analysis/functions/summary.json,ARM prologue heuristic only
0x021212b4,sub_021212b4,function,candidate,analysis/functions/summary.json,ARM prologue heuristic only
0x02121324,sub_02121324,function,candidate,analysis/functions/summary.json,ARM prologue heuristic only
0x021213f0,sub_021213f0,function,candidate,analysis/functions/summary.json,ARM prologue heuristic only
0x02121444,sub_02121444,function,candidate,analysis/functions/summary.json,ARM prologue heuristic only
0x0212151c,sub_0212151c,function,candidate,analysis/functions/summary.json,ARM prologue heuristic only
0x0212156c,sub_0212156c,function,candidate,analysis/functions/summary.json,ARM prologue heuristic only
0x021216b0,sub_021216b0,function,candidate,analysis/functions/summary.json,ARM prologue heuristic only
0x0212172c,sub_0212172c,function,candidate,analysis/functions/summary.json,ARM prologue heuristic only
0x02121860,sub_02121860,function,candidate,analysis/functions/summary.json,ARM prologue heuristic only
0x021218e0,sub_021218e0,function,candidate,analysis/functions/summary.json,ARM prologue heuristic only
0x02121918,sub_02121918,function,candidate,analysis/functions/summary.json,ARM prologue heuristic only
0x02121948,sub_02121948,function,candidate,analysis/functions/summary.json,ARM prologue heuristic only
0x02121a74,sub_02121a74,function,candidate,analysis/functions/summary.json,ARM prologue heuristic only
0x02121e90,sub_02121e90,function,candidate,analysis/functions/summary.json,ARM prologue heuristic only
0x02121ed8,sub_02121ed8,function,candidate,analysis/functions/summary.json,ARM prologue heuristic only
0x02121f90,sub_02121f90,function,candidate,analysis/functions/summary.json,ARM prologue heuristic only
0x0212203c,sub_0212203c,function,candidate,analysis/functions/summary.json,ARM prologue heuristic only
0x02122080,sub_02122080,function,candidate,analysis/functions/summary.json,ARM prologue heuristic only
0x021220c8,sub_021220c8,function,candidate,analysis/functions/summary.json,ARM prologue heuristic only
0x02122750,sub_02122750,function,candidate,analysis/functions/summary.json,ARM prologue heuristic only
0x021227a4,sub_021227a4,function,candidate,analysis/functions/summary.json,ARM prologue heuristic only
0x0212285c,sub_0212285c,function,candidate,analysis/functions/summary.json,ARM prologue heuristic only
0x021228c4,sub_021228c4,function,candidate,analysis/functions/summary.json,ARM prologue heuristic only
0x021228f4,sub_021228f4,function,candidate,analysis/functions/summary.json,ARM prologue heuristic only
0x02122968,sub_02122968,function,candidate,analysis/functions/summary.json,ARM prologue heuristic only
0x021229fc,sub_021229fc,function,candidate,analysis/functions/summary.json,ARM prologue heuristic only
0x02122a2c,sub_02122a2c,function,candidate,analysis/functions/summary.json,ARM prologue heuristic only
0x02122ac8,sub_02122ac8,function,candidate,analysis/functions/summary.json,ARM prologue heuristic only
0x02122b2c,sub_02122b2c,function,candidate,analysis/functions/summary.json,ARM prologue heuristic only
0x02122b6c,sub_02122b6c,function,candidate,analysis/functions/summary.json,ARM prologue heuristic only
0x02122c14,sub_02122c14,function,candidate,analysis/functions/summary.json,ARM prologue heuristic only
0x02122cb4,sub_02122cb4,function,candidate,analysis/functions/summary.json,ARM prologue heuristic only
0x02122ce8,sub_02122ce8,function,candidate,analysis/functions/summary.json,ARM prologue heuristic only
0x02122d94,sub_02122d94,function,candidate,analysis/functions/summary.json,ARM prologue heuristic only
0x02122e0c,sub_02122e0c,function,candidate,analysis/functions/summary.json,ARM prologue heuristic only
0x02122f8c,sub_02122f8c,function,candidate,analysis/functions/summary.json,ARM prologue heuristic only
0x0212316c,sub_0212316c,function,candidate,analysis/functions/summary.json,ARM prologue heuristic only
0x02123300,sub_02123300,function,candidate,analysis/functions/summary.json,ARM prologue heuristic only
0x0212344c,sub_0212344c,function,candidate,analysis/functions/summary.json,ARM prologue heuristic only
0x02123574,sub_02123574,function,candidate,analysis/functions/summary.json,ARM prologue heuristic only
0x02123780,sub_02123780,function,candidate,analysis/functions/summary.json,ARM prologue heuristic only
0x02123820,sub_02123820,function,candidate,analysis/functions/summary.json,ARM prologue heuristic only
0x02123938,sub_02123938,function,candidate,analysis/functions/summary.json,ARM prologue heuristic only
0x02123990,sub_02123990,function,candidate,analysis/functions/summary.json,ARM prologue heuristic only
0x02123b94,sub_02123b94,function,candidate,analysis/functions/summary.json,ARM prologue heuristic only
0x02123c84,sub_02123c84,function,candidate,analysis/functions/summary.json,ARM prologue heuristic only
0x02123ca4,sub_02123ca4,function,candidate,analysis/functions/summary.json,ARM prologue heuristic only
0x02123e1c,sub_02123e1c,function,candidate,analysis/functions/summary.json,ARM prologue heuristic only
0x02123ec0,sub_02123ec0,function,candidate,analysis/functions/summary.json,ARM prologue heuristic only
0x021240c4,sub_021240c4,function,candidate,analysis/functions/summary.json,ARM prologue heuristic only
0x021241e0,sub_021241e0,function,candidate,analysis/functions/summary.json,ARM prologue heuristic only
0x021243f0,sub_021243f0,function,candidate,analysis/functions/summary.json,ARM prologue heuristic only
0x02124420,sub_02124420,function,candidate,analysis/functions/summary.json,ARM prologue heuristic only
0x021244cc,sub_021244cc,function,candidate,analysis/functions/summary.json,ARM prologue heuristic only
0x021245ec,sub_021245ec,function,candidate,analysis/functions/summary.json,ARM prologue heuristic only
0x021247a4,sub_021247a4,function,candidate,analysis/functions/summary.json,ARM prologue heuristic only
0x02124834,sub_02124834,function,candidate,analysis/functions/summary.json,ARM prologue heuristic only
0x02124878,sub_02124878,function,candidate,analysis/functions/summary.json,ARM prologue heuristic only
0x021248cc,sub_021248cc,function,candidate,analysis/functions/summary.json,ARM prologue heuristic only
0x02124964,sub_02124964,function,candidate,analysis/functions/summary.json,ARM prologue heuristic only
0x021249d8,sub_021249d8,function,candidate,analysis/functions/summary.json,ARM prologue heuristic only
0x02124a1c,sub_02124a1c,function,candidate,analysis/functions/summary.json,ARM prologue heuristic only
0x02124a78,sub_02124a78,function,candidate,analysis/functions/summary.json,ARM prologue heuristic only
0x02124af0,sub_02124af0,function,candidate,analysis/functions/summary.json,ARM prologue heuristic only
0x02124dac,sub_02124dac,function,candidate,analysis/functions/summary.json,ARM prologue heuristic only
0x02125090,sub_02125090,function,candidate,analysis/functions/summary.json,ARM prologue heuristic only
0x02125108,sub_02125108,function,candidate,analysis/functions/summary.json,ARM prologue heuristic only
0x0212536c,sub_0212536c,function,candidate,analysis/functions/summary.json,ARM prologue heuristic only
0x02125434,sub_02125434,function,candidate,analysis/functions/summary.json,ARM prologue heuristic only
0x02125544,sub_02125544,function,candidate,analysis/functions/summary.json,ARM prologue heuristic only
0x02125660,sub_02125660,function,candidate,analysis/functions/summary.json,ARM prologue heuristic only
0x0212598c,sub_0212598c,function,candidate,analysis/functions/summary.json,ARM prologue heuristic only
0x021259e0,sub_021259e0,function,candidate,analysis/functions/summary.json,ARM prologue heuristic only
0x02125a38,sub_02125a38,function,candidate,analysis/functions/summary.json,ARM prologue heuristic only
0x02125ab4,sub_02125ab4,function,candidate,analysis/functions/summary.json,ARM prologue heuristic only
0x02125b0c,sub_02125b0c,function,candidate,analysis/functions/summary.json,ARM prologue heuristic only
0x02125b98,sub_02125b98,function,candidate,analysis/functions/summary.json,ARM prologue heuristic only
0x02125c64,sub_02125c64,function,candidate,analysis/functions/summary.json,ARM prologue heuristic only
0x02125c94,sub_02125c94,function,candidate,analysis/functions/summary.json,ARM prologue heuristic only
0x02125d00,sub_02125d00,function,candidate,analysis/functions/summary.json,ARM prologue heuristic only
0x02125d50,sub_02125d50,function,candidate,analysis/functions/summary.json,ARM prologue heuristic only
0x02125e0c,sub_02125e0c,function,candidate,analysis/functions/summary.json,ARM prologue heuristic only
0x02125e4c,sub_02125e4c,function,candidate,analysis/functions/summary.json,ARM prologue heuristic only
0x02125e80,sub_02125e80,function,candidate,analysis/functions/summary.json,ARM prologue heuristic only
0x02125ef0,sub_02125ef0,function,candidate,analysis/functions/summary.json,ARM prologue heuristic only
0x02125f34,sub_02125f34,function,candidate,analysis/functions/summary.json,ARM prologue heuristic only
0x02125f94,sub_02125f94,function,candidate,analysis/functions/summary.json,ARM prologue heuristic only
0x02125fb4,sub_02125fb4,function,candidate,analysis/functions/summary.json,ARM prologue heuristic only
0x0212613c,sub_0212613c,function,candidate,analysis/functions/summary.json,ARM prologue heuristic only
0x021261e0,sub_021261e0,function,candidate,analysis/functions/summary.json,ARM prologue heuristic only
0x02126244,sub_02126244,function,candidate,analysis/functions/summary.json,ARM prologue heuristic only
0x02126288,sub_02126288,function,candidate,analysis/functions/summary.json,ARM prologue heuristic only
0x02126308,sub_02126308,function,candidate,analysis/functions/summary.json,ARM prologue heuristic only
0x0212633c,sub_0212633c,function,candidate,analysis/functions/summary.json,ARM prologue heuristic only
0x02126404,sub_02126404,function,candidate,analysis/functions/summary.json,ARM prologue heuristic only
0x02126458,sub_02126458,function,candidate,analysis/functions/summary.json,ARM prologue heuristic only
0x021264a8,sub_021264a8,function,candidate,analysis/functions/summary.json,ARM prologue heuristic only
0x0212650c,sub_0212650c,function,candidate,analysis/functions/summary.json,ARM prologue heuristic only
0x02126598,sub_02126598,function,candidate,analysis/functions/summary.json,ARM prologue heuristic only
0x02126600,sub_02126600,function,candidate,analysis/functions/summary.json,ARM prologue heuristic only
0x02126628,sub_02126628,function,candidate,analysis/functions/summary.json,ARM prologue heuristic only
0x021266a4,sub_021266a4,function,candidate,analysis/functions/summary.json,ARM prologue heuristic only
0x0212676c,sub_0212676c,function,candidate,analysis/functions/summary.json,ARM prologue heuristic only
0x021267e0,sub_021267e0,function,candidate,analysis/functions/summary.json,ARM prologue heuristic only
0x02126960,sub_02126960,function,candidate,analysis/functions/summary.json,ARM prologue heuristic only
0x02126a14,sub_02126a14,function,candidate,analysis/functions/summary.json,ARM prologue heuristic only
0x02126ac4,sub_02126ac4,function,candidate,analysis/functions/summary.json,ARM prologue heuristic only
0x02126bb4,sub_02126bb4,function,candidate,analysis/functions/summary.json,ARM prologue heuristic only
0x02126bf8,sub_02126bf8,function,candidate,analysis/functions/summary.json,ARM prologue heuristic only
0x02126c28,sub_02126c28,function,candidate,analysis/functions/summary.json,ARM prologue heuristic only
0x02126c64,sub_02126c64,function,candidate,analysis/functions/summary.json,ARM prologue heuristic only
0x02126cac,sub_02126cac,function,candidate,analysis/functions/summary.json,ARM prologue heuristic only
0x02126d08,sub_02126d08,function,candidate,analysis/functions/summary.json,ARM prologue heuristic only
0x02126da0,sub_02126da0,function,candidate,analysis/functions/summary.json,ARM prologue heuristic only
0x02126de4,sub_02126de4,function,candidate,analysis/functions/summary.json,ARM prologue heuristic only
0x02126e18,sub_02126e18,function,candidate,analysis/functions/summary.json,ARM prologue heuristic only
0x02126e44,sub_02126e44,function,candidate,analysis/functions/summary.json,ARM prologue heuristic only
0x02126efc,sub_02126efc,function,candidate,analysis/functions/summary.json,ARM prologue heuristic only
0x02126fc8,sub_02126fc8,function,candidate,analysis/functions/summary.json,ARM prologue heuristic only
0x02127018,sub_02127018,function,candidate,analysis/functions/summary.json,ARM prologue heuristic only
0x021271d8,sub_021271d8,function,candidate,analysis/functions/summary.json,ARM prologue heuristic only
0x02127304,sub_02127304,function,candidate,analysis/functions/summary.json,ARM prologue heuristic only
0x02127424,sub_02127424,function,candidate,analysis/functions/summary.json,ARM prologue heuristic only
0x021275d8,sub_021275d8,function,candidate,analysis/functions/summary.json,ARM prologue heuristic only
0x02127714,sub_02127714,function,candidate,analysis/functions/summary.json,ARM prologue heuristic only
0x0212773c,sub_0212773c,function,candidate,analysis/functions/summary.json,ARM prologue heuristic only
0x0212782c,sub_0212782c,function,candidate,analysis/functions/summary.json,ARM prologue heuristic only
0x02127868,sub_02127868,function,candidate,analysis/functions/summary.json,ARM prologue heuristic only
0x02127880,sub_02127880,function,candidate,analysis/functions/summary.json,ARM prologue heuristic only
0x021278a0,sub_021278a0,function,candidate,analysis/functions/summary.json,ARM prologue heuristic only
0x021278c0,sub_021278c0,function,candidate,analysis/functions/summary.json,ARM prologue heuristic only
0x02127c3c,sub_02127c3c,function,candidate,analysis/functions/summary.json,ARM prologue heuristic only
0x02127c60,sub_02127c60,function,candidate,analysis/functions/summary.json,ARM prologue heuristic only
0x02127d28,sub_02127d28,function,candidate,analysis/functions/summary.json,ARM prologue heuristic only
0x02127d58,sub_02127d58,function,candidate,analysis/functions/summary.json,ARM prologue heuristic only
0x02127d7c,sub_02127d7c,function,candidate,analysis/functions/summary.json,ARM prologue heuristic only
0x02127e10,sub_02127e10,function,candidate,analysis/functions/summary.json,ARM prologue heuristic only
0x02127ebc,sub_02127ebc,function,candidate,analysis/functions/summary.json,ARM prologue heuristic only
0x02127f30,sub_02127f30,function,candidate,analysis/functions/summary.json,ARM prologue heuristic only
0x02127fc4,sub_02127fc4,function,candidate,analysis/functions/summary.json,ARM prologue heuristic only
0x021280d8,sub_021280d8,function,candidate,analysis/functions/summary.json,ARM prologue heuristic only
0x02128210,sub_02128210,function,candidate,analysis/functions/summary.json,ARM prologue heuristic only
0x02128450,sub_02128450,function,candidate,analysis/functions/summary.json,ARM prologue heuristic only
0x021285e8,sub_021285e8,function,candidate,analysis/functions/summary.json,ARM prologue heuristic only
0x021287f8,sub_021287f8,function,candidate,analysis/functions/summary.json,ARM prologue heuristic only
0x02128848,sub_02128848,function,candidate,analysis/functions/summary.json,ARM prologue heuristic only
0x021288c8,sub_021288c8,function,candidate,analysis/functions/summary.json,ARM prologue heuristic only
0x02128a64,sub_02128a64,function,candidate,analysis/functions/summary.json,ARM prologue heuristic only
0x02128c80,sub_02128c80,function,candidate,analysis/functions/summary.json,ARM prologue heuristic only
0x02128dd0,sub_02128dd0,function,candidate,analysis/functions/summary.json,ARM prologue heuristic only
0x02128e58,sub_02128e58,function,candidate,analysis/functions/summary.json,ARM prologue heuristic only
0x02128f08,sub_02128f08,function,candidate,analysis/functions/summary.json,ARM prologue heuristic only
0x02128f64,sub_02128f64,function,candidate,analysis/functions/summary.json,ARM prologue heuristic only
0x02128fc0,sub_02128fc0,function,candidate,analysis/functions/summary.json,ARM prologue heuristic only
0x021292b8,sub_021292b8,function,candidate,analysis/functions/summary.json,ARM prologue heuristic only
0x0212936c,sub_0212936c,function,candidate,analysis/functions/summary.json,ARM prologue heuristic only
0x021294d4,sub_021294d4,function,candidate,analysis/functions/summary.json,ARM prologue heuristic only
0x021295f8,sub_021295f8,function,candidate,analysis/functions/summary.json,ARM prologue heuristic only
0x021296d8,sub_021296d8,function,candidate,analysis/functions/summary.json,ARM prologue heuristic only
0x0212982c,sub_0212982c,function,candidate,analysis/functions/summary.json,ARM prologue heuristic only
0x02129908,sub_02129908,function,candidate,analysis/functions/summary.json,ARM prologue heuristic only
0x02129a60,sub_02129a60,function,candidate,analysis/functions/summary.json,ARM prologue heuristic only
0x02129ae8,sub_02129ae8,function,candidate,analysis/functions/summary.json,ARM prologue heuristic only
0x02129bdc,sub_02129bdc,function,candidate,analysis/functions/summary.json,ARM prologue heuristic only
0x02129c58,sub_02129c58,function,candidate,analysis/functions/summary.json,ARM prologue heuristic only
0x02129d00,sub_02129d00,function,candidate,analysis/functions/summary.json,ARM prologue heuristic only
0x02129d60,sub_02129d60,function,candidate,analysis/functions/summary.json,ARM prologue heuristic only
0x02129df8,sub_02129df8,function,candidate,analysis/functions/summary.json,ARM prologue heuristic only
0x02129efc,sub_02129efc,function,candidate,analysis/functions/summary.json,ARM prologue heuristic only
0x02129f6c,sub_02129f6c,function,candidate,analysis/functions/summary.json,ARM prologue heuristic only
0x02129fc0,sub_02129fc0,function,candidate,analysis/functions/summary.json,ARM prologue heuristic only
0x0212a114,sub_0212a114,function,candidate,analysis/functions/summary.json,ARM prologue heuristic only
0x0212a1a0,sub_0212a1a0,function,candidate,analysis/functions/summary.json,ARM prologue heuristic only
0x0212a1e4,sub_0212a1e4,function,candidate,analysis/functions/summary.json,ARM prologue heuristic only
0x0212a23c,sub_0212a23c,function,candidate,analysis/functions/summary.json,ARM prologue heuristic only
0x0212a274,sub_0212a274,function,candidate,analysis/functions/summary.json,ARM prologue heuristic only
0x0212a2ac,sub_0212a2ac,function,candidate,analysis/functions/summary.json,ARM prologue heuristic only
0x0212a36c,sub_0212a36c,function,candidate,analysis/functions/summary.json,ARM prologue heuristic only
0x0212a654,sub_0212a654,function,candidate,analysis/functions/summary.json,ARM prologue heuristic only
0x0212a6c4,sub_0212a6c4,function,candidate,analysis/functions/summary.json,ARM prologue heuristic only
0x0212a70c,sub_0212a70c,function,candidate,analysis/functions/summary.json,ARM prologue heuristic only
0x0212a888,sub_0212a888,function,candidate,analysis/functions/summary.json,ARM prologue heuristic only
0x0212a8f0,sub_0212a8f0,function,candidate,analysis/functions/summary.json,ARM prologue heuristic only
0x0212a9cc,sub_0212a9cc,function,candidate,analysis/functions/summary.json,ARM prologue heuristic only
0x0212a9f4,sub_0212a9f4,function,candidate,analysis/functions/summary.json,ARM prologue heuristic only
0x0212aa1c,sub_0212aa1c,function,candidate,analysis/functions/summary.json,ARM prologue heuristic only
0x0212ab98,sub_0212ab98,function,candidate,analysis/functions/summary.json,ARM prologue heuristic only
0x0212ac64,sub_0212ac64,function,candidate,analysis/functions/summary.json,ARM prologue heuristic only
0x0212b0bc,sub_0212b0bc,function,candidate,analysis/functions/summary.json,ARM prologue heuristic only
0x0212b13c,sub_0212b13c,function,candidate,analysis/functions/summary.json,ARM prologue heuristic only
0x0212b210,sub_0212b210,function,candidate,analysis/functions/summary.json,ARM prologue heuristic only
0x0212b27c,sub_0212b27c,function,candidate,analysis/functions/summary.json,ARM prologue heuristic only
0x0212b6ac,sub_0212b6ac,function,candidate,analysis/functions/summary.json,ARM prologue heuristic only
0x0212b9b4,sub_0212b9b4,function,candidate,analysis/functions/summary.json,ARM prologue heuristic only
0x0212bd18,sub_0212bd18,function,candidate,analysis/functions/summary.json,ARM prologue heuristic only
0x0212c474,sub_0212c474,function,candidate,analysis/functions/summary.json,ARM prologue heuristic only
0x0212c550,sub_0212c550,function,candidate,analysis/functions/summary.json,ARM prologue heuristic only
0x0212c5c0,sub_0212c5c0,function,candidate,analysis/functions/summary.json,ARM prologue heuristic only
0x0212c8d4,sub_0212c8d4,function,candidate,analysis/functions/summary.json,ARM prologue heuristic only
0x0212cc54,sub_0212cc54,function,candidate,analysis/functions/summary.json,ARM prologue heuristic only
0x0212ccd4,sub_0212ccd4,function,candidate,analysis/functions/summary.json,ARM prologue heuristic only
0x0212cd88,sub_0212cd88,function,candidate,analysis/functions/summary.json,ARM prologue heuristic only
0x0212ce6c,sub_0212ce6c,function,candidate,analysis/functions/summary.json,ARM prologue heuristic only
0x0212cef8,sub_0212cef8,function,candidate,analysis/functions/summary.json,ARM prologue heuristic only
0x0212cf20,sub_0212cf20,function,candidate,analysis/functions/summary.json,ARM prologue heuristic only
0x0212d0ac,sub_0212d0ac,function,candidate,analysis/functions/summary.json,ARM prologue heuristic only
0x0212d168,sub_0212d168,function,candidate,analysis/functions/summary.json,ARM prologue heuristic only
0x0212d22c,sub_0212d22c,function,candidate,analysis/functions/summary.json,ARM prologue heuristic only
0x0212d37c,sub_0212d37c,function,candidate,analysis/functions/summary.json,ARM prologue heuristic only
0x0212d484,sub_0212d484,function,candidate,analysis/functions/summary.json,ARM prologue heuristic only
0x0212d554,sub_0212d554,function,candidate,analysis/functions/summary.json,ARM prologue heuristic only
0x0212d618,sub_0212d618,function,candidate,analysis/functions/summary.json,ARM prologue heuristic only
0x0212d6f8,sub_0212d6f8,function,candidate,analysis/functions/summary.json,ARM prologue heuristic only
0x0212d818,sub_0212d818,function,candidate,analysis/functions/summary.json,ARM prologue heuristic only
0x0212d960,sub_0212d960,function,candidate,analysis/functions/summary.json,ARM prologue heuristic only
0x0212da8c,sub_0212da8c,function,candidate,analysis/functions/summary.json,ARM prologue heuristic only
0x0212de74,sub_0212de74,function,candidate,analysis/functions/summary.json,ARM prologue heuristic only
0x0212df7c,sub_0212df7c,function,candidate,analysis/functions/summary.json,ARM prologue heuristic only
0x0212e064,sub_0212e064,function,candidate,analysis/functions/summary.json,ARM prologue heuristic only
0x0212e12c,sub_0212e12c,function,candidate,analysis/functions/summary.json,ARM prologue heuristic only
0x0212e224,sub_0212e224,function,candidate,analysis/functions/summary.json,ARM prologue heuristic only
0x0212e370,sub_0212e370,function,candidate,analysis/functions/summary.json,ARM prologue heuristic only
0x0212e4b8,sub_0212e4b8,function,candidate,analysis/functions/summary.json,ARM prologue heuristic only
0x0212e60c,sub_0212e60c,function,candidate,analysis/functions/summary.json,ARM prologue heuristic only
0x0212e6ec,sub_0212e6ec,function,candidate,analysis/functions/summary.json,ARM prologue heuristic only
0x0212e770,sub_0212e770,function,candidate,analysis/functions/summary.json,ARM prologue heuristic only
0x0212e7c4,sub_0212e7c4,function,candidate,analysis/functions/summary.json,ARM prologue heuristic only
0x0212e890,sub_0212e890,function,candidate,analysis/functions/summary.json,ARM prologue heuristic only
0x0212e998,sub_0212e998,function,candidate,analysis/functions/summary.json,ARM prologue heuristic only
0x0212eb20,sub_0212eb20,function,candidate,analysis/functions/summary.json,ARM prologue heuristic only
0x0212eba8,sub_0212eba8,function,candidate,analysis/functions/summary.json,ARM prologue heuristic only
0x0212ebe4,sub_0212ebe4,function,candidate,analysis/functions/summary.json,ARM prologue heuristic only
0x0212ec28,sub_0212ec28,function,candidate,analysis/functions/summary.json,ARM prologue heuristic only
0x0212ec70,sub_0212ec70,function,candidate,analysis/functions/summary.json,ARM prologue heuristic only
0x0212ed78,sub_0212ed78,function,candidate,analysis/functions/summary.json,ARM prologue heuristic only
0x0212ee70,sub_0212ee70,function,candidate,analysis/functions/summary.json,ARM prologue heuristic only
0x0212ee90,sub_0212ee90,function,candidate,analysis/functions/summary.json,ARM prologue heuristic only
0x0212eeb0,sub_0212eeb0,function,candidate,analysis/functions/summary.json,ARM prologue heuristic only
0x0212ef20,sub_0212ef20,function,candidate,analysis/functions/summary.json,ARM prologue heuristic only
0x0212efd4,sub_0212efd4,function,candidate,analysis/functions/summary.json,ARM prologue heuristic only
0x0212f138,sub_0212f138,function,candidate,analysis/functions/summary.json,ARM prologue heuristic only
0x0212f1dc,sub_0212f1dc,function,candidate,analysis/functions/summary.json,ARM prologue heuristic only
0x0212f22c,sub_0212f22c,function,candidate,analysis/functions/summary.json,ARM prologue heuristic only
0x0212f278,sub_0212f278,function,candidate,analysis/functions/summary.json,ARM prologue heuristic only
0x0212f2cc,sub_0212f2cc,function,candidate,analysis/functions/summary.json,ARM prologue heuristic only
0x0212f314,sub_0212f314,function,candidate,analysis/functions/summary.json,ARM prologue heuristic only
0x0212f364,sub_0212f364,function,candidate,analysis/functions/summary.json,ARM prologue heuristic only
0x0212f3b8,sub_0212f3b8,function,candidate,analysis/functions/summary.json,ARM prologue heuristic only
0x0212f3f0,sub_0212f3f0,function,candidate,analysis/functions/summary.json,ARM prologue heuristic only
0x0212f458,sub_0212f458,function,candidate,analysis/functions/summary.json,ARM prologue heuristic only
0x0212f4dc,sub_0212f4dc,function,candidate,analysis/functions/summary.json,ARM prologue heuristic only
0x0212f52c,sub_0212f52c,function,candidate,analysis/functions/summary.json,ARM prologue heuristic only
0x0212f58c,sub_0212f58c,function,candidate,analysis/functions/summary.json,ARM prologue heuristic only
0x0212f604,sub_0212f604,function,candidate,analysis/functions/summary.json,ARM prologue heuristic only
0x0212f664,sub_0212f664,function,candidate,analysis/functions/summary.json,ARM prologue heuristic only
0x0212f68c,sub_0212f68c,function,candidate,analysis/functions/summary.json,ARM prologue heuristic only
0x0212f82c,sub_0212f82c,function,candidate,analysis/functions/summary.json,ARM prologue heuristic only
0x0212f880,sub_0212f880,function,candidate,analysis/functions/summary.json,ARM prologue heuristic only
0x0212f89c,sub_0212f89c,function,candidate,analysis/functions/summary.json,ARM prologue heuristic only
0x0212f908,sub_0212f908,function,candidate,analysis/functions/summary.json,ARM prologue heuristic only
0x0212f938,sub_0212f938,function,candidate,analysis/functions/summary.json,ARM prologue heuristic only
0x0212f9ac,sub_0212f9ac,function,candidate,analysis/functions/summary.json,ARM prologue heuristic only
0x0212f9ec,sub_0212f9ec,function,candidate,analysis/functions/summary.json,ARM prologue heuristic only
0x0212fa9c,sub_0212fa9c,function,candidate,analysis/functions/summary.json,ARM prologue heuristic only
0x0212fae8,sub_0212fae8,function,candidate,analysis/functions/summary.json,ARM prologue heuristic only
0x0212fb70,sub_0212fb70,function,candidate,analysis/functions/summary.json,ARM prologue heuristic only
0x0212fbf8,sub_0212fbf8,function,candidate,analysis/functions/summary.json,ARM prologue heuristic only
0x0212fce8,sub_0212fce8,function,candidate,analysis/functions/summary.json,ARM prologue heuristic only
0x0212fd48,sub_0212fd48,function,candidate,analysis/functions/summary.json,ARM prologue heuristic only
0x0212fdcc,sub_0212fdcc,function,candidate,analysis/functions/summary.json,ARM prologue heuristic only
0x0212fe58,sub_0212fe58,function,candidate,analysis/functions/summary.json,ARM prologue heuristic only
0x02130030,sub_02130030,function,candidate,analysis/functions/summary.json,ARM prologue heuristic only
0x02130424,sub_02130424,function,candidate,analysis/functions/summary.json,ARM prologue heuristic only
0x02130524,sub_02130524,function,candidate,analysis/functions/summary.json,ARM prologue heuristic only
0x02130594,sub_02130594,function,candidate,analysis/functions/summary.json,ARM prologue heuristic only
0x021305ac,sub_021305ac,function,candidate,analysis/functions/summary.json,ARM prologue heuristic only
0x02130668,sub_02130668,function,candidate,analysis/functions/summary.json,ARM prologue heuristic only
0x021306d0,sub_021306d0,function,candidate,analysis/functions/summary.json,ARM prologue heuristic only
0x0213071c,sub_0213071c,function,candidate,analysis/functions/summary.json,ARM prologue heuristic only
0x0213080c,sub_0213080c,function,candidate,analysis/functions/summary.json,ARM prologue heuristic only
0x02130840,sub_02130840,function,candidate,analysis/functions/summary.json,ARM prologue heuristic only
0x0213087c,sub_0213087c,function,candidate,analysis/functions/summary.json,ARM prologue heuristic only
0x0213089c,sub_0213089c,function,candidate,analysis/functions/summary.json,ARM prologue heuristic only
0x021308c8,sub_021308c8,function,candidate,analysis/functions/summary.json,ARM prologue heuristic only
0x021308f4,sub_021308f4,function,candidate,analysis/functions/summary.json,ARM prologue heuristic only
0x02130978,sub_02130978,function,candidate,analysis/functions/summary.json,ARM prologue heuristic only
0x021309d8,sub_021309d8,function,candidate,analysis/functions/summary.json,ARM prologue heuristic only
0x02130b18,sub_02130b18,function,candidate,analysis/functions/summary.json,ARM prologue heuristic only
0x02130ba4,sub_02130ba4,function,candidate,analysis/functions/summary.json,ARM prologue heuristic only
0x02130c44,sub_02130c44,function,candidate,analysis/functions/summary.json,ARM prologue heuristic only
0x02130cb0,sub_02130cb0,function,candidate,analysis/functions/summary.json,ARM prologue heuristic only
0x02130d1c,sub_02130d1c,function,candidate,analysis/functions/summary.json,ARM prologue heuristic only
0x02130d88,sub_02130d88,function,candidate,analysis/functions/summary.json,ARM prologue heuristic only
0x02130df4,sub_02130df4,function,candidate,analysis/functions/summary.json,ARM prologue heuristic only
0x02130efc,sub_02130efc,function,candidate,analysis/functions/summary.json,ARM prologue heuristic only
0x02130f54,sub_02130f54,function,candidate,analysis/functions/summary.json,ARM prologue heuristic only
0x02130f7c,sub_02130f7c,function,candidate,analysis/functions/summary.json,ARM prologue heuristic only
0x02130fac,sub_02130fac,function,candidate,analysis/functions/summary.json,ARM prologue heuristic only
0x02130fdc,sub_02130fdc,function,candidate,analysis/functions/summary.json,ARM prologue heuristic only
0x02130ffc,sub_02130ffc,function,candidate,analysis/functions/summary.json,ARM prologue heuristic only
0x02131044,sub_02131044,function,candidate,analysis/functions/summary.json,ARM prologue heuristic only
0x0213110c,sub_0213110c,function,candidate,analysis/functions/summary.json,ARM prologue heuristic only
0x021311cc,sub_021311cc,function,candidate,analysis/functions/summary.json,ARM prologue heuristic only
0x02131268,sub_02131268,function,candidate,analysis/functions/summary.json,ARM prologue heuristic only
0x021312b0,sub_021312b0,function,candidate,analysis/functions/summary.json,ARM prologue heuristic only
0x02131330,sub_02131330,function,candidate,analysis/functions/summary.json,ARM prologue heuristic only
0x0213142c,sub_0213142c,function,candidate,analysis/functions/summary.json,ARM prologue heuristic only
0x021314f0,sub_021314f0,function,candidate,analysis/functions/summary.json,ARM prologue heuristic only
0x021315f4,sub_021315f4,function,candidate,analysis/functions/summary.json,ARM prologue heuristic only
0x021316bc,sub_021316bc,function,candidate,analysis/functions/summary.json,ARM prologue heuristic only
0x02131738,sub_02131738,function,candidate,analysis/functions/summary.json,ARM prologue heuristic only
0x02131760,sub_02131760,function,candidate,analysis/functions/summary.json,ARM prologue heuristic only
0x0213177c,sub_0213177c,function,candidate,analysis/functions/summary.json,ARM prologue heuristic only
0x021317d4,sub_021317d4,function,candidate,analysis/functions/summary.json,ARM prologue heuristic only
0x02131814,sub_02131814,function,candidate,analysis/functions/summary.json,ARM prologue heuristic only
0x02131850,sub_02131850,function,candidate,analysis/functions/summary.json,ARM prologue heuristic only
0x02131960,sub_02131960,function,candidate,analysis/functions/summary.json,ARM prologue heuristic only
0x02131a18,sub_02131a18,function,candidate,analysis/functions/summary.json,ARM prologue heuristic only
0x02131c88,sub_02131c88,function,candidate,analysis/functions/summary.json,ARM prologue heuristic only
0x02131ce0,sub_02131ce0,function,candidate,analysis/functions/summary.json,ARM prologue heuristic only
0x02131d78,sub_02131d78,function,candidate,analysis/functions/summary.json,ARM prologue heuristic only
0x02131ddc,sub_02131ddc,function,candidate,analysis/functions/summary.json,ARM prologue heuristic only
0x02131e14,sub_02131e14,function,candidate,analysis/functions/summary.json,ARM prologue heuristic only
0x02131e38,sub_02131e38,function,candidate,analysis/functions/summary.json,ARM prologue heuristic only
0x02131e98,sub_02131e98,function,candidate,analysis/functions/summary.json,ARM prologue heuristic only
0x02131f08,sub_02131f08,function,candidate,analysis/functions/summary.json,ARM prologue heuristic only
0x02131f58,sub_02131f58,function,candidate,analysis/functions/summary.json,ARM prologue heuristic only
0x02131f98,sub_02131f98,function,candidate,analysis/functions/summary.json,ARM prologue heuristic only
0x02131fc4,sub_02131fc4,function,candidate,analysis/functions/summary.json,ARM prologue heuristic only
0x02132060,sub_02132060,function,candidate,analysis/functions/summary.json,ARM prologue heuristic only
0x02132198,sub_02132198,function,candidate,analysis/functions/summary.json,ARM prologue heuristic only
0x021322dc,sub_021322dc,function,candidate,analysis/functions/summary.json,ARM prologue heuristic only
0x02132b04,sub_02132b04,function,candidate,analysis/functions/summary.json,ARM prologue heuristic only
0x02132b84,sub_02132b84,function,candidate,analysis/functions/summary.json,ARM prologue heuristic only
0x02132c08,sub_02132c08,function,candidate,analysis/functions/summary.json,ARM prologue heuristic only
0x02132c50,sub_02132c50,function,candidate,analysis/functions/summary.json,ARM prologue heuristic only
0x02132c7c,sub_02132c7c,function,candidate,analysis/functions/summary.json,ARM prologue heuristic only
0x02132c9c,sub_02132c9c,function,candidate,analysis/functions/summary.json,ARM prologue heuristic only
0x02132d44,sub_02132d44,function,candidate,analysis/functions/summary.json,ARM prologue heuristic only
0x02132d6c,sub_02132d6c,function,candidate,analysis/functions/summary.json,ARM prologue heuristic only
0x02132e40,sub_02132e40,function,candidate,analysis/functions/summary.json,ARM prologue heuristic only
0x02132f5c,sub_02132f5c,function,candidate,analysis/functions/summary.json,ARM prologue heuristic only
0x02132f90,sub_02132f90,function,candidate,analysis/functions/summary.json,ARM prologue heuristic only
0x0213331c,sub_0213331c,function,candidate,analysis/functions/summary.json,ARM prologue heuristic only
0x021335f0,sub_021335f0,function,candidate,analysis/functions/summary.json,ARM prologue heuristic only
0x02133758,sub_02133758,function,candidate,analysis/functions/summary.json,ARM prologue heuristic only
0x02133dbc,sub_02133dbc,function,candidate,analysis/functions/summary.json,ARM prologue heuristic only
0x02133f08,sub_02133f08,function,candidate,analysis/functions/summary.json,ARM prologue heuristic only
0x02134110,sub_02134110,function,candidate,analysis/functions/summary.json,ARM prologue heuristic only
0x0213424c,sub_0213424c,function,candidate,analysis/functions/summary.json,ARM prologue heuristic only
0x02134288,sub_02134288,function,candidate,analysis/functions/summary.json,ARM prologue heuristic only
0x0213436c,sub_0213436c,function,candidate,analysis/functions/summary.json,ARM prologue heuristic only
0x02134484,sub_02134484,function,candidate,analysis/functions/summary.json,ARM prologue heuristic only
0x02134630,sub_02134630,function,candidate,analysis/functions/summary.json,ARM prologue heuristic only
0x021347b0,sub_021347b0,function,candidate,analysis/functions/summary.json,ARM prologue heuristic only
0x02134834,sub_02134834,function,candidate,analysis/functions/summary.json,ARM prologue heuristic only
0x021349f8,sub_021349f8,function,candidate,analysis/functions/summary.json,ARM prologue heuristic only
0x02134c88,sub_02134c88,function,candidate,analysis/functions/summary.json,ARM prologue heuristic only
0x02134dd8,sub_02134dd8,function,candidate,analysis/functions/summary.json,ARM prologue heuristic only
0x02134ed8,sub_02134ed8,function,candidate,analysis/functions/summary.json,ARM prologue heuristic only
0x02134f84,sub_02134f84,function,candidate,analysis/functions/summary.json,ARM prologue heuristic only
0x0213515c,sub_0213515c,function,candidate,analysis/functions/summary.json,ARM prologue heuristic only
0x02135244,sub_02135244,function,candidate,analysis/functions/summary.json,ARM prologue heuristic only
0x02135378,sub_02135378,function,candidate,analysis/functions/summary.json,ARM prologue heuristic only
0x02135444,sub_02135444,function,candidate,analysis/functions/summary.json,ARM prologue heuristic only
0x021354ec,sub_021354ec,function,candidate,analysis/functions/summary.json,ARM prologue heuristic only
0x0213555c,sub_0213555c,function,candidate,analysis/functions/summary.json,ARM prologue heuristic only
0x021355dc,sub_021355dc,function,candidate,analysis/functions/summary.json,ARM prologue heuristic only
0x0213565c,sub_0213565c,function,candidate,analysis/functions/summary.json,ARM prologue heuristic only
0x02135750,sub_02135750,function,candidate,analysis/functions/summary.json,ARM prologue heuristic only
0x02135dec,sub_02135dec,function,candidate,analysis/functions/summary.json,ARM prologue heuristic only
0x02135f94,sub_02135f94,function,candidate,analysis/functions/summary.json,ARM prologue heuristic only
0x021360a0,sub_021360a0,function,candidate,analysis/functions/summary.json,ARM prologue heuristic only
0x0213610c,sub_0213610c,function,candidate,analysis/functions/summary.json,ARM prologue heuristic only
0x02136134,sub_02136134,function,candidate,analysis/functions/summary.json,ARM prologue heuristic only
0x021361cc,sub_021361cc,function,candidate,analysis/functions/summary.json,ARM prologue heuristic only
0x0213625c,sub_0213625c,function,candidate,analysis/functions/summary.json,ARM prologue heuristic only
0x0213628c,sub_0213628c,function,candidate,analysis/functions/summary.json,ARM prologue heuristic only
0x021362e4,sub_021362e4,function,candidate,analysis/functions/summary.json,ARM prologue heuristic only
0x02136488,sub_02136488,function,candidate,analysis/functions/summary.json,ARM prologue heuristic only
0x021364ec,sub_021364ec,function,candidate,analysis/functions/summary.json,ARM prologue heuristic only
0x02136540,sub_02136540,function,candidate,analysis/functions/summary.json,ARM prologue heuristic only
0x02136598,sub_02136598,function,candidate,analysis/functions/summary.json,ARM prologue heuristic only
0x021365f0,sub_021365f0,function,candidate,analysis/functions/summary.json,ARM prologue heuristic only
0x02136648,sub_02136648,function,candidate,analysis/functions/summary.json,ARM prologue heuristic only
0x0213669c,sub_0213669c,function,candidate,analysis/functions/summary.json,ARM prologue heuristic only
0x021366f4,sub_021366f4,function,candidate,analysis/functions/summary.json,ARM prologue heuristic only
0x0213674c,sub_0213674c,function,candidate,analysis/functions/summary.json,ARM prologue heuristic only
0x021367a4,sub_021367a4,function,candidate,analysis/functions/summary.json,ARM prologue heuristic only
0x02136804,sub_02136804,function,candidate,analysis/functions/summary.json,ARM prologue heuristic only
0x02136864,sub_02136864,function,candidate,analysis/functions/summary.json,ARM prologue heuristic only
0x021368c4,sub_021368c4,function,candidate,analysis/functions/summary.json,ARM prologue heuristic only
0x02136924,sub_02136924,function,candidate,analysis/functions/summary.json,ARM prologue heuristic only
0x02136984,sub_02136984,function,candidate,analysis/functions/summary.json,ARM prologue heuristic only
0x021369e4,sub_021369e4,function,candidate,analysis/functions/summary.json,ARM prologue heuristic only
0x02136a44,sub_02136a44,function,candidate,analysis/functions/summary.json,ARM prologue heuristic only
0x02136aa4,sub_02136aa4,function,candidate,analysis/functions/summary.json,ARM prologue heuristic only
0x02136b04,sub_02136b04,function,candidate,analysis/functions/summary.json,ARM prologue heuristic only
0x02136b64,sub_02136b64,function,candidate,analysis/functions/summary.json,ARM prologue heuristic only
0x02136bc4,sub_02136bc4,function,candidate,analysis/functions/summary.json,ARM prologue heuristic only
0x02136c24,sub_02136c24,function,candidate,analysis/functions/summary.json,ARM prologue heuristic only
0x02136c84,sub_02136c84,function,candidate,analysis/functions/summary.json,ARM prologue heuristic only
0x02136ce4,sub_02136ce4,function,candidate,analysis/functions/summary.json,ARM prologue heuristic only
0x02136d44,sub_02136d44,function,candidate,analysis/functions/summary.json,ARM prologue heuristic only
0x02136da4,sub_02136da4,function,candidate,analysis/functions/summary.json,ARM prologue heuristic only
0x02136e44,sub_02136e44,function,candidate,analysis/functions/summary.json,ARM prologue heuristic only
0x02136eb4,sub_02136eb4,function,candidate,analysis/functions/summary.json,ARM prologue heuristic only
0x02136efc,sub_02136efc,function,candidate,analysis/functions/summary.json,ARM prologue heuristic only
0x02136f44,sub_02136f44,function,candidate,analysis/functions/summary.json,ARM prologue heuristic only
0x02136fb0,sub_02136fb0,function,candidate,analysis/functions/summary.json,ARM prologue heuristic only
0x02136ff4,sub_02136ff4,function,candidate,analysis/functions/summary.json,ARM prologue heuristic only
0x0213700c,sub_0213700c,function,candidate,analysis/functions/summary.json,ARM prologue heuristic only
0x02137070,sub_02137070,function,candidate,analysis/functions/summary.json,ARM prologue heuristic only
0x021370b0,sub_021370b0,function,candidate,analysis/functions/summary.json,ARM prologue heuristic only
0x021370c8,sub_021370c8,function,candidate,analysis/functions/summary.json,ARM prologue heuristic only
0x0213712c,sub_0213712c,function,candidate,analysis/functions/summary.json,ARM prologue heuristic only
0x0213716c,sub_0213716c,function,candidate,analysis/functions/summary.json,ARM prologue heuristic only
0x021371c8,sub_021371c8,function,candidate,analysis/functions/summary.json,ARM prologue heuristic only
0x02137308,sub_02137308,function,candidate,analysis/functions/summary.json,ARM prologue heuristic only
0x02137354,sub_02137354,function,candidate,analysis/functions/summary.json,ARM prologue heuristic only
0x02137388,sub_02137388,function,candidate,analysis/functions/summary.json,ARM prologue heuristic only
0x021373f4,sub_021373f4,function,candidate,analysis/functions/summary.json,ARM prologue heuristic only
0x02137478,sub_02137478,function,candidate,analysis/functions/summary.json,ARM prologue heuristic only
0x021374f0,sub_021374f0,function,candidate,analysis/functions/summary.json,ARM prologue heuristic only
0x02137610,sub_02137610,function,candidate,analysis/functions/summary.json,ARM prologue heuristic only
0x02137724,sub_02137724,function,candidate,analysis/functions/summary.json,ARM prologue heuristic only
0x0213776c,sub_0213776c,function,candidate,analysis/functions/summary.json,ARM prologue heuristic only
0x021378a0,sub_021378a0,function,candidate,analysis/functions/summary.json,ARM prologue heuristic only
0x0213796c,sub_0213796c,function,candidate,analysis/functions/summary.json,ARM prologue heuristic only
0x021379c8,sub_021379c8,function,candidate,analysis/functions/summary.json,ARM prologue heuristic only
0x02137a4c,sub_02137a4c,function,candidate,analysis/functions/summary.json,ARM prologue heuristic only
0x02137c58,sub_02137c58,function,candidate,analysis/functions/summary.json,ARM prologue heuristic only
0x02137c98,sub_02137c98,function,candidate,analysis/functions/summary.json,ARM prologue heuristic only
0x02137e10,sub_02137e10,function,candidate,analysis/functions/summary.json,ARM prologue heuristic only
0x02137eb8,sub_02137eb8,function,candidate,analysis/functions/summary.json,ARM prologue heuristic only
0x02137f80,sub_02137f80,function,candidate,analysis/functions/summary.json,ARM prologue heuristic only
0x021380d8,sub_021380d8,function,candidate,analysis/functions/summary.json,ARM prologue heuristic only
0x021381d4,sub_021381d4,function,candidate,analysis/functions/summary.json,ARM prologue heuristic only
0x021381f4,sub_021381f4,function,candidate,analysis/functions/summary.json,ARM prologue heuristic only
0x02138250,sub_02138250,function,candidate,analysis/functions/summary.json,ARM prologue heuristic only
0x02138288,sub_02138288,function,candidate,analysis/functions/summary.json,ARM prologue heuristic only
0x021382e4,sub_021382e4,function,candidate,analysis/functions/summary.json,ARM prologue heuristic only
0x02138360,sub_02138360,function,candidate,analysis/functions/summary.json,ARM prologue heuristic only
0x02138384,sub_02138384,function,candidate,analysis/functions/summary.json,ARM prologue heuristic only
0x02138424,sub_02138424,function,candidate,analysis/functions/summary.json,ARM prologue heuristic only
0x0213843c,sub_0213843c,function,candidate,analysis/functions/summary.json,ARM prologue heuristic only
0x02138480,sub_02138480,function,candidate,analysis/functions/summary.json,ARM prologue heuristic only
0x021384c4,sub_021384c4,function,candidate,analysis/functions/summary.json,ARM prologue heuristic only
0x02138514,sub_02138514,function,candidate,analysis/functions/summary.json,ARM prologue heuristic only
0x0213857c,sub_0213857c,function,candidate,analysis/functions/summary.json,ARM prologue heuristic only
0x021385cc,sub_021385cc,function,candidate,analysis/functions/summary.json,ARM prologue heuristic only
0x021385e8,sub_021385e8,function,candidate,analysis/functions/summary.json,ARM prologue heuristic only
0x021386a0,sub_021386a0,function,candidate,analysis/functions/summary.json,ARM prologue heuristic only
0x02138750,sub_02138750,function,candidate,analysis/functions/summary.json,ARM prologue heuristic only
0x02138818,sub_02138818,function,candidate,analysis/functions/summary.json,ARM prologue heuristic only
0x02138840,sub_02138840,function,candidate,analysis/functions/summary.json,ARM prologue heuristic only
0x02138850,sub_02138850,function,candidate,analysis/functions/summary.json,ARM prologue heuristic only
0x02138884,sub_02138884,function,candidate,analysis/functions/summary.json,ARM prologue heuristic only
0x02138944,sub_02138944,function,candidate,analysis/functions/summary.json,ARM prologue heuristic only
0x02138990,sub_02138990,function,candidate,analysis/functions/summary.json,ARM prologue heuristic only
0x02138a1c,sub_02138a1c,function,candidate,analysis/functions/summary.json,ARM prologue heuristic only
0x02138ab0,sub_02138ab0,function,candidate,analysis/functions/summary.json,ARM prologue heuristic only
0x02138b54,sub_02138b54,function,candidate,analysis/functions/summary.json,ARM prologue heuristic only
0x02138bf0,sub_02138bf0,function,candidate,analysis/functions/summary.json,ARM prologue heuristic only
0x02138c84,sub_02138c84,function,candidate,analysis/functions/summary.json,ARM prologue heuristic only
0x02138d08,sub_02138d08,function,candidate,analysis/functions/summary.json,ARM prologue heuristic only
0x02138d64,sub_02138d64,function,candidate,analysis/functions/summary.json,ARM prologue heuristic only
0x02138da0,sub_02138da0,function,candidate,analysis/functions/summary.json,ARM prologue heuristic only
0x02138f40,sub_02138f40,function,candidate,analysis/functions/summary.json,ARM prologue heuristic only
0x02138f88,sub_02138f88,function,candidate,analysis/functions/summary.json,ARM prologue heuristic only
0x0213908c,sub_0213908c,function,candidate,analysis/functions/summary.json,ARM prologue heuristic only
0x02139120,sub_02139120,function,candidate,analysis/functions/summary.json,ARM prologue heuristic only
0x02139204,sub_02139204,function,candidate,analysis/functions/summary.json,ARM prologue heuristic only
0x02139318,sub_02139318,function,candidate,analysis/functions/summary.json,ARM prologue heuristic only
0x021393c0,sub_021393c0,function,candidate,analysis/functions/summary.json,ARM prologue heuristic only
0x021394c8,sub_021394c8,function,candidate,analysis/functions/summary.json,ARM prologue heuristic only
0x02139530,sub_02139530,function,candidate,analysis/functions/summary.json,ARM prologue heuristic only
0x02139560,sub_02139560,function,candidate,analysis/functions/summary.json,ARM prologue heuristic only
0x02139608,sub_02139608,function,candidate,analysis/functions/summary.json,ARM prologue heuristic only
0x021397ec,sub_021397ec,function,candidate,analysis/functions/summary.json,ARM prologue heuristic only
0x02139890,sub_02139890,function,candidate,analysis/functions/summary.json,ARM prologue heuristic only
0x02139928,sub_02139928,function,candidate,analysis/functions/summary.json,ARM prologue heuristic only
0x02139ac8,sub_02139ac8,function,candidate,analysis/functions/summary.json,ARM prologue heuristic only
0x02139b54,sub_02139b54,function,candidate,analysis/functions/summary.json,ARM prologue heuristic only
0x02139bb4,sub_02139bb4,function,candidate,analysis/functions/summary.json,ARM prologue heuristic only
0x02139ce0,sub_02139ce0,function,candidate,analysis/functions/summary.json,ARM prologue heuristic only
0x02139d4c,sub_02139d4c,function,candidate,analysis/functions/summary.json,ARM prologue heuristic only
0x02139dd4,sub_02139dd4,function,candidate,analysis/functions/summary.json,ARM prologue heuristic only
0x02139de4,sub_02139de4,function,candidate,analysis/functions/summary.json,ARM prologue heuristic only
0x02139ed4,sub_02139ed4,function,candidate,analysis/functions/summary.json,ARM prologue heuristic only
0x02139fac,sub_02139fac,function,candidate,analysis/functions/summary.json,ARM prologue heuristic only
0x02139fc8,sub_02139fc8,function,candidate,analysis/functions/summary.json,ARM prologue heuristic only
0x0213a01c,sub_0213a01c,function,candidate,analysis/functions/summary.json,ARM prologue heuristic only
0x0213a06c,sub_0213a06c,function,candidate,analysis/functions/summary.json,ARM prologue heuristic only
0x0213a12c,sub_0213a12c,function,candidate,analysis/functions/summary.json,ARM prologue heuristic only
0x0213a1b4,sub_0213a1b4,function,candidate,analysis/functions/summary.json,ARM prologue heuristic only
0x0213a284,sub_0213a284,function,candidate,analysis/functions/summary.json,ARM prologue heuristic only
0x0213a2b0,sub_0213a2b0,function,candidate,analysis/functions/summary.json,ARM prologue heuristic only
0x0213a330,sub_0213a330,function,candidate,analysis/functions/summary.json,ARM prologue heuristic only
0x0213a3a0,sub_0213a3a0,function,candidate,analysis/functions/summary.json,ARM prologue heuristic only
0x0213a40c,sub_0213a40c,function,candidate,analysis/functions/summary.json,ARM prologue heuristic only
0x0213a4d0,sub_0213a4d0,function,candidate,analysis/functions/summary.json,ARM prologue heuristic only
0x0213a568,sub_0213a568,function,candidate,analysis/functions/summary.json,ARM prologue heuristic only
0x0213a5d0,sub_0213a5d0,function,candidate,analysis/functions/summary.json,ARM prologue heuristic only
0x0213a64c,sub_0213a64c,function,candidate,analysis/functions/summary.json,ARM prologue heuristic only
0x0213a6d0,sub_0213a6d0,function,candidate,analysis/functions/summary.json,ARM prologue heuristic only
0x0213a724,sub_0213a724,function,candidate,analysis/functions/summary.json,ARM prologue heuristic only
0x0213a81c,sub_0213a81c,function,candidate,analysis/functions/summary.json,ARM prologue heuristic only
0x0213a8c8,sub_0213a8c8,function,candidate,analysis/functions/summary.json,ARM prologue heuristic only
0x0213a928,sub_0213a928,function,candidate,analysis/functions/summary.json,ARM prologue heuristic only
0x0213a9e0,sub_0213a9e0,function,candidate,analysis/functions/summary.json,ARM prologue heuristic only
0x0213ae48,sub_0213ae48,function,candidate,analysis/functions/summary.json,ARM prologue heuristic only
0x0213aee4,sub_0213aee4,function,candidate,analysis/functions/summary.json,ARM prologue heuristic only
0x0213af58,sub_0213af58,function,candidate,analysis/functions/summary.json,ARM prologue heuristic only
0x0213af70,sub_0213af70,function,candidate,analysis/functions/summary.json,ARM prologue heuristic only
0x0213af90,sub_0213af90,function,candidate,analysis/functions/summary.json,ARM prologue heuristic only
0x0213afb8,sub_0213afb8,function,candidate,analysis/functions/summary.json,ARM prologue heuristic only
0x0213b008,sub_0213b008,function,candidate,analysis/functions/summary.json,ARM prologue heuristic only
0x0213b024,sub_0213b024,function,candidate,analysis/functions/summary.json,ARM prologue heuristic only
0x0213b040,sub_0213b040,function,candidate,analysis/functions/summary.json,ARM prologue heuristic only
0x0213b068,sub_0213b068,function,candidate,analysis/functions/summary.json,ARM prologue heuristic only
0x0213b090,sub_0213b090,function,candidate,analysis/functions/summary.json,ARM prologue heuristic only
0x0213b0f4,sub_0213b0f4,function,candidate,analysis/functions/summary.json,ARM prologue heuristic only
0x0213b134,sub_0213b134,function,candidate,analysis/functions/summary.json,ARM prologue heuristic only
0x0213b154,sub_0213b154,function,candidate,analysis/functions/summary.json,ARM prologue heuristic only
0x0213b174,sub_0213b174,function,candidate,analysis/functions/summary.json,ARM prologue heuristic only
0x0213b19c,sub_0213b19c,function,candidate,analysis/functions/summary.json,ARM prologue heuristic only
0x0213b1bc,sub_0213b1bc,function,candidate,analysis/functions/summary.json,ARM prologue heuristic only
0x0213b208,sub_0213b208,function,candidate,analysis/functions/summary.json,ARM prologue heuristic only
0x0213b228,sub_0213b228,function,candidate,analysis/functions/summary.json,ARM prologue heuristic only
0x0213b248,sub_0213b248,function,candidate,analysis/functions/summary.json,ARM prologue heuristic only
0x0213b268,sub_0213b268,function,candidate,analysis/functions/summary.json,ARM prologue heuristic only
0x0213b288,sub_0213b288,function,candidate,analysis/functions/summary.json,ARM prologue heuristic only
0x0213b2b0,sub_0213b2b0,function,candidate,analysis/functions/summary.json,ARM prologue heuristic only
0x0213b2d8,sub_0213b2d8,function,candidate,analysis/functions/summary.json,ARM prologue heuristic only
0x0213b300,sub_0213b300,function,candidate,analysis/functions/summary.json,ARM prologue heuristic only
0x0213b344,sub_0213b344,function,candidate,analysis/functions/summary.json,ARM prologue heuristic only
0x0213b3a4,sub_0213b3a4,function,candidate,analysis/functions/summary.json,ARM prologue heuristic only
0x0213b478,sub_0213b478,function,candidate,analysis/functions/summary.json,ARM prologue heuristic only
0x0213b588,sub_0213b588,function,candidate,analysis/functions/summary.json,ARM prologue heuristic only
0x0213b610,sub_0213b610,function,candidate,analysis/functions/summary.json,ARM prologue heuristic only
0x0213b648,sub_0213b648,function,candidate,analysis/functions/summary.json,ARM prologue heuristic only
0x0213b804,sub_0213b804,function,candidate,analysis/functions/summary.json,ARM prologue heuristic only
0x0213b870,sub_0213b870,function,candidate,analysis/functions/summary.json,ARM prologue heuristic only
0x0213b89c,sub_0213b89c,function,candidate,analysis/functions/summary.json,ARM prologue heuristic only
0x0213b8ec,sub_0213b8ec,function,candidate,analysis/functions/summary.json,ARM prologue heuristic only
0x0213b928,sub_0213b928,function,candidate,analysis/functions/summary.json,ARM prologue heuristic only
0x0213b964,sub_0213b964,function,candidate,analysis/functions/summary.json,ARM prologue heuristic only
0x0213b980,sub_0213b980,function,candidate,analysis/functions/summary.json,ARM prologue heuristic only
0x0213b9a4,sub_0213b9a4,function,candidate,analysis/functions/summary.json,ARM prologue heuristic only
0x0213ba04,sub_0213ba04,function,candidate,analysis/functions/summary.json,ARM prologue heuristic only
0x0213ba2c,sub_0213ba2c,function,candidate,analysis/functions/summary.json,ARM prologue heuristic only
0x0213ba74,sub_0213ba74,function,candidate,analysis/functions/summary.json,ARM prologue heuristic only
0x0213bb34,sub_0213bb34,function,candidate,analysis/functions/summary.json,ARM prologue heuristic only
0x0213bb78,sub_0213bb78,function,candidate,analysis/functions/summary.json,ARM prologue heuristic only
0x0213bba4,sub_0213bba4,function,candidate,analysis/functions/summary.json,ARM prologue heuristic only
0x0213bbcc,sub_0213bbcc,function,candidate,analysis/functions/summary.json,ARM prologue heuristic only
0x0213bcb8,sub_0213bcb8,function,candidate,analysis/functions/summary.json,ARM prologue heuristic only
0x0213bd84,sub_0213bd84,function,candidate,analysis/functions/summary.json,ARM prologue heuristic only
0x0213be1c,sub_0213be1c,function,candidate,analysis/functions/summary.json,ARM prologue heuristic only
0x0213be84,sub_0213be84,function,candidate,analysis/functions/summary.json,ARM prologue heuristic only
0x0213c03c,sub_0213c03c,function,candidate,analysis/functions/summary.json,ARM prologue heuristic only
0x0213c070,sub_0213c070,function,candidate,analysis/functions/summary.json,ARM prologue heuristic only
0x0213c0b8,sub_0213c0b8,function,candidate,analysis/functions/summary.json,ARM prologue heuristic only
0x0213c1b8,sub_0213c1b8,function,candidate,analysis/functions/summary.json,ARM prologue heuristic only
0x0213c228,sub_0213c228,function,candidate,analysis/functions/summary.json,ARM prologue heuristic only
0x0213c2b0,sub_0213c2b0,function,candidate,analysis/functions/summary.json,ARM prologue heuristic only
0x0213c3c8,sub_0213c3c8,function,candidate,analysis/functions/summary.json,ARM prologue heuristic only
0x0213c424,sub_0213c424,function,candidate,analysis/functions/summary.json,ARM prologue heuristic only
0x0213c5b4,sub_0213c5b4,function,candidate,analysis/functions/summary.json,ARM prologue heuristic only
0x0213c604,sub_0213c604,function,candidate,analysis/functions/summary.json,ARM prologue heuristic only
0x0213c6f8,sub_0213c6f8,function,candidate,analysis/functions/summary.json,ARM prologue heuristic only
0x0213c724,sub_0213c724,function,candidate,analysis/functions/summary.json,ARM prologue heuristic only
0x0213c750,sub_0213c750,function,candidate,analysis/functions/summary.json,ARM prologue heuristic only
0x0213c7e8,sub_0213c7e8,function,candidate,analysis/functions/summary.json,ARM prologue heuristic only
0x0213c914,sub_0213c914,function,candidate,analysis/functions/summary.json,ARM prologue heuristic only
0x0213caf8,sub_0213caf8,function,candidate,analysis/functions/summary.json,ARM prologue heuristic only
0x0213cea4,sub_0213cea4,function,candidate,analysis/functions/summary.json,ARM prologue heuristic only
0x0213cf54,sub_0213cf54,function,candidate,analysis/functions/summary.json,ARM prologue heuristic only
0x0213cfac,sub_0213cfac,function,candidate,analysis/functions/summary.json,ARM prologue heuristic only
0x0213cfc8,sub_0213cfc8,function,candidate,analysis/functions/summary.json,ARM prologue heuristic only
0x0213cfe8,sub_0213cfe8,function,candidate,analysis/functions/summary.json,ARM prologue heuristic only
0x0213d000,sub_0213d000,function,candidate,analysis/functions/summary.json,ARM prologue heuristic only
0x0213d214,sub_0213d214,function,candidate,analysis/functions/summary.json,ARM prologue heuristic only
0x0213d2a8,sub_0213d2a8,function,candidate,analysis/functions/summary.json,ARM prologue heuristic only
0x0213d2ec,sub_0213d2ec,function,candidate,analysis/functions/summary.json,ARM prologue heuristic only
0x0213d490,sub_0213d490,function,candidate,analysis/functions/summary.json,ARM prologue heuristic only
0x0213d4d8,sub_0213d4d8,function,candidate,analysis/functions/summary.json,ARM prologue heuristic only
0x0213d504,sub_0213d504,function,candidate,analysis/functions/summary.json,ARM prologue heuristic only
0x0213d544,sub_0213d544,function,candidate,analysis/functions/summary.json,ARM prologue heuristic only
0x0213d5f8,sub_0213d5f8,function,candidate,analysis/functions/summary.json,ARM prologue heuristic only
0x0213d6ec,sub_0213d6ec,function,candidate,analysis/functions/summary.json,ARM prologue heuristic only
0x0213d7ac,sub_0213d7ac,function,candidate,analysis/functions/summary.json,ARM prologue heuristic only
0x0213d8d0,sub_0213d8d0,function,candidate,analysis/functions/summary.json,ARM prologue heuristic only
0x0213d95c,sub_0213d95c,function,candidate,analysis/functions/summary.json,ARM prologue heuristic only
0x0213d9f8,sub_0213d9f8,function,candidate,analysis/functions/summary.json,ARM prologue heuristic only
0x0213da88,sub_0213da88,function,candidate,analysis/functions/summary.json,ARM prologue heuristic only
0x0213db0c,sub_0213db0c,function,candidate,analysis/functions/summary.json,ARM prologue heuristic only
0x0213db34,sub_0213db34,function,candidate,analysis/functions/summary.json,ARM prologue heuristic only
0x0213dbb0,sub_0213dbb0,function,candidate,analysis/functions/summary.json,ARM prologue heuristic only
0x0213dcf4,sub_0213dcf4,function,candidate,analysis/functions/summary.json,ARM prologue heuristic only
0x0213dd70,sub_0213dd70,function,candidate,analysis/functions/summary.json,ARM prologue heuristic only
0x0213ddec,sub_0213ddec,function,candidate,analysis/functions/summary.json,ARM prologue heuristic only
0x0213de2c,sub_0213de2c,function,candidate,analysis/functions/summary.json,ARM prologue heuristic only
0x0213de78,sub_0213de78,function,candidate,analysis/functions/summary.json,ARM prologue heuristic only
0x0213dee4,sub_0213dee4,function,candidate,analysis/functions/summary.json,ARM prologue heuristic only
0x0213df2c,sub_0213df2c,function,candidate,analysis/functions/summary.json,ARM prologue heuristic only
0x0213df94,sub_0213df94,function,candidate,analysis/functions/summary.json,ARM prologue heuristic only
0x0213dfb8,sub_0213dfb8,function,candidate,analysis/functions/summary.json,ARM prologue heuristic only
0x0213e078,sub_0213e078,function,candidate,analysis/functions/summary.json,ARM prologue heuristic only
0x0213e14c,sub_0213e14c,function,candidate,analysis/functions/summary.json,ARM prologue heuristic only
0x0213e1b0,sub_0213e1b0,function,candidate,analysis/functions/summary.json,ARM prologue heuristic only
0x0213e1ec,sub_0213e1ec,function,candidate,analysis/functions/summary.json,ARM prologue heuristic only
0x0213e25c,sub_0213e25c,function,candidate,analysis/functions/summary.json,ARM prologue heuristic only
0x0213e2d0,sub_0213e2d0,function,candidate,analysis/functions/summary.json,ARM prologue heuristic only
0x0213e34c,sub_0213e34c,function,candidate,analysis/functions/summary.json,ARM prologue heuristic only
0x0213e4d0,sub_0213e4d0,function,candidate,analysis/functions/summary.json,ARM prologue heuristic only
0x0213e534,sub_0213e534,function,candidate,analysis/functions/summary.json,ARM prologue heuristic only
0x0213e62c,sub_0213e62c,function,candidate,analysis/functions/summary.json,ARM prologue heuristic only
0x0213e728,sub_0213e728,function,candidate,analysis/functions/summary.json,ARM prologue heuristic only
0x0213e7b8,sub_0213e7b8,function,candidate,analysis/functions/summary.json,ARM prologue heuristic only
0x0213e84c,sub_0213e84c,function,candidate,analysis/functions/summary.json,ARM prologue heuristic only
0x0213e940,sub_0213e940,function,candidate,analysis/functions/summary.json,ARM prologue heuristic only
0x0213ea30,sub_0213ea30,function,candidate,analysis/functions/summary.json,ARM prologue heuristic only
0x0213eb20,sub_0213eb20,function,candidate,analysis/functions/summary.json,ARM prologue heuristic only
0x0213ebe8,sub_0213ebe8,function,candidate,analysis/functions/summary.json,ARM prologue heuristic only
0x0213eca0,sub_0213eca0,function,candidate,analysis/functions/summary.json,ARM prologue heuristic only
0x0213f0a4,sub_0213f0a4,function,candidate,analysis/functions/summary.json,ARM prologue heuristic only
0x0213f1fc,sub_0213f1fc,function,candidate,analysis/functions/summary.json,ARM prologue heuristic only
0x0213f3f4,sub_0213f3f4,function,candidate,analysis/functions/summary.json,ARM prologue heuristic only
0x0213f488,sub_0213f488,function,candidate,analysis/functions/summary.json,ARM prologue heuristic only
0x0213f654,sub_0213f654,function,candidate,analysis/functions/summary.json,ARM prologue heuristic only
0x0213f950,sub_0213f950,function,candidate,analysis/functions/summary.json,ARM prologue heuristic only
0x0213fbd0,sub_0213fbd0,function,candidate,analysis/functions/summary.json,ARM prologue heuristic only
0x0213fc48,sub_0213fc48,function,candidate,analysis/functions/summary.json,ARM prologue heuristic only
0x0213fcdc,sub_0213fcdc,function,candidate,analysis/functions/summary.json,ARM prologue heuristic only
0x0213fe04,sub_0213fe04,function,candidate,analysis/functions/summary.json,ARM prologue heuristic only
0x0213fe98,sub_0213fe98,function,candidate,analysis/functions/summary.json,ARM prologue heuristic only
0x0213fee8,sub_0213fee8,function,candidate,analysis/functions/summary.json,ARM prologue heuristic only
0x0213ffe8,sub_0213ffe8,function,candidate,analysis/functions/summary.json,ARM prologue heuristic only
0x02140090,sub_02140090,function,candidate,analysis/functions/summary.json,ARM prologue heuristic only
0x0214027c,sub_0214027c,function,candidate,analysis/functions/summary.json,ARM prologue heuristic only
0x021403cc,sub_021403cc,function,candidate,analysis/functions/summary.json,ARM prologue heuristic only
0x02140408,sub_02140408,function,candidate,analysis/functions/summary.json,ARM prologue heuristic only
0x02140450,sub_02140450,function,candidate,analysis/functions/summary.json,ARM prologue heuristic only
0x02140490,sub_02140490,function,candidate,analysis/functions/summary.json,ARM prologue heuristic only
0x02140534,sub_02140534,function,candidate,analysis/functions/summary.json,ARM prologue heuristic only
0x021405fc,sub_021405fc,function,candidate,analysis/functions/summary.json,ARM prologue heuristic only
0x02140690,sub_02140690,function,candidate,analysis/functions/summary.json,ARM prologue heuristic only
0x021406f0,sub_021406f0,function,candidate,analysis/functions/summary.json,ARM prologue heuristic only
0x0214075c,sub_0214075c,function,candidate,analysis/functions/summary.json,ARM prologue heuristic only
0x02140784,sub_02140784,function,candidate,analysis/functions/summary.json,ARM prologue heuristic only
0x021407d8,sub_021407d8,function,candidate,analysis/functions/summary.json,ARM prologue heuristic only
0x02140800,sub_02140800,function,candidate,analysis/functions/summary.json,ARM prologue heuristic only
0x0214087c,sub_0214087c,function,candidate,analysis/functions/summary.json,ARM prologue heuristic only
0x021408a4,sub_021408a4,function,candidate,analysis/functions/summary.json,ARM prologue heuristic only
0x02140950,sub_02140950,function,candidate,analysis/functions/summary.json,ARM prologue heuristic only
0x02140978,sub_02140978,function,candidate,analysis/functions/summary.json,ARM prologue heuristic only
0x021409d4,sub_021409d4,function,candidate,analysis/functions/summary.json,ARM prologue heuristic only
0x02140a00,sub_02140a00,function,candidate,analysis/functions/summary.json,ARM prologue heuristic only
0x02140c30,sub_02140c30,function,candidate,analysis/functions/summary.json,ARM prologue heuristic only
0x02140d40,sub_02140d40,function,candidate,analysis/functions/summary.json,ARM prologue heuristic only
0x02140d88,sub_02140d88,function,candidate,analysis/functions/summary.json,ARM prologue heuristic only
0x02140db0,sub_02140db0,function,candidate,analysis/functions/summary.json,ARM prologue heuristic only
0x02140df8,sub_02140df8,function,candidate,analysis/functions/summary.json,ARM prologue heuristic only
0x02140ec8,sub_02140ec8,function,candidate,analysis/functions/summary.json,ARM prologue heuristic only
0x02140f50,sub_02140f50,function,candidate,analysis/functions/summary.json,ARM prologue heuristic only
0x02140fbc,sub_02140fbc,function,candidate,analysis/functions/summary.json,ARM prologue heuristic only
0x0214102c,sub_0214102c,function,candidate,analysis/functions/summary.json,ARM prologue heuristic only
0x02141064,sub_02141064,function,candidate,analysis/functions/summary.json,ARM prologue heuristic only
0x021410d8,sub_021410d8,function,candidate,analysis/functions/summary.json,ARM prologue heuristic only
0x02141110,sub_02141110,function,candidate,analysis/functions/summary.json,ARM prologue heuristic only
0x0214118c,sub_0214118c,function,candidate,analysis/functions/summary.json,ARM prologue heuristic only
0x021411c4,sub_021411c4,function,candidate,analysis/functions/summary.json,ARM prologue heuristic only
0x02141714,sub_02141714,function,candidate,analysis/functions/summary.json,ARM prologue heuristic only
0x021417ec,sub_021417ec,function,candidate,analysis/functions/summary.json,ARM prologue heuristic only
0x021418c0,sub_021418c0,function,candidate,analysis/functions/summary.json,ARM prologue heuristic only
0x02141924,sub_02141924,function,candidate,analysis/functions/summary.json,ARM prologue heuristic only
0x02141a24,sub_02141a24,function,candidate,analysis/functions/summary.json,ARM prologue heuristic only
0x02141aa4,sub_02141aa4,function,candidate,analysis/functions/summary.json,ARM prologue heuristic only
0x02141b30,sub_02141b30,function,candidate,analysis/functions/summary.json,ARM prologue heuristic only
0x02141bec,sub_02141bec,function,candidate,analysis/functions/summary.json,ARM prologue heuristic only
0x02141c28,sub_02141c28,function,candidate,analysis/functions/summary.json,ARM prologue heuristic only
0x02141cac,sub_02141cac,function,candidate,analysis/functions/summary.json,ARM prologue heuristic only
0x02141d38,sub_02141d38,function,candidate,analysis/functions/summary.json,ARM prologue heuristic only
0x02141e58,sub_02141e58,function,candidate,analysis/functions/summary.json,ARM prologue heuristic only
0x02141e80,sub_02141e80,function,candidate,analysis/functions/summary.json,ARM prologue heuristic only
0x02141efc,sub_02141efc,function,candidate,analysis/functions/summary.json,ARM prologue heuristic only
0x02141f18,sub_02141f18,function,candidate,analysis/functions/summary.json,ARM prologue heuristic only
0x02141f44,sub_02141f44,function,candidate,analysis/functions/summary.json,ARM prologue heuristic only
0x02141f6c,sub_02141f6c,function,candidate,analysis/functions/summary.json,ARM prologue heuristic only
0x0214223c,sub_0214223c,function,candidate,analysis/functions/summary.json,ARM prologue heuristic only
0x02142414,sub_02142414,function,candidate,analysis/functions/summary.json,ARM prologue heuristic only
0x0214254c,sub_0214254c,function,candidate,analysis/functions/summary.json,ARM prologue heuristic only
0x0214269c,sub_0214269c,function,candidate,analysis/functions/summary.json,ARM prologue heuristic only
0x02142788,sub_02142788,function,candidate,analysis/functions/summary.json,ARM prologue heuristic only
0x021427dc,sub_021427dc,function,candidate,analysis/functions/summary.json,ARM prologue heuristic only
0x021428ac,sub_021428ac,function,candidate,analysis/functions/summary.json,ARM prologue heuristic only
0x02142a38,sub_02142a38,function,candidate,analysis/functions/summary.json,ARM prologue heuristic only
0x02142b28,sub_02142b28,function,candidate,analysis/functions/summary.json,ARM prologue heuristic only
0x02142b84,sub_02142b84,function,candidate,analysis/functions/summary.json,ARM prologue heuristic only
0x02142c1c,sub_02142c1c,function,candidate,analysis/functions/summary.json,ARM prologue heuristic only
0x02142d14,sub_02142d14,function,candidate,analysis/functions/summary.json,ARM prologue heuristic only
0x02142d90,sub_02142d90,function,candidate,analysis/functions/summary.json,ARM prologue heuristic only
0x02142dc4,sub_02142dc4,function,candidate,analysis/functions/summary.json,ARM prologue heuristic only
0x02142e14,sub_02142e14,function,candidate,analysis/functions/summary.json,ARM prologue heuristic only
0x02142f68,sub_02142f68,function,candidate,analysis/functions/summary.json,ARM prologue heuristic only
0x02142f94,sub_02142f94,function,candidate,analysis/functions/summary.json,ARM prologue heuristic only
0x02142ff8,sub_02142ff8,function,candidate,analysis/functions/summary.json,ARM prologue heuristic only
0x02143084,sub_02143084,function,candidate,analysis/functions/summary.json,ARM prologue heuristic only
0x021430e4,sub_021430e4,function,candidate,analysis/functions/summary.json,ARM prologue heuristic only
0x02143134,sub_02143134,function,candidate,analysis/functions/summary.json,ARM prologue heuristic only
0x02143160,sub_02143160,function,candidate,analysis/functions/summary.json,ARM prologue heuristic only
0x02143344,sub_02143344,function,candidate,analysis/functions/summary.json,ARM prologue heuristic only
0x021433cc,sub_021433cc,function,candidate,analysis/functions/summary.json,ARM prologue heuristic only
0x02143428,sub_02143428,function,candidate,analysis/functions/summary.json,ARM prologue heuristic only
0x021434d0,sub_021434d0,function,candidate,analysis/functions/summary.json,ARM prologue heuristic only
0x0214356c,sub_0214356c,function,candidate,analysis/functions/summary.json,ARM prologue heuristic only
0x021435b8,sub_021435b8,function,candidate,analysis/functions/summary.json,ARM prologue heuristic only
0x02143648,sub_02143648,function,candidate,analysis/functions/summary.json,ARM prologue heuristic only
0x02143a10,sub_02143a10,function,candidate,analysis/functions/summary.json,ARM prologue heuristic only
0x02143a34,sub_02143a34,function,candidate,analysis/functions/summary.json,ARM prologue heuristic only
0x02143a64,sub_02143a64,function,candidate,analysis/functions/summary.json,ARM prologue heuristic only
0x02143a94,sub_02143a94,function,candidate,analysis/functions/summary.json,ARM prologue heuristic only
0x02143adc,sub_02143adc,function,candidate,analysis/functions/summary.json,ARM prologue heuristic only
0x02143b20,sub_02143b20,function,candidate,analysis/functions/summary.json,ARM prologue heuristic only
0x02143bf8,sub_02143bf8,function,candidate,analysis/functions/summary.json,ARM prologue heuristic only
0x02143c44,sub_02143c44,function,candidate,analysis/functions/summary.json,ARM prologue heuristic only
0x02143cb0,sub_02143cb0,function,candidate,analysis/functions/summary.json,ARM prologue heuristic only
0x02143d74,sub_02143d74,function,candidate,analysis/functions/summary.json,ARM prologue heuristic only
0x02143e58,sub_02143e58,function,candidate,analysis/functions/summary.json,ARM prologue heuristic only
0x02143e78,sub_02143e78,function,candidate,analysis/functions/summary.json,ARM prologue heuristic only
0x02143f08,sub_02143f08,function,candidate,analysis/functions/summary.json,ARM prologue heuristic only
0x02143f98,sub_02143f98,function,candidate,analysis/functions/summary.json,ARM prologue heuristic only
0x0214402c,sub_0214402c,function,candidate,analysis/functions/summary.json,ARM prologue heuristic only
0x021441f8,sub_021441f8,function,candidate,analysis/functions/summary.json,ARM prologue heuristic only
0x02144258,sub_02144258,function,candidate,analysis/functions/summary.json,ARM prologue heuristic only
0x02144298,sub_02144298,function,candidate,analysis/functions/summary.json,ARM prologue heuristic only
0x021442d8,sub_021442d8,function,candidate,analysis/functions/summary.json,ARM prologue heuristic only
0x02144318,sub_02144318,function,candidate,analysis/functions/summary.json,ARM prologue heuristic only
0x02144374,sub_02144374,function,candidate,analysis/functions/summary.json,ARM prologue heuristic only
0x021443ac,sub_021443ac,function,candidate,analysis/functions/summary.json,ARM prologue heuristic only
0x021443ec,sub_021443ec,function,candidate,analysis/functions/summary.json,ARM prologue heuristic only
0x02144518,sub_02144518,function,candidate,analysis/functions/summary.json,ARM prologue heuristic only
0x02144584,sub_02144584,function,candidate,analysis/functions/summary.json,ARM prologue heuristic only
0x021445c4,sub_021445c4,function,candidate,analysis/functions/summary.json,ARM prologue heuristic only
0x021446b0,sub_021446b0,function,candidate,analysis/functions/summary.json,ARM prologue heuristic only
0x02144800,sub_02144800,function,candidate,analysis/functions/summary.json,ARM prologue heuristic only
0x02144840,sub_02144840,function,candidate,analysis/functions/summary.json,ARM prologue heuristic only
0x0214490c,sub_0214490c,function,candidate,analysis/functions/summary.json,ARM prologue heuristic only
0x021449f4,sub_021449f4,function,candidate,analysis/functions/summary.json,ARM prologue heuristic only
0x02144b64,sub_02144b64,function,candidate,analysis/functions/summary.json,ARM prologue heuristic only
0x02144c08,sub_02144c08,function,candidate,analysis/functions/summary.json,ARM prologue heuristic only
0x02144c70,sub_02144c70,function,candidate,analysis/functions/summary.json,ARM prologue heuristic only
0x02144dac,sub_02144dac,function,candidate,analysis/functions/summary.json,ARM prologue heuristic only
0x02144e1c,sub_02144e1c,function,candidate,analysis/functions/summary.json,ARM prologue heuristic only
0x02144ebc,sub_02144ebc,function,candidate,analysis/functions/summary.json,ARM prologue heuristic only
0x02144f88,sub_02144f88,function,candidate,analysis/functions/summary.json,ARM prologue heuristic only
0x02144ff4,sub_02144ff4,function,candidate,analysis/functions/summary.json,ARM prologue heuristic only
0x02145248,sub_02145248,function,candidate,analysis/functions/summary.json,ARM prologue heuristic only
0x02145290,sub_02145290,function,candidate,analysis/functions/summary.json,ARM prologue heuristic only
0x021455d8,sub_021455d8,function,candidate,analysis/functions/summary.json,ARM prologue heuristic only
0x021456b0,sub_021456b0,function,candidate,analysis/functions/summary.json,ARM prologue heuristic only
0x021457dc,sub_021457dc,function,candidate,analysis/functions/summary.json,ARM prologue heuristic only
0x021458d0,sub_021458d0,function,candidate,analysis/functions/summary.json,ARM prologue heuristic only
0x0214599c,sub_0214599c,function,candidate,analysis/functions/summary.json,ARM prologue heuristic only
0x02145af0,sub_02145af0,function,candidate,analysis/functions/summary.json,ARM prologue heuristic only
0x02145b44,sub_02145b44,function,candidate,analysis/functions/summary.json,ARM prologue heuristic only
0x02145b74,sub_02145b74,function,candidate,analysis/functions/summary.json,ARM prologue heuristic only
0x02145b9c,sub_02145b9c,function,candidate,analysis/functions/summary.json,ARM prologue heuristic only
0x02145c10,sub_02145c10,function,candidate,analysis/functions/summary.json,ARM prologue heuristic only
0x02145c8c,sub_02145c8c,function,candidate,analysis/functions/summary.json,ARM prologue heuristic only
0x02145d44,sub_02145d44,function,candidate,analysis/functions/summary.json,ARM prologue heuristic only
0x02145d94,sub_02145d94,function,candidate,analysis/functions/summary.json,ARM prologue heuristic only
0x02145df4,sub_02145df4,function,candidate,analysis/functions/summary.json,ARM prologue heuristic only
0x02145e6c,sub_02145e6c,function,candidate,analysis/functions/summary.json,ARM prologue heuristic only
0x02145eb8,sub_02145eb8,function,candidate,analysis/functions/summary.json,ARM prologue heuristic only
0x02145ee0,sub_02145ee0,function,candidate,analysis/functions/summary.json,ARM prologue heuristic only
0x02145f64,sub_02145f64,function,candidate,analysis/functions/summary.json,ARM prologue heuristic only
0x02145fb8,sub_02145fb8,function,candidate,analysis/functions/summary.json,ARM prologue heuristic only
0x02146098,sub_02146098,function,candidate,analysis/functions/summary.json,ARM prologue heuristic only
0x021460e4,sub_021460e4,function,candidate,analysis/functions/summary.json,ARM prologue heuristic only
0x0214610c,sub_0214610c,function,candidate,analysis/functions/summary.json,ARM prologue heuristic only
0x021465ac,sub_021465ac,function,candidate,analysis/functions/summary.json,ARM prologue heuristic only
0x02146a90,sub_02146a90,function,candidate,analysis/functions/summary.json,ARM prologue heuristic only
0x02146b3c,sub_02146b3c,function,candidate,analysis/functions/summary.json,ARM prologue heuristic only
0x02146b7c,sub_02146b7c,function,candidate,analysis/functions/summary.json,ARM prologue heuristic only
0x02146d14,sub_02146d14,function,candidate,analysis/functions/summary.json,ARM prologue heuristic only
0x02146db4,sub_02146db4,function,candidate,analysis/functions/summary.json,ARM prologue heuristic only
0x02147050,sub_02147050,function,candidate,analysis/functions/summary.json,ARM prologue heuristic only
0x02147278,sub_02147278,function,candidate,analysis/functions/summary.json,ARM prologue heuristic only
0x02147290,sub_02147290,function,candidate,analysis/functions/summary.json,ARM prologue heuristic only
0x02147310,sub_02147310,function,candidate,analysis/functions/summary.json,ARM prologue heuristic only
0x0214776c,sub_0214776c,function,candidate,analysis/functions/summary.json,ARM prologue heuristic only
0x021477e4,sub_021477e4,function,candidate,analysis/functions/summary.json,ARM prologue heuristic only
0x02147a74,sub_02147a74,function,candidate,analysis/functions/summary.json,ARM prologue heuristic only
0x02147ae8,sub_02147ae8,function,candidate,analysis/functions/summary.json,ARM prologue heuristic only
0x02147c60,sub_02147c60,function,candidate,analysis/functions/summary.json,ARM prologue heuristic only
0x02147d2c,sub_02147d2c,function,candidate,analysis/functions/summary.json,ARM prologue heuristic only
0x02147e8c,sub_02147e8c,function,candidate,analysis/functions/summary.json,ARM prologue heuristic only
0x02147f58,sub_02147f58,function,candidate,analysis/functions/summary.json,ARM prologue heuristic only
0x02147fdc,sub_02147fdc,function,candidate,analysis/functions/summary.json,ARM prologue heuristic only
0x021480cc,sub_021480cc,function,candidate,analysis/functions/summary.json,ARM prologue heuristic only
0x0214816c,sub_0214816c,function,candidate,analysis/functions/summary.json,ARM prologue heuristic only
0x02148298,sub_02148298,function,candidate,analysis/functions/summary.json,ARM prologue heuristic only
0x02148324,sub_02148324,function,candidate,analysis/functions/summary.json,ARM prologue heuristic only
0x02148418,sub_02148418,function,candidate,analysis/functions/summary.json,ARM prologue heuristic only
0x021485ac,sub_021485ac,function,candidate,analysis/functions/summary.json,ARM prologue heuristic only
0x02148818,sub_02148818,function,candidate,analysis/functions/summary.json,ARM prologue heuristic only
0x021488e8,sub_021488e8,function,candidate,analysis/functions/summary.json,ARM prologue heuristic only
0x02148938,sub_02148938,function,candidate,analysis/functions/summary.json,ARM prologue heuristic only
0x0214897c,sub_0214897c,function,candidate,analysis/functions/summary.json,ARM prologue heuristic only
0x02149130,sub_02149130,function,candidate,analysis/functions/summary.json,ARM prologue heuristic only
0x021491a0,sub_021491a0,function,candidate,analysis/functions/summary.json,ARM prologue heuristic only
0x021499cc,sub_021499cc,function,candidate,analysis/functions/summary.json,ARM prologue heuristic only
0x02149a34,sub_02149a34,function,candidate,analysis/functions/summary.json,ARM prologue heuristic only
0x02149c88,sub_02149c88,function,candidate,analysis/functions/summary.json,ARM prologue heuristic only
0x02149d20,sub_02149d20,function,candidate,analysis/functions/summary.json,ARM prologue heuristic only
0x02149df4,sub_02149df4,function,candidate,analysis/functions/summary.json,ARM prologue heuristic only
0x02149ffc,sub_02149ffc,function,candidate,analysis/functions/summary.json,ARM prologue heuristic only
0x0214a040,sub_0214a040,function,candidate,analysis/functions/summary.json,ARM prologue heuristic only
0x0214a0d4,sub_0214a0d4,function,candidate,analysis/functions/summary.json,ARM prologue heuristic only
0x0214a110,sub_0214a110,function,candidate,analysis/functions/summary.json,ARM prologue heuristic only
0x0214a2ac,sub_0214a2ac,function,candidate,analysis/functions/summary.json,ARM prologue heuristic only
0x0214a2f8,sub_0214a2f8,function,candidate,analysis/functions/summary.json,ARM prologue heuristic only
0x0214a480,sub_0214a480,function,candidate,analysis/functions/summary.json,ARM prologue heuristic only
0x0214a4cc,sub_0214a4cc,function,candidate,analysis/functions/summary.json,ARM prologue heuristic only
0x0214a534,sub_0214a534,function,candidate,analysis/functions/summary.json,ARM prologue heuristic only
0x0214a5cc,sub_0214a5cc,function,candidate,analysis/functions/summary.json,ARM prologue heuristic only
0x0214a6e4,sub_0214a6e4,function,candidate,analysis/functions/summary.json,ARM prologue heuristic only
0x0214a7ac,sub_0214a7ac,function,candidate,analysis/functions/summary.json,ARM prologue heuristic only
0x0214a910,sub_0214a910,function,candidate,analysis/functions/summary.json,ARM prologue heuristic only
0x0214a958,sub_0214a958,function,candidate,analysis/functions/summary.json,ARM prologue heuristic only
0x0214a9a8,sub_0214a9a8,function,candidate,analysis/functions/summary.json,ARM prologue heuristic only
0x0214aa70,sub_0214aa70,function,candidate,analysis/functions/summary.json,ARM prologue heuristic only
0x0214ab8c,sub_0214ab8c,function,candidate,analysis/functions/summary.json,ARM prologue heuristic only
0x0214ac6c,sub_0214ac6c,function,candidate,analysis/functions/summary.json,ARM prologue heuristic only
0x0214aca4,sub_0214aca4,function,candidate,analysis/functions/summary.json,ARM prologue heuristic only
0x0214ace4,sub_0214ace4,function,candidate,analysis/functions/summary.json,ARM prologue heuristic only
0x0214ae6c,sub_0214ae6c,function,candidate,analysis/functions/summary.json,ARM prologue heuristic only
0x0214aec8,sub_0214aec8,function,candidate,analysis/functions/summary.json,ARM prologue heuristic only
0x0214aeec,sub_0214aeec,function,candidate,analysis/functions/summary.json,ARM prologue heuristic only
0x0214af3c,sub_0214af3c,function,candidate,analysis/functions/summary.json,ARM prologue heuristic only
0x0214af84,sub_0214af84,function,candidate,analysis/functions/summary.json,ARM prologue heuristic only
0x0214b038,sub_0214b038,function,candidate,analysis/functions/summary.json,ARM prologue heuristic only
0x0214b22c,sub_0214b22c,function,candidate,analysis/functions/summary.json,ARM prologue heuristic only
0x0214b258,sub_0214b258,function,candidate,analysis/functions/summary.json,ARM prologue heuristic only
0x0214b2b4,sub_0214b2b4,function,candidate,analysis/functions/summary.json,ARM prologue heuristic only
0x0214b2dc,sub_0214b2dc,function,candidate,analysis/functions/summary.json,ARM prologue heuristic only
0x0214b37c,sub_0214b37c,function,candidate,analysis/functions/summary.json,ARM prologue heuristic only
0x0214b4b0,sub_0214b4b0,function,candidate,analysis/functions/summary.json,ARM prologue heuristic only
0x0214b4f0,sub_0214b4f0,function,candidate,analysis/functions/summary.json,ARM prologue heuristic only
0x0214b528,sub_0214b528,function,candidate,analysis/functions/summary.json,ARM prologue heuristic only
0x0214b56c,sub_0214b56c,function,candidate,analysis/functions/summary.json,ARM prologue heuristic only
0x0214b5ac,sub_0214b5ac,function,candidate,analysis/functions/summary.json,ARM prologue heuristic only
0x0214b5ec,sub_0214b5ec,function,candidate,analysis/functions/summary.json,ARM prologue heuristic only
0x0214b628,sub_0214b628,function,candidate,analysis/functions/summary.json,ARM prologue heuristic only
0x0214b650,sub_0214b650,function,candidate,analysis/functions/summary.json,ARM prologue heuristic only
0x0214b678,sub_0214b678,function,candidate,analysis/functions/summary.json,ARM prologue heuristic only
0x0214b6a4,sub_0214b6a4,function,candidate,analysis/functions/summary.json,ARM prologue heuristic only
0x0214b73c,sub_0214b73c,function,candidate,analysis/functions/summary.json,ARM prologue heuristic only
0x0214b7f4,sub_0214b7f4,function,candidate,analysis/functions/summary.json,ARM prologue heuristic only
0x0214b848,sub_0214b848,function,candidate,analysis/functions/summary.json,ARM prologue heuristic only
0x0214b8a0,sub_0214b8a0,function,candidate,analysis/functions/summary.json,ARM prologue heuristic only
0x0214c11c,sub_0214c11c,function,candidate,analysis/functions/summary.json,ARM prologue heuristic only
0x0214c140,sub_0214c140,function,candidate,analysis/functions/summary.json,ARM prologue heuristic only
0x0214c18c,sub_0214c18c,function,candidate,analysis/functions/summary.json,ARM prologue heuristic only
0x0214c2cc,sub_0214c2cc,function,candidate,analysis/functions/summary.json,ARM prologue heuristic only
0x0214c34c,sub_0214c34c,function,candidate,analysis/functions/summary.json,ARM prologue heuristic only
0x0214c3bc,sub_0214c3bc,function,candidate,analysis/functions/summary.json,ARM prologue heuristic only
0x0214c444,sub_0214c444,function,candidate,analysis/functions/summary.json,ARM prologue heuristic only
0x0214c6f4,sub_0214c6f4,function,candidate,analysis/functions/summary.json,ARM prologue heuristic only
0x0214c7dc,sub_0214c7dc,function,candidate,analysis/functions/summary.json,ARM prologue heuristic only
0x0214c864,sub_0214c864,function,candidate,analysis/functions/summary.json,ARM prologue heuristic only
0x0214c8a8,sub_0214c8a8,function,candidate,analysis/functions/summary.json,ARM prologue heuristic only
0x0214c924,sub_0214c924,function,candidate,analysis/functions/summary.json,ARM prologue heuristic only
0x0214c98c,sub_0214c98c,function,candidate,analysis/functions/summary.json,ARM prologue heuristic only
0x0214c9a8,sub_0214c9a8,function,candidate,analysis/functions/summary.json,ARM prologue heuristic only
0x0214ca30,sub_0214ca30,function,candidate,analysis/functions/summary.json,ARM prologue heuristic only
0x0214cb14,sub_0214cb14,function,candidate,analysis/functions/summary.json,ARM prologue heuristic only
0x0214cc70,sub_0214cc70,function,candidate,analysis/functions/summary.json,ARM prologue heuristic only
0x0214d204,sub_0214d204,function,candidate,analysis/functions/summary.json,ARM prologue heuristic only
0x0214d450,sub_0214d450,function,candidate,analysis/functions/summary.json,ARM prologue heuristic only
0x0214d74c,sub_0214d74c,function,candidate,analysis/functions/summary.json,ARM prologue heuristic only
0x0214dc24,sub_0214dc24,function,candidate,analysis/functions/summary.json,ARM prologue heuristic only
0x0214dd4c,sub_0214dd4c,function,candidate,analysis/functions/summary.json,ARM prologue heuristic only
0x0214e4b0,sub_0214e4b0,function,candidate,analysis/functions/summary.json,ARM prologue heuristic only
0x0214ecd0,sub_0214ecd0,function,candidate,analysis/functions/summary.json,ARM prologue heuristic only
0x0214ecfc,sub_0214ecfc,function,candidate,analysis/functions/summary.json,ARM prologue heuristic only
0x0214ed44,sub_0214ed44,function,candidate,analysis/functions/summary.json,ARM prologue heuristic only
0x0214ee58,sub_0214ee58,function,candidate,analysis/functions/summary.json,ARM prologue heuristic only
0x0214eedc,sub_0214eedc,function,candidate,analysis/functions/summary.json,ARM prologue heuristic only
0x0214ef04,sub_0214ef04,function,candidate,analysis/functions/summary.json,ARM prologue heuristic only
0x0214ef2c,sub_0214ef2c,function,candidate,analysis/functions/summary.json,ARM prologue heuristic only
0x0214f0d4,sub_0214f0d4,function,candidate,analysis/functions/summary.json,ARM prologue heuristic only
0x0214f5cc,sub_0214f5cc,function,candidate,analysis/functions/summary.json,ARM prologue heuristic only
0x021503fc,sub_021503fc,function,candidate,analysis/functions/summary.json,ARM prologue heuristic only
0x02150420,sub_02150420,function,candidate,analysis/functions/summary.json,ARM prologue heuristic only
0x0215056c,sub_0215056c,function,candidate,analysis/functions/summary.json,ARM prologue heuristic only
0x02150634,sub_02150634,function,candidate,analysis/functions/summary.json,ARM prologue heuristic only
0x021506b4,sub_021506b4,function,candidate,analysis/functions/summary.json,ARM prologue heuristic only
0x02150704,sub_02150704,function,candidate,analysis/functions/summary.json,ARM prologue heuristic only
0x021508d0,sub_021508d0,function,candidate,analysis/functions/summary.json,ARM prologue heuristic only
0x02150994,sub_02150994,function,candidate,analysis/functions/summary.json,ARM prologue heuristic only
0x02150a00,sub_02150a00,function,candidate,analysis/functions/summary.json,ARM prologue heuristic only
0x02151c4c,sub_02151c4c,function,candidate,analysis/functions/summary.json,ARM prologue heuristic only
0x02151d3c,sub_02151d3c,function,candidate,analysis/functions/summary.json,ARM prologue heuristic only
0x02152124,sub_02152124,function,candidate,analysis/functions/summary.json,ARM prologue heuristic only
0x02152590,sub_02152590,function,candidate,analysis/functions/summary.json,ARM prologue heuristic only
0x02152628,sub_02152628,function,candidate,analysis/functions/summary.json,ARM prologue heuristic only
0x021527c0,sub_021527c0,function,candidate,analysis/functions/summary.json,ARM prologue heuristic only
0x02152d3c,sub_02152d3c,function,candidate,analysis/functions/summary.json,ARM prologue heuristic only
0x02152f8c,sub_02152f8c,function,candidate,analysis/functions/summary.json,ARM prologue heuristic only
0x0215328c,sub_0215328c,function,candidate,analysis/functions/summary.json,ARM prologue heuristic only
0x02153620,sub_02153620,function,candidate,analysis/functions/summary.json,ARM prologue heuristic only
0x02153748,sub_02153748,function,candidate,analysis/functions/summary.json,ARM prologue heuristic only
0x02153d94,sub_02153d94,function,candidate,analysis/functions/summary.json,ARM prologue heuristic only
0x02154680,sub_02154680,function,candidate,analysis/functions/summary.json,ARM prologue heuristic only
0x021546c4,sub_021546c4,function,candidate,analysis/functions/summary.json,ARM prologue heuristic only
0x021546e8,sub_021546e8,function,candidate,analysis/functions/summary.json,ARM prologue heuristic only
0x021547c8,sub_021547c8,function,candidate,analysis/functions/summary.json,ARM prologue heuristic only
0x02154834,sub_02154834,function,candidate,analysis/functions/summary.json,ARM prologue heuristic only
0x02155a04,sub_02155a04,function,candidate,analysis/functions/summary.json,ARM prologue heuristic only
0x02155ac0,sub_02155ac0,function,candidate,analysis/functions/summary.json,ARM prologue heuristic only
0x02155dd0,sub_02155dd0,function,candidate,analysis/functions/summary.json,ARM prologue heuristic only
0x02155e10,sub_02155e10,function,candidate,analysis/functions/summary.json,ARM prologue heuristic only
0x02155edc,sub_02155edc,function,candidate,analysis/functions/summary.json,ARM prologue heuristic only
0x02156060,sub_02156060,function,candidate,analysis/functions/summary.json,ARM prologue heuristic only
0x021560fc,sub_021560fc,function,candidate,analysis/functions/summary.json,ARM prologue heuristic only
0x02156480,sub_02156480,function,candidate,analysis/functions/summary.json,ARM prologue heuristic only
0x02156560,sub_02156560,function,candidate,analysis/functions/summary.json,ARM prologue heuristic only
0x02156640,sub_02156640,function,candidate,analysis/functions/summary.json,ARM prologue heuristic only
0x021568e4,sub_021568e4,function,candidate,analysis/functions/summary.json,ARM prologue heuristic only
0x02156a64,sub_02156a64,function,candidate,analysis/functions/summary.json,ARM prologue heuristic only
0x02156b0c,sub_02156b0c,function,candidate,analysis/functions/summary.json,ARM prologue heuristic only
0x02157248,sub_02157248,function,candidate,analysis/functions/summary.json,ARM prologue heuristic only
0x021572b8,sub_021572b8,function,candidate,analysis/functions/summary.json,ARM prologue heuristic only
0x021573b4,sub_021573b4,function,candidate,analysis/functions/summary.json,ARM prologue heuristic only
0x021573e4,sub_021573e4,function,candidate,analysis/functions/summary.json,ARM prologue heuristic only
0x02157410,sub_02157410,function,candidate,analysis/functions/summary.json,ARM prologue heuristic only
0x021579d8,sub_021579d8,function,candidate,analysis/functions/summary.json,ARM prologue heuristic only
0x02157d3c,sub_02157d3c,function,candidate,analysis/functions/summary.json,ARM prologue heuristic only
0x02157ef0,sub_02157ef0,function,candidate,analysis/functions/summary.json,ARM prologue heuristic only
0x02159500,sub_02159500,function,candidate,analysis/functions/summary.json,ARM prologue heuristic only
0x02159510,sub_02159510,function,candidate,analysis/functions/summary.json,ARM prologue heuristic only
0x021596c0,sub_021596c0,function,candidate,analysis/functions/summary.json,ARM prologue heuristic only
0x021596cc,sub_021596cc,function,candidate,analysis/functions/summary.json,ARM prologue heuristic only
0x02159708,sub_02159708,function,candidate,analysis/functions/summary.json,ARM prologue heuristic only
0x02159b30,sub_02159b30,function,candidate,analysis/functions/summary.json,ARM prologue heuristic only
0x0215a0b0,sub_0215a0b0,function,candidate,analysis/functions/summary.json,ARM prologue heuristic only
0x0215a100,sub_0215a100,function,candidate,analysis/functions/summary.json,ARM prologue heuristic only
0x0215a13c,sub_0215a13c,function,candidate,analysis/functions/summary.json,ARM prologue heuristic only
0x0215a1c8,sub_0215a1c8,function,candidate,analysis/functions/summary.json,ARM prologue heuristic only
0x0215a254,sub_0215a254,function,candidate,analysis/functions/summary.json,ARM prologue heuristic only
0x0215a2b8,sub_0215a2b8,function,candidate,analysis/functions/summary.json,ARM prologue heuristic only
0x0215a3dc,sub_0215a3dc,function,candidate,analysis/functions/summary.json,ARM prologue heuristic only
0x0215a764,sub_0215a764,function,candidate,analysis/functions/summary.json,ARM prologue heuristic only
0x0215b014,sub_0215b014,function,candidate,analysis/functions/summary.json,ARM prologue heuristic only
0x0215b168,sub_0215b168,function,candidate,analysis/functions/summary.json,ARM prologue heuristic only
0x0215b1ec,sub_0215b1ec,function,candidate,analysis/functions/summary.json,ARM prologue heuristic only
0x0215b24c,sub_0215b24c,function,candidate,analysis/functions/summary.json,ARM prologue heuristic only
0x0215b428,sub_0215b428,function,candidate,analysis/functions/summary.json,ARM prologue heuristic only
0x0215b484,sub_0215b484,function,candidate,analysis/functions/summary.json,ARM prologue heuristic only
0x0215b570,sub_0215b570,function,candidate,analysis/functions/summary.json,ARM prologue heuristic only
0x0215b598,sub_0215b598,function,candidate,analysis/functions/summary.json,ARM prologue heuristic only
0x0215b5c4,sub_0215b5c4,function,candidate,analysis/functions/summary.json,ARM prologue heuristic only
0x0215b608,sub_0215b608,function,candidate,analysis/functions/summary.json,ARM prologue heuristic only
0x0215b664,sub_0215b664,function,candidate,analysis/functions/summary.json,ARM prologue heuristic only
0x0215b71c,sub_0215b71c,function,candidate,analysis/functions/summary.json,ARM prologue heuristic only
0x0215b7cc,sub_0215b7cc,function,candidate,analysis/functions/summary.json,ARM prologue heuristic only
0x0215b85c,sub_0215b85c,function,candidate,analysis/functions/summary.json,ARM prologue heuristic only
0x0215b8b8,sub_0215b8b8,function,candidate,analysis/functions/summary.json,ARM prologue heuristic only
0x0215b8f0,sub_0215b8f0,function,candidate,analysis/functions/summary.json,ARM prologue heuristic only
0x0215b920,sub_0215b920,function,candidate,analysis/functions/summary.json,ARM prologue heuristic only
0x0215b934,sub_0215b934,function,candidate,analysis/functions/summary.json,ARM prologue heuristic only
0x0215b950,sub_0215b950,function,candidate,analysis/functions/summary.json,ARM prologue heuristic only
0x0215b964,sub_0215b964,function,candidate,analysis/functions/summary.json,ARM prologue heuristic only
0x0215b978,sub_0215b978,function,candidate,analysis/functions/summary.json,ARM prologue heuristic only
0x0215b994,sub_0215b994,function,candidate,analysis/functions/summary.json,ARM prologue heuristic only
0x0215b9a8,sub_0215b9a8,function,candidate,analysis/functions/summary.json,ARM prologue heuristic only
0x0215b9dc,sub_0215b9dc,function,candidate,analysis/functions/summary.json,ARM prologue heuristic only
0x0215ba14,sub_0215ba14,function,candidate,analysis/functions/summary.json,ARM prologue heuristic only
0x0215bbc4,sub_0215bbc4,function,candidate,analysis/functions/summary.json,ARM prologue heuristic only
0x0215bc20,sub_0215bc20,function,candidate,analysis/functions/summary.json,ARM prologue heuristic only
0x0215bce0,sub_0215bce0,function,candidate,analysis/functions/summary.json,ARM prologue heuristic only
0x0215c31c,sub_0215c31c,function,candidate,analysis/functions/summary.json,ARM prologue heuristic only
0x0215c348,sub_0215c348,function,candidate,analysis/functions/summary.json,ARM prologue heuristic only
0x0215cbf8,sub_0215cbf8,function,candidate,analysis/functions/summary.json,ARM prologue heuristic only
0x0215cca8,sub_0215cca8,function,candidate,analysis/functions/summary.json,ARM prologue heuristic only
0x0215ccdc,sub_0215ccdc,function,candidate,analysis/functions/summary.json,ARM prologue heuristic only
0x0215cd14,sub_0215cd14,function,candidate,analysis/functions/summary.json,ARM prologue heuristic only
0x0215cd40,sub_0215cd40,function,candidate,analysis/functions/summary.json,ARM prologue heuristic only
0x0215cd78,sub_0215cd78,function,candidate,analysis/functions/summary.json,ARM prologue heuristic only
0x0215cda4,sub_0215cda4,function,candidate,analysis/functions/summary.json,ARM prologue heuristic only
0x0215cdd0,sub_0215cdd0,function,candidate,analysis/functions/summary.json,ARM prologue heuristic only
0x0215ce14,sub_0215ce14,function,candidate,analysis/functions/summary.json,ARM prologue heuristic only
0x0215d098,sub_0215d098,function,candidate,analysis/functions/summary.json,ARM prologue heuristic only
0x0215d120,sub_0215d120,function,candidate,analysis/functions/summary.json,ARM prologue heuristic only
0x0215d14c,sub_0215d14c,function,candidate,analysis/functions/summary.json,ARM prologue heuristic only
0x0215d194,sub_0215d194,function,candidate,analysis/functions/summary.json,ARM prologue heuristic only
0x0215d1c0,sub_0215d1c0,function,candidate,analysis/functions/summary.json,ARM prologue heuristic only
0x0215d1ec,sub_0215d1ec,function,candidate,analysis/functions/summary.json,ARM prologue heuristic only
0x0215d27c,sub_0215d27c,function,candidate,analysis/functions/summary.json,ARM prologue heuristic only
0x0215d2a8,sub_0215d2a8,function,candidate,analysis/functions/summary.json,ARM prologue heuristic only
0x02190604,sub_02190604,function,candidate,analysis/functions/summary.json,ARM prologue heuristic only
0x02190644,sub_02190644,function,candidate,analysis/functions/summary.json,ARM prologue heuristic only
0x021906d8,sub_021906d8,function,candidate,analysis/functions/summary.json,ARM prologue heuristic only
0x0219fb54,g_relationship_state_0219fb54,global,confirmed,analysis/diplomacy/relationship-matrix.json,symmetric int32[6][6] relationship-state matrix
